TextId,CISI,Region,Site,Type,Symbol,Material,Complete,Direction,Position,TextLength,OccurrenceRole,Before,After,LocalFrame,ReadingTokens,RawText
62.1,C-65,Lower Indus,Chanhu-daro,SEAL:S,Bull1:W,Steatite,N,R/L,5,6,Medial,220,100,220|100,861-002-032-220-240-100,+000-100-240-220-032-002-861+
63.1,C-64,Lower Indus,Chanhu-daro,SEAL:S,Bull1:J,Steatite,N,R/L,1,5,Initial,<START>,705,<START>|705,240-705-033-838-220,]000-220-838-033-705-240+
70.1,C-70,Lower Indus,Chanhu-daro,SEAL:S,Bull1:II,Steatite,Y,R/L,2,6,Medial,235,740,235|740,235-240-740-151-031-032,+032-031/151-740-240-235+
77.1,C-51,Lower Indus,Chanhu-daro,SEAL:S,Bull1:W,Steatite,Y,R/L,1,4,Initial,<START>,100,<START>|100,240-100-740-151,+151-740-100-240+
81.1,C-78,Lower Indus,Chanhu-daro,SEAL:S,,Steatite,Y,R/L,3,5,Medial,002,636,002|636,817-002-240-636-740,+740-636-240/002-817+
95.1,C-7,Lower Indus,Chanhu-daro,SEAL:S,Bull,Steatite,N,R/L,3,6,Medial,798,705,798|705,002-798-240-705-033-520,+520-033-705-240-798-002-000[
97.1,C-9,Lower Indus,Chanhu-daro,SEAL:S,Bull1:J,Steatite,Y,R/L,1,6,Initial,<START>,705,<START>|705,240-705-033-803-233-151,+151-233-803-033-705-240+
99.1,C-11,Lower Indus,Chanhu-daro,SEAL:S,Bull1:I,Steatite,Y,R/L,4,8,Medial,001,232,001|232,920-060-001-240-232-140-615-590,+590-615-140/232-240-001-060-920+
121.2,C-40,Lower Indus,Chanhu-daro,IMPL,,Copper,N,R/L,5,7,Medial,235,835,235|835,066-900-031-235-240-835-740,+740-000-835-240-235-031-900-066+
123.1,Dlp-1,Gujarat/Kutch,Desalpur,SEAL:R,,-,Y,R/L,3,7,Medial,013,233,013|233,817-013-240-233-324-920-740,+740-920-324-233-240-013-817+
149.1,-,Eastern Headwaters,Farmana,SEAL:S,Bull1,Steatite,Y,L/R,2,2,Final,220,<END>,220|<END>,220-240,+240-220+
189.1,H-1399,Inter-Riverine,Harappa,POT:T:g,,Clay,?,R/L,1,4,Initial,<START>,630,<START>|630,240-630-690-740,+740-690-630-240[
190.1,H-1447,Inter-Riverine,Harappa,POT:T:g,,Clay,?,-,1,1,Standalone,<START>,<END>,<START>|<END>,240,+240[
198.1,H-1138,Inter-Riverine,Harappa,TAB:B,,Faience,Y,R/L,3,5,Medial,060,603,060|603,692-060-240-603-740,+740-603-240-060-692+
199.1,H-423,Inter-Riverine,Harappa,SEAL:S,Bull1,Steatite,Y,R/L,4,6,Medial,798,220,798|220,692-060-798-240-220-520,+520-220-240-798-060-692+
217.1,H-294,Inter-Riverine,Harappa,TAB:I,S590,Steatite,Y,R/L,2,4,Medial,220,740,220|740,220-240-740-090,+090-740-240-220+
261.1,H-1052,Inter-Riverine,Harappa,SEAL:S,Bull1,Steatite,Y,R/L,1,3,Initial,<START>,233,<START>|233,240-233-503,+503-233-240+
280.1,-,Inter-Riverine,Harappa,TAB:B,Bull2,Clay,Y,R/L,3,5,Medial,002,904,002|904,817-002-240-904-740,+740-904-240-002-817+
297.1,H-874,Inter-Riverine,Harappa,TAB:B,,Clay,Y,R/L,1,3,Initial,<START>,233,<START>|233,240-233-520,+520-233-240+
316.1,-,Inter-Riverine,Harappa,TAB:B,,Faience,Y,R/L,1,3,Initial,<START>,904,<START>|904,240-904-740,+740-904-240+
398.1,H-1962,Inter-Riverine,Harappa,TAB:B,Gavi,Clay,N,R/L,1,3,Initial,<START>,904,<START>|904,240-904-740,]000-740-904-240+
405.2,H-2192,Inter-Riverine,Harappa,TAB:I,,Steatite,Y,R/L,4,6,Medial,031,630,031|630,171-032-031-240-630-740,+740-630-240-031-032-171+
406.2,H-1895,Inter-Riverine,Harappa,TAB:B,,Faience,Y,L/R,1,4,Initial,<START>,100,<START>|100,240-100-740-400,+400-740-100-240+
410.2,H-1897,Inter-Riverine,Harappa,TAB:B,,Faience,Y,R/L,1,4,Initial,<START>,904,<START>|904,240-904-740-400,+400-740-904-240+
424.2,H-1845,Inter-Riverine,Harappa,TAB:B,,Faience,Y,R/L,3,5,Medial,060,642,060|642,692-060-240-642-740,+740-642-240-060-692+
437.2,H-1912,Inter-Riverine,Harappa,TAB:B,,Faience,Y,L/R,1,2,Initial,<START>,520,<START>|520,240-520,+520-240+
455.1,H-2076,Inter-Riverine,Harappa,TAB:I,,Steatite,Y,L/R,1,3,Initial,<START>,760,<START>|760,240-760-740,+740-760-240+
457.1,H-2086,Inter-Riverine,Harappa,TAB:I,,Steatite,?,R/L,1,3,Initial,<START>,636,<START>|636,240-636-740,+740-636-240[
469.1,H-2077,Inter-Riverine,Harappa,TAB:I,,Steatite,Y,L/R,1,3,Initial,<START>,760,<START>|760,240-760-740,+740-760-240+
485.2,H-1953,Inter-Riverine,Harappa,TAB:B,Zebu,Clay,Y,R/L,2,5,Medial,803,415,803|415,803-240-415-220-520,+520-220-415-240-803+
492.2,H-2244,Inter-Riverine,Harappa,TAB:I,Bult,Steatite,N,R/L,4,4,Final,031,<END>,031|<END>,171-032-031-240,]000-240-031-032-171[
498.2,H-1921,Inter-Riverine,Harappa,TAB:B,,-,N,R/L,1,3,Initial,<START>,233,<START>|233,240-233-740,]000-740-233-240+
512.2,H-1816,Inter-Riverine,Harappa,TAB:B,,-,Y,R/L,1,6,Initial,<START>,705,<START>|705,240-705-033-550-525-400,+400-525-550-033-705-240+
515.2,H-1908,Inter-Riverine,Harappa,TAB:B,,Faience,Y,R/L,1,2,Initial,<START>,520,<START>|520,240-520,+520-240+
569.2,H-1922,Inter-Riverine,Harappa,TAB:B,,Faience,Y,R/L,2,7,Medial,798,233,798|233,798-240-233-320-920-740-400,+400-740-920-320-233-240-798+
574.1,H-2055,Inter-Riverine,Harappa,TAB:I,S590,Steatite,Y,R/L,2,4,Medial,235,740,235|740,235-240-740-090,+090-740-240-235+
601.2,H-2021,Inter-Riverine,Harappa,TAB:B,Phyt,Clay,Y,R/L,2,6,Medial,415,495,415|495,415-240-495-463-752-740,+740-752-463-495-240-415+
635.1,H-1814,Inter-Riverine,Harappa,TAB:B,,Faience,Y,R/L,1,6,Initial,<START>,705,<START>|705,240-705-033-550-525-400,+400-525-550-033-705-240+
639.1,H-2241,Inter-Riverine,Harappa,TAB:I,Bult,Steatite,?,R/L,1,2,Initial,<START>,415,<START>|415,240-415,]415-240+
666.1,H-2054,Inter-Riverine,Harappa,TAB:I,S590,Steatite,Y,R/L,2,4,Medial,235,740,235|740,235-240-740-090,+090-740-240-235+
686.2,H-1846,Inter-Riverine,Harappa,TAB:B,,Faience,Y,R/L,3,5,Medial,060,603,060|603,692-060-240-603-740,+740-603-240-060-692+
691.1,H-2056,Inter-Riverine,Harappa,TAB:I,Fish,Steatite,?,R/L,2,3,Medial,235,740,235|740,235-240-740,+740-240-235[
729.2,H-2010,Inter-Riverine,Harappa,TAB:B,Bull1,Faience,Y,R/L,3,5,Medial,002,482,002|482,861-002-240-482-740,+740-482-240-002-861+
731.1,H-1670,Inter-Riverine,Harappa,SEAL:S,Bull1:J,Steatite,Y,R/L,3,7,Medial,002,033,002|033,824-002-240-033-033-760-740,+740-760-033-033-240-002-824+
743.1,H-1907,Inter-Riverine,Harappa,TAB:B,,Faience,Y,R/L,1,2,Initial,<START>,520,<START>|520,240-520,+520-240+
746.1,H-2200,Inter-Riverine,Harappa,TAB:I,Fish,Steatite,Y,R/L,1,4,Initial,<START>,176,<START>|176,240-176-740-400,+400-740-176-240+
753.2,H-2201,Inter-Riverine,Harappa,TAB:I,Fish,Steatite,Y,L/R,1,4,Initial,<START>,176,<START>|176,240-176-740-400,+400-740-176-240+
799.2,H-2065,Inter-Riverine,Harappa,TAB:I,,Steatite,?,R/L,2,2,Final,590,<END>,590|<END>,590-240,]240-590+
806.2,H-2189,Inter-Riverine,Harappa,TAB:B,,Steatite,Y,R/L,1,4,Initial,<START>,152,<START>|152,240-152-740-400,+400-740-152-240+
826.2,H-2156,Inter-Riverine,Harappa,TAB:I,,Steatite,?,-,1,1,Standalone,<START>,<END>,<START>|<END>,240,]240[
867.1,H-1812,Inter-Riverine,Harappa,TAB:B,,Faience,Y,R/L,1,6,Initial,<START>,705,<START>|705,240-705-033-550-525-400,+400-525-550-033-705-240+
902.1,H-2020,Inter-Riverine,Harappa,TAB:B,Gavi,Clay,Y,R/L,2,4,Medial,235,740,235|740,235-240-740-090,+090-740-240-235+
904.1,H-2019,Inter-Riverine,Harappa,TAB:B,Gavi,Clay,Y,R/L,2,4,Medial,235,740,235|740,235-240-740-090,+090-740-240-235+
916.1,H-1811,Inter-Riverine,Harappa,TAB:B,,Faience,Y,R/L,1,6,Initial,<START>,705,<START>|705,240-705-033-550-525-400,+400-525-550-033-705-240+
920.1,H-1678,Inter-Riverine,Harappa,SEAL:S,Bull1:W,Steatite,Y,R/L,3,5,Medial,220,233,220|233,032-220-240-233-520,+520-233-240-220-032+
934.1,H-1707,Inter-Riverine,Harappa,SEAL:R,,Steatite,N,R/L,1,4,Initial,<START>,838,<START>|838,240-838-760-740,+740-760-838-240-000[
937.2,H-2011,Inter-Riverine,Harappa,TAB:B,Bull1,Clay,Y,R/L,3,5,Medial,002,482,002|482,861-002-240-482-740,+740-482-240-002-861+
939.1,H-1705,Inter-Riverine,Harappa,SEAL:R,,Steatite,Y,R/L,4,7,Medial,798,231,798|231,692-060-798-240-231-904-740,+740-904-231-240-798-060-692+
941.1,H-1721,Inter-Riverine,Harappa,TAG:L,,Clay,Y,-,3,3,Final,370,<END>,370|<END>,861-370-240,+240-370-861+
1003.1,H-1985,Inter-Riverine,Harappa,TAB:B,-,Clay,?,-,1,1,Standalone,<START>,<END>,<START>|<END>,240,]240+
1023.1,H-1793,Inter-Riverine,Harappa,TAB:B,-,Faience,Y,R/L,1,4,Initial,<START>,482,<START>|482,240-482-752-740,+740-752-482-240+
1057.1,H-733,Inter-Riverine,Harappa,TAB:B,Phyt,Faience,Y,R/L,1,4,Initial,<START>,590,<START>|590,240-590-390-740,+740-390-590-240+
1058.1,H-1308,Inter-Riverine,Harappa,TAB:I,,Steatite,Y,L/R,1,4,Initial,<START>,636,<START>|636,240-636-690-740,+740-690-636-240+
1073.1,H-12,Inter-Riverine,Harappa,SEAL:S,Bull1:W,Steatite,Y,R/L,4,10,Medial,235,220,235|220,817-002-235-240-220-803-255-435-690-740,+740-690-435-255-803-220-240-235-002-817+
1075.1,H-14,Inter-Riverine,Harappa,SEAL:S,Bull1:W,Steatite,Y,R/L,4,6,Medial,060,772,060|772,056-415-060-240-772-740,+740-772-240-060-415-056+
1077.1,H-17,Inter-Riverine,Harappa,SEAL:S,Bull1:W,Steatite,Y,R/L,3,5,Medial,060,233,060|233,201-060-240-233-520,+520-233-240-060-201+
1086.1,H-26,Inter-Riverine,Harappa,SEAL:S,Bull1:W,Steatite,Y,R/L,4,7,Medial,798,231,798|231,820-001-798-240-231-388-740,+740-388-231-240-798-001-820+
1091.1,H-31,Inter-Riverine,Harappa,SEAL:S,Bull1:W,Steatite,N,R/L,4,7,Medial,002,415,002|415,374-365-002-240-415-100-740,+740-100-415-240-002-365-374-000+
1094.1,H-35,Inter-Riverine,Harappa,SEAL:S,Bull1:S,-,N,R/L,2,4,Medial,803,220,803|220,803-240-220-679,+679-220-240-803-000[
1098.1,H-39,Inter-Riverine,Harappa,SEAL:S,Bull1:W,Steatite,Y,R/L,5,9,Medial,235,231,235|231,920-060-745-235-240-231-590-390-740,+740-390-590-231-240-235-745-060-920+
1110.1,H-51,Inter-Riverine,Harappa,SEAL:S,Bull1:W,Steatite,Y,R/L,3,5,Medial,002,643,002|643,861-002-240-643-740,+740-643-240-002-861+
1123.1,H-64,Inter-Riverine,Harappa,SEAL:S,Bull1:W,Steatite,Y,R/L,1,4,Initial,<START>,921,<START>|921,240-921-070-520,+520-070-921-240+
1134.1,H-76,Inter-Riverine,Harappa,SEAL:S,Gaur,Steatite,Y,R/L,5,7,Medial,235,100,235|100,132-175-741-235-240-100-740,+740-100-240-235-741-175-132+
1145.1,H-89,Inter-Riverine,Harappa,SEAL:S,Elep,-,Y,R/L,4,5,Medial,741,232,741|232,920-060-741-240-232,+232-240-741-060-920+
1168.2,H-102,Inter-Riverine,Harappa,SEAL:S,Bull1:W,-,Y,R/L,3,5,Medial,741,630,741|630,861-741-240-630-740,+740-630-240-741-861+
1172.1,H-131,Inter-Riverine,Harappa,SEAL:R,,Steatite,N,R/L,8,12,Medial,033,233,033|233,794-575-595-002-055-706-033-240-233-840-032-740,+740-032-840-233-240-033-706-055-002-595-575-794-000+
1189.1,H-148,Inter-Riverine,Harappa,SEAL:R,,Steatite,Y,R/L,2,3,Medial,235,520,235|520,235-240-520,+520-240-235+
1226.1,H-194,Inter-Riverine,Harappa,TAB:B,Phyt,Faience,Y,R/L,1,4,Initial,<START>,590,<START>|590,240-590-390-740,+740-390-590-240+
1230.1,H-199,Inter-Riverine,Harappa,TAB:B,,Faience,Y,R/L,1,4,Initial,<START>,482,<START>|482,240-482-752-740,+740-752-482-240+
1231.1,H-200,Inter-Riverine,Harappa,TAB:B,,Faience,Y,R/L ,1,4,Initial,<START>,482,<START>|482,240-482-752-740,+740-752-482-240+
1232.1,H-201,Inter-Riverine,Harappa,TAB:B,,-,Y,R/L,1,4,Initial,<START>,482,<START>|482,240-482-752-740,+740-752-482-240+
1233.1,H-202,Inter-Riverine,Harappa,TAB:B,,-,?,R/L,1,2,Initial,<START>,482,<START>|482,240-482,+482-240[
1237.1,H-206,Inter-Riverine,Harappa,TAB:B,,-,Y,R/L,4,6,Medial,204,642,204|642,621-705-204-240-642-740,+740-642-240-204-705-621+
1258.1,H-231,Inter-Riverine,Harappa,TAB:B,,Faience,Y,R/L,3,5,Medial,002,220,002|220,820-002-240-220-520,+520-220-240-002-820+
1263.1,H-237,Inter-Riverine,Harappa,TAB:B,,-,Y,L/R,3,5,Medial,060,642,060|642,692-060-240-642-740,+740-642-240-060-692+
1271.1,H-246,Inter-Riverine,Harappa,TAB:B,,-,N,R/L,1,4,Initial,<START>,233,<START>|233,240-233-804-400,+400-804-000-233-240+
1273.1,H-248,Inter-Riverine,Harappa,TAB:B,,Faience,Y,R/L,2,7,Medial,798,233,798|233,798-240-233-320-920-740-400,+400-740-920-320-233-240-798+
1276.1,H-251,Inter-Riverine,Harappa,TAB:B,Gaur,Faience,Y,R/L,1,4,Initial,<START>,100,<START>|100,240-100-740-400,+400-740-100-240+
1277.1,H-252,Inter-Riverine,Harappa,TAB:B,Bull1:I,-,Y,R/L,4,5,Medial,002,520,002|520,501-405-002-240-520,+520-240-002-405-501+
1278.1,H-253,Inter-Riverine,Harappa,TAB:B,Bull1:I,-,Y,R/L,4,5,Medial,002,520,002|520,501-405-002-240-520,+520-240-002-405-501+
1279.1,H-254,Inter-Riverine,Harappa,TAB:B,Bull1:I,-,Y,R/L,4,5,Medial,002,520,002|520,501-405-002-240-520,+520-240-002-405-501+
1280.1,H-255,Inter-Riverine,Harappa,TAB:B,Bull1:I,-,Y,R/L,4,5,Medial,002,520,002|520,501-405-002-240-520,+520-240-002-405-501+
1281.1,H-256,Inter-Riverine,Harappa,TAB:B,Bull1:I,-,Y,R/L,4,5,Medial,002,520,002|520,501-405-002-240-520,+520-240-002-405-501+
1282.1,H-257,Inter-Riverine,Harappa,TAB:B,Bull1:I,-,Y,R/L,4,5,Medial,002,520,002|520,501-405-002-240-520,+520-240-002-405-501+
1283.1,H-258,Inter-Riverine,Harappa,TAB:B,Bull1:I,-,Y,R/L,4,5,Medial,002,520,002|520,501-405-002-240-520,+520-240-002-405-501+
1284.1,H-259,Inter-Riverine,Harappa,TAB:B,Bull1:I,-,Y,R/L,4,5,Medial,002,520,002|520,501-405-002-240-520,+520-240-002-405-501+
1285.1,H-260,Inter-Riverine,Harappa,TAB:B,Bull1,-,Y,R/L,4,5,Medial,002,520,002|520,501-405-002-240-520,+520-240-002-405-501+
1286.1,H-261,Inter-Riverine,Harappa,TAB:B,Bull1:I,Clay,Y,R/L,4,5,Medial,002,520,002|520,501-405-002-240-520,+520-240-002-405-501+
1287.1,H-262,Inter-Riverine,Harappa,TAB:B,Bull1:I,-,Y,R/L,4,5,Medial,002,520,002|520,501-405-002-240-520,+520-240-002-405-501+
1288.1,H-263,Inter-Riverine,Harappa,TAB:B,Bull1:I,-,Y,R/L,4,5,Medial,002,520,002|520,501-405-002-240-520,+520-240-002-405-501+
1289.1,H-264,Inter-Riverine,Harappa,TAB:B,Bull1:I,-,Y,R/L,4,5,Medial,002,520,002|520,501-405-002-240-520,+520-240-002-405-501+
1290.1,H-265,Inter-Riverine,Harappa,TAB:B,Bull1,-,Y,R/L,4,5,Medial,002,520,002|520,501-405-002-240-520,+520-240-002-405-501+
1296.1,H-272,Inter-Riverine,Harappa,SEAL:S,Bull1,Steatite,Y,R/L,5,8,Medial,002,017,002|017,904-032-305-002-240-017-585-740,+740-585-017-240-002-305-032-904+
1297.1,H-273,Inter-Riverine,Harappa,SEAL:S,Bull1,Steatite,N,R/L,3,3,Final,002,<END>,002|<END>,820-002-240,]000-240-002-820+
1298.1,H-276,Inter-Riverine,Harappa,TAB:B,Bull1:I,-,Y,R/L,4,5,Medial,002,520,002|520,501-405-002-240-520,+520-240-002-405-501+
1299.1,H-277,Inter-Riverine,Harappa,TAB:B,Bull1,-,Y,R/L,4,5,Medial,002,520,002|520,501-405-002-240-520,+520-240-002-405-501+
1320.1,H-298,Inter-Riverine,Harappa,TAB:I,,-,Y,R/L,1,4,Initial,<START>,636,<START>|636,240-636-740-400,+400-740-636-240+
1323.2,H-301,Inter-Riverine,Harappa,TAB:I,,Steatite,Y,R/L,4,7,Medial,031,636,031|636,171-032-031-240-636-740-400,+400-740-636-240-031-032-171+
1342.1,H-320,Inter-Riverine,Harappa,TAB:I,,Steatite,N,R/L,1,2,Initial,<START>,520,<START>|520,240-520,+520-240-000+
1343.1,H-321,Inter-Riverine,Harappa,TAB:I,,Steatite,Y,L/R,1,4,Initial,<START>,630,<START>|630,240-630-690-740,+740-690-630-240+
1345.1,H-323,Inter-Riverine,Harappa,TAB:I,,Steatite,Y,R/L,1,3,Initial,<START>,100,<START>|100,240-100-740,+740-100-240+
1369.1,H-350,Inter-Riverine,Harappa,TAB:I,Fish,Steatite,Y,R/L,1,4,Initial,<START>,642,<START>|642,240-642-690-740,+740-690-642-240+
1379.2,H-360,Inter-Riverine,Harappa,TAB:I,Bult,Steatite,Y,R/L,3,5,Medial,060,636,060|636,692-060-240-636-740,+740-636-240-060-692+
1400.1,H-386,Inter-Riverine,Harappa,SEAL:S,Bull1:W,Steatite,Y,R/L,5,9,Medial,415,055,415|055,201-060-798-415-240-055-740-555-527,+527-555-740-055-240-415-798-060-201+
1413.1,H-408,Inter-Riverine,Harappa,SEAL:S,Bull1:W,Steatite,Y,R/L,4,6,Medial,002,176,002|176,503-702-002-240-176-740,+740-176-240-002-702-503+
1415.1,H-411,Inter-Riverine,Harappa,SEAL:S,Bull1:J,Steatite,Y,R/L,3,5,Medial,001,440,001|440,820-001-240-440-740,+740-440-240-001-820+
1423.1,H-421,Inter-Riverine,Harappa,SEAL:S,Bull1:W,Steatite,Y,R/L,3,5,Medial,060,740,060|740,550-060-240-740-679,+679-740-240-060-550+
1426.1,H-426,Inter-Riverine,Harappa,SEAL:S,Bull1,Steatite,N,R/L,5,5,Final,235,<END>,235|<END>,511-460-002-235-240,]000-240-235-002-460-511+
1428.1,H-431,Inter-Riverine,Harappa,SEAL:S,Bull1:W,-,N,R/L,1,3,Initial,<START>,798,<START>|798,240-798-740,]000-740-798-240[
1430.1,H-440,Inter-Riverine,Harappa,SEAL:S,Bull1:W,Steatite,Y,R/L,2,4,Medial,031,740,031|740,031-240-740-090,+090-740-240-031+
1439.1,H-449,Inter-Riverine,Harappa,SEAL:S,Bull1:W,Steatite,Y,R/L,4,7,Medial,741,590,741|590,728-390-741-240-590-390-740,+740-390-590-240-741-390-728+
1440.1,H-450,Inter-Riverine,Harappa,SEAL:S,Bull1:J,Steatite,Y,R/L,5,7,Medial,741,100,741|100,003-900-702-741-240-100-740,+740-100-240-741-702-900-003+
1443.1,H-453,Inter-Riverine,Harappa,SEAL:S,Bull1,Steatite,?,R/L,4,4,Final,740,<END>,740|<END>,503-017-740-240,]240-740-017-503+
1464.2,H-746,Inter-Riverine,Harappa,TAB:B,,Faience,N,-,1,1,Standalone,<START>,<END>,<START>|<END>,240,]000-240+
1522.1,H-569,Inter-Riverine,Harappa,SEAL:S,,Steatite,N,R/L,3,6,Medial,220,840,220|840,032-220-240-840-032-740,+740-032-840-240-220-032-000[
1537.1,H-593,Inter-Riverine,Harappa,SEAL:S,-,Steatite,N,R/L,3,6,Medial,002,235,002|235,220-002-240-235-760-740,+740-760-235-240-002-220-000[
1541.2,H-598,Inter-Riverine,Harappa,SEAL:S,Bull1:W,-,Y,R/L,5,7,Medial,002,639,002|639,777-255-435-002-240-639-740,+740-639-240-002-435-255-777+
1550.1,H-610,Inter-Riverine,Harappa,SEAL:S,Bull1:S,Steatite,N,R/L,3,3,Final,741,<END>,741|<END>,142-741-240,+000-240-741-142+
1564.1,H-649,Inter-Riverine,Harappa,SEAL:R,,Steatite,Y,R/L,4,8,Medial,806,233,806|233,820-002-806-240-233-705-033-520,+520-033-705-233-240-806-002-820+
1574.1,H-659,Inter-Riverine,Harappa,SEAL:R,,-,Y,R/L,4,9,Medial,798,233,798|233,263-365-798-240-233-740-140-845-407,+407-845-140-740-233-240-798-365-263+
1575.1,H-660,Inter-Riverine,Harappa,SEAL:R,,-,Y,R/L,2,6,Medial,798,706,798|706,798-240-706-033-095-520,+520-095-033-706-240-798+
1602.1,H-697,Inter-Riverine,Harappa,TAB:B,Bull2,Clay,Y,R/L,3,5,Medial,002,904,002|904,817-002-240-904-740,+740-904-240-002-817+
1606.1,H-701,Inter-Riverine,Harappa,TAB:B,Goat,-,?,R/L,3,3,Final,002,<END>,002|<END>,418-002-240,]240-002-418+
1617.1,H-713,Inter-Riverine,Harappa,TAB:B,,-,N,R/L,1,1,Standalone,<START>,<END>,<START>|<END>,240,]240-000+
1633.1,H-734,Inter-Riverine,Harappa,TAB:B,Phyt,-,Y,R/L,1,4,Initial,<START>,590,<START>|590,240-590-390-740,+740-390-590-240+
1637.2,H-743,Inter-Riverine,Harappa,TAB:B,,-,Y,R/L,1,4,Initial,<START>,482,<START>|482,240-482-752-740,+740-752-482-240+
1639.1,H-745,Inter-Riverine,Harappa,TAB:B,,-,?,R/L,1,2,Initial,<START>,482,<START>|482,240-482,]482-240+
1654.1,H-762,Inter-Riverine,Harappa,TAB:B,,Faience,?,R/L,2,4,Medial,798,233,798|233,798-240-233-320,]320-233-240-798+
1666.1,H-774,Inter-Riverine,Harappa,TAB:B,,Faience,Y,R/L,1,6,Initial,<START>,705,<START>|705,240-705-033-550-525-400,+400-525-550-033-705-240+
1670.2,H-779,Inter-Riverine,Harappa,TAB:B,,-,N,R/L,1,3,Initial,<START>,233,<START>|233,240-233-740,+000-000-740-233-240+
1672.2,H-781,Inter-Riverine,Harappa,TAB:B,,-,Y,R/L,1,3,Initial,<START>,904,<START>|904,240-904-740,+740-904-240+
1695.1,H-806,Inter-Riverine,Harappa,TAB:B,,Clay,Y,R/L,3,5,Medial,002,482,002|482,861-002-240-482-740,+740-482-240-002-861+
1696.1,H-807,Inter-Riverine,Harappa,TAB:B,,-,Y,R/L,3,5,Medial,002,482,002|482,861-002-240-482-740,+740-482-240-002-861+
1697.1,H-808,Inter-Riverine,Harappa,TAB:B,,-,Y,R/L,3,5,Medial,002,482,002|482,861-002-240-482-740,+740-482-240-002-861+
1708.1,H-819,Inter-Riverine,Harappa,TAB:B,,-,Y,R/L,1,2,Initial,<START>,520,<START>|520,240-520,+520-240+
1710.2,H-821,Inter-Riverine,Harappa,TAB:B,,-,Y,L/R,3,5,Medial,001,642,001|642,692-001-240-642-740,+740-642-240-001-692+
1711.2,H-822,Inter-Riverine,Harappa,TAB:B,,-,Y,L/R,3,5,Medial,001,642,001|642,692-001-240-642-740,+740-642-240-001-692+
1712.2,H-823,Inter-Riverine,Harappa,TAB:B,,-,Y,R/L,3,5,Medial,060,636,060|636,692-060-240-636-740,+740-636-240-060-692+
1714.1,H-824,Inter-Riverine,Harappa,TAB:B,,-,?,R/L,3,3,Final,060,<END>,060|<END>,692-060-240,]240-060-692+
1742.1,H-859,Inter-Riverine,Harappa,TAB:B,Bull1:I,-,Y,R/L,4,5,Medial,002,520,002|520,501-405-002-240-520,+520-240-002-405-501+
1743.1,H-860,Inter-Riverine,Harappa,TAB:B,Bull1:I,-,Y,R/L,4,5,Medial,002,520,002|520,501-405-002-240-520,+520-240-002-405-501+
1744.1,H-861,Inter-Riverine,Harappa,TAB:B,Bull1:I,-,Y,R/L,4,5,Medial,002,520,002|520,501-405-002-240-520,+520-240-002-405-501+
1745.1,H-862,Inter-Riverine,Harappa,TAB:B,Bull1:I,-,Y,R/L,4,5,Medial,002,520,002|520,501-405-002-240-520,+520-240-002-405-501+
1746.1,H-863,Inter-Riverine,Harappa,TAB:B,Bull1:I,-,Y,R/L,4,5,Medial,002,520,002|520,501-405-002-240-520,+520-240-002-405-501+
1747.1,H-864,Inter-Riverine,Harappa,TAB:B,Bull1:I,-,Y,R/L,4,5,Medial,002,520,002|520,501-405-002-240-520,+520-240-002-405-501+
1748.1,H-865,Inter-Riverine,Harappa,TAB:B,Bull1:I,-,Y,R/L,4,5,Medial,002,520,002|520,501-405-002-240-520,+520-240-002-405-501+
1749.1,H-866,Inter-Riverine,Harappa,TAB:B,Bull1:U,-,Y,R/L,4,5,Medial,002,520,002|520,501-405-002-240-520,+520-240-002-405-501+
1750.1,H-867,Inter-Riverine,Harappa,TAB:B,Bull1:U,-,Y,R/L,4,5,Medial,002,520,002|520,501-405-002-240-520,+520-240-002-405-501+
1751.1,H-868,Inter-Riverine,Harappa,TAB:B,Bull1:I,-,Y,R/L,4,5,Medial,002,520,002|520,501-405-002-240-520,+520-240-002-405-501+
1752.1,H-869,Inter-Riverine,Harappa,TAB:B,Bull1:I,-,Y,R/L,4,5,Medial,002,520,002|520,501-405-002-240-520,+520-240-002-405-501+
1753.1,H-870,Inter-Riverine,Harappa,TAB:B,Bull1:I,-,Y,R/L,4,5,Medial,002,520,002|520,501-405-002-240-520,+520-240-002-405-501+
1776.1,H-894,Inter-Riverine,Harappa,TAB:I,,Steatite,Y,R/L,1,4,Initial,<START>,636,<START>|636,240-636-740-400,+400-740-636-240+
1781.2,H-899,Inter-Riverine,Harappa,TAB:I,,Steatite,Y,R/L,1,4,Initial,<START>,231,<START>|231,240-231-520-400,+400-520-231-240+
1785.1,H-903,Inter-Riverine,Harappa,TAB:I,,Steatite,Y,R/L,1,3,Initial,<START>,760,<START>|760,240-760-740,+740-760-240+
1787.2,H-905,Inter-Riverine,Harappa,TAB:I,,Steatite,Y,R/L,4,7,Medial,031,636,031|636,171-032-031-240-636-740-400,+400-740-636-240-031-032-171+
1799.2,H-919,Inter-Riverine,Harappa,TAB:I,,-,Y,R/L,1,3,Initial,<START>,636,<START>|636,240-636-740,+740-636-240+
1834.1,H-954,Inter-Riverine,Harappa,TAB:I,,Steatite,Y,R/L,1,4,Initial,<START>,235,<START>|235,240-235-740-090,+090-740-235-240+
1842.1,H-965,Inter-Riverine,Harappa,TAB:I,,Steatite,Y,L/R,1,4,Initial,<START>,636,<START>|636,240-636-690-740,+740-690-636-240+
1843.1,H-966,Inter-Riverine,Harappa,TAB:I,,-,Y,L/R,1,4,Initial,<START>,636,<START>|636,240-636-690-740,+740-690-636-240+
1859.1,H-983,Inter-Riverine,Harappa,TAB:I,Bult,Steatite,Y,R/L,1,4,Initial,<START>,637,<START>|637,240-637-740-400,+400-740-637-240+
1864.2,H-988,Inter-Riverine,Harappa,TAB:I,Bult,Steatite,Y,R/L,4,7,Medial,031,636,031|636,171-032-031-240-636-740-400,+400-740-636-240-031-032-171+
1880.1,K-5,Inter-Riverine,Kalibangan,SEAL:S,Bull1:W,Steatite,Y,R/L,4,6,Medial,803,233,803|233,125-741-803-240-233-520,+520-233-240-803-741-125+
1891.1,K-16,Inter-Riverine,Kalibangan,SEAL:S,Bull1:X,Steatite,Y,R/L,3,5,Medial,060,740,060|740,820-060-240-740-090,+090-740-240/060-820+
1965.1,K-121,Inter-Riverine,Kalibangan,ROD,,Copper,N,T/B,2,4,Medial,032,740,032|740,032-240-740-090,+090-740-240-032-000+
1970.1,-,Mesopotamia,Kish,SEAL:S,Bull1,-,N,-,1,2,Initial,<START>,643,<START>|643,240-643,+000-643-240+
1989.1,L-10,Gujarat/Kutch,Lothal,SEAL:S,Bull1:L,Steatite,N,R/L,4,8,Medial,460,233,460|233,002-491-460-240-233-705-033-520,+520-033-705-233-240-460-491-002-000+
2003.1,L-26,Gujarat/Kutch,Lothal,SEAL:S,Bull1:W,Steatite,Y,R/L,4,6,Medial,060,798,060|798,166-111-060-240-798-740,+740-798-240-060-111-166+
2031.1,L-65,Gujarat/Kutch,Lothal,SEAL:S,Bull1:W,Steatite,?,R/L,3,3,Final,002,<END>,002|<END>,861-002-240,]240-002-861+
2037.1,L-83,Gujarat/Kutch,Lothal,SEAL:L,,Agate,Y,R/L,3,5,Medial,002,806,002|806,820-002-240-806-740,+740-806-240-002-820+
2060.1,L-111,Gujarat/Kutch,Lothal,SEAL:R,,Shell,Y,R/L,2,4,Medial,235,904,235|904,235-240-904-740,+740-904-240-235+
2077.1,L-134,Gujarat/Kutch,Lothal,TAG,-,Clay,Y,R/L,3,6,Medial,002,220,002|220,617-002-240-220-233-520,+520-233-220-240-002-617+
2119.1,L-199,Gujarat/Kutch,Lothal,TAG,-,-,N,-,2,3,Medial,002,220,002|220,002-240-220,]000-220-240-002-000[
2121.1,L-201,Gujarat/Kutch,Lothal,TAG,-,Clay,N,-,1,1,Standalone,<START>,<END>,<START>|<END>,240,]000-240-000-000+
2129.3,L-211,Gujarat/Kutch,Lothal,TAG,Bull,Clay,N,R/L,1,4,Initial,<START>,335,<START>|335,240-335-760-740,+740-760-335-240-000[
2149.1,L-271,Gujarat/Kutch,Lothal,POT:T:g,-,-,Y,L/R,1,3,Initial,<START>,031,<START>|031,240-031-156,+156-031-240+
2180.1,-,Gujarat/Kutch,Dholavira,SEAL:S,Bull1:V,Steatite,Y,R/L,4,7,Medial,741,416,741|416,091-500-741-240-416-840-740,+740-840-416-240-741-500-091+
2182.1,M-1792,Lower Indus,Mohenjo-daro,SEAL:S,Bull1:J,Silver,Y,R/L,4,6,Medial,740,760,740|760,740-952-740-240-760-740,+740-760-240/740-952-740+
2193.1,M-1766,Lower Indus,Mohenjo-daro,SEAL:S,Bull1:W,Steatite,Y,R/L,6,9,Medial,002,845,002|845,033-810-892-269-002-240-845-032-740,+740-032-845-240-002-269-892-810-033+
2224.1,M-1676,Lower Indus,Mohenjo-daro,SEAL:S,Bull1:S,Steatite,Y,R/L,5,10,Medial,002,832,002|832,803-504-595-002-240-832-255-070-760-740,+740-760-070-255-832-240-002-595-504-803+
2245.1,M-1890,Lower Indus,Mohenjo-daro,SEAL:S,Gaur,Steatite,?,R/L,2,5,Medial,235,705,235|705,235-240-705-033-520,+520-033-705-240-235[
2254.1,M-1756,Lower Indus,Mohenjo-daro,SEAL:S,Bull1:J,Steatite,Y,R/L,4,5,Medial,235,151,235|151,892-741-235-240-151,+151-240-235-741-892+
2256.1,M-1753,Lower Indus,Mohenjo-daro,SEAL:S,Bull1:L,Steatite,Y,R/L,3,6,Medial,002,519,002|519,861-002-240-519-760-740,+740-760-519-240-002-861+
2265.1,M-888,Lower Indus,Mohenjo-daro,SEAL:S,Bull1:S,Steatite,Y,R/L,3,5,Medial,741,220,741|220,440-741-240-220-520,+520-220-240-741-440+
2276.1,M-1726,Lower Indus,Mohenjo-daro,SEAL:S,Bull1:W,Steatite,Y,R/L,3,6,Medial,002,495,002|495,861-002-240-495-615-740,+740-615-495-240-002-861+
2277.1,M-1990,Lower Indus,Mohenjo-daro,SEAL,,Steatite,Y,L/R,4,7,Medial,220,440,220|440,861-002-220-240-440-760-740,+740-760-440-240-220-002-861+
2282.1,M-1879,Lower Indus,Mohenjo-daro,SEAL:S,Gaur,Steatite,Y,R/L,3,5,Medial,066,636,066|636,556-066-240-636-740,+740-636-240-066-556+
2283.1,M-1746,Lower Indus,Mohenjo-daro,SEAL:S,Bull1:S,Steatite,Y,R/L,3,7,Medial,002,415,002|415,817-002-240-415-100-740-090,+090-740-100-415-240-002-817+
2285.1,M-1760,Lower Indus,Mohenjo-daro,SEAL:S,Bull1:S,Steatite,Y,R/L,4,6,Medial,235,923,235|923,820-060-235-240-923-740,+740-923-240-235-060-820+
2286.1,M-1712,Lower Indus,Mohenjo-daro,SEAL:S,Bull1:J,Steatite,Y,-,4,4,Final,741,<END>,741|<END>,458-390-741-240,+240-741-390-458+
2293.1,M-808,Lower Indus,Mohenjo-daro,SEAL:S,Bull1:J,Steatite,Y,R/L,4,6,Medial,235,455,235|455,820-060-235-240-455-740,+740-455-240-235-060-820+
2312.1,M-1900,Lower Indus,Mohenjo-daro,SEAL:S,Zebu,Steatite,Y,R/L,4,5,Medial,741,520,741|520,575-590-741-240-520,+520-240-741-590-575+
2314.1,M-1891,Lower Indus,Mohenjo-daro,SEAL:S,Gaur,Steatite,Y,R/L,1,5,Initial,<START>,503,<START>|503,240-503-017-740-400,+400-740-017-503-240+
2333.1,-,Lower Indus,Mohenjo-daro,TAB:B,,Faience,N,-,1,1,Standalone,<START>,<END>,<START>|<END>,240,+000-240-000+
2337.1,M-1885,Lower Indus,Mohenjo-daro,SEAL:S,Gaur,Steatite,Y,R/L,2,4,Medial,235,055,235|055,235-240-055-151,+151-055-240-235+
2339.1,M-1757,Lower Indus,Mohenjo-daro,SEAL:S,Bull1:S,Steatite,Y,R/L,4,6,Medial,741,350,741|350,920-060-741-240-350-504,+504-350-240-741-060-920+
2348.1,M-1988,Lower Indus,Mohenjo-daro,SEAL,,Steatite,Y,R/L,1,3,Initial,<START>,772,<START>|772,240-772-740,+740-772-240+
2365.1,M-1982,Lower Indus,Mohenjo-daro,SEAL:R,,Steatite,Y,R/L,2,4,Medial,031,100,031|100,031-240-100-740,+740-100-240-031+
2380.1,M-2026,Lower Indus,Mohenjo-daro,TAB:B,Cros,Faience,Y,R/L,5,7,Medial,235,740,235|740,104-645-590-235-240-740-090,+090-740-240-235-590-645-104+
2388.1,-,Lower Indus,Mohenjo-daro,SEAL:S,Bull1:S,Steatite,Y,R/L,3,5,Medial,002,637,002|637,861-002-240-637-740,+740-637-240-002-861+
2394.1,M-2106,Lower Indus,Mohenjo-daro,ROD,,Bone,Y,R/L,1,5,Initial,<START>,838,<START>|838,240-838-585-740-400,+400-740-585-838-240+
2403.1,M-1690,Lower Indus,Mohenjo-daro,SEAL:S,Bull1:W,Steatite,Y,R/L,6,10,Medial,838,032,838|032,278-220-958-741-838-240-032-220-070-520,+520-070-220-032-240-838-741-958-220-278+
2410.1,M-1691,Lower Indus,Mohenjo-daro,SEAL:S,Bull1:L,Steatite,Y,R/L,3,7,Medial,741,255,741|255,906-741-240-255-435-690-740,+740-690-435-255-240-741-906+
2414.1,M-1910,Lower Indus,Mohenjo-daro,SEAL:S,Rhin,Steatite,Y,R/L,5,6,Medial,031,520,031|520,121-740-001-031-240-520,+520-240-031-001-740-121+
2417.1,M-1728,Lower Indus,Mohenjo-daro,SEAL:S,Bull1:W,Steatite,Y,R/L,5,7,Medial,220,055,220|055,820-002-032-220-240-055-161,+161-055-240-220-032-002-820+
2420.1,M-1814,Lower Indus,Mohenjo-daro,SEAL:S,Bull1:S,Steatite,Y,R/L,1,4,Initial,<START>,415,<START>|415,240-415-220-520,+520-220-415-240+
2428.1,M-1738,Lower Indus,Mohenjo-daro,SEAL:S,Bull1:S,Steatite,Y,R/L,4,5,Medial,235,226,235|226,692-060-235-240-226,+226-240-235-060-692+
2434.1,M-1719,Lower Indus,Mohenjo-daro,SEAL:S,Bull1:W,Steatite,Y,R/L,1,3,Initial,<START>,643,<START>|643,240-643-740,+740-643-240+
2439.1,M-1887,Lower Indus,Mohenjo-daro,SEAL:S,Gaur,Steatite,Y,R/L,1,4,Initial,<START>,235,<START>|235,240-235-083-740,+740-083-235-240+
2467.1,M-2108,Lower Indus,Mohenjo-daro,ROD,,Ivory,Y,R/L,1,5,Initial,<START>,013,<START>|013,240-013-840-740-400,+400-740-840-013-240+
2473.1,M-1665,Lower Indus,Mohenjo-daro,SEAL:S,Bull1:W,Steatite,Y,R/L,5,9,Medial,002,233,002|233,032-125-610-002-240-233-705-033-520,+520-033-705-233-240-002-610-125-032+
2474.1,M-2107,Lower Indus,Mohenjo-daro,ROD,,Ivory,Y,R/L,1,5,Initial,<START>,013,<START>|013,240-013-840-740-400,+400-740-840-013-240+
2481.1,-,Lower Indus,Mohenjo-daro,TAB:C,Unknown,Copper,Y,R/L,2,5,Medial,798,845,798|845,798-240-845-063-407,+407-063-845-240-798+
2484.1,M-1720,Lower Indus,Mohenjo-daro,SEAL:S,Bull1:W,Steatite,Y,R/L,1,4,Initial,<START>,233,<START>|233,240-233-740-679,+679-740-233-240+
2506.1,M-1716,Lower Indus,Mohenjo-daro,SEAL:S,Bull1:W,Steatite,Y,R/L,4,6,Medial,803,220,803|220,820-002-803-240-220-520,+520-220-240-803-002-820+
2519.1,M-1678,Lower Indus,Mohenjo-daro,SEAL:S,Bull1:J,Steatite,?,R/L,1,3,Initial,<START>,100,<START>|100,240-100-740,+740-100-240[
2534.1,M-5,Lower Indus,Mohenjo-daro,SEAL:S,Bull1:W,Steatite,Y,R/L,4,6,Medial,235,773,235|773,692-060-235-240-773-740,+740-773-240-235-060-692+
2536.1,M-7,Lower Indus,Mohenjo-daro,SEAL:S,Bull1:W,Steatite,Y,R/L,3,9,Medial,002,923,002|923,861-002-240-923-101-740-140-845-407,+407-845-140-740-101-923-240-002-861+
2552.1,M-24,Lower Indus,Mohenjo-daro,SEAL:S,Bull1:W,Steatite,Y,R/L,5,7,Medial,235,740,235|740,140-906-002-235-240-740-090,+090-740-240-235-002-906-140+
2557.1,M-29,Lower Indus,Mohenjo-daro,SEAL:S,Bull1:W,Steatite,Y,R/L,7,9,Medial,235,055,235|055,503-455-220-002-806-235-240-055-740,+740-055-240-235-806-002-220-455-503+
2558.1,M-30,Lower Indus,Mohenjo-daro,SEAL:S,Bull1:W,Steatite,Y,R/L,3,7,Medial,235,503,235|503,806-235-240-503-017-752-740,+740-752-017-503-240-235-806+
2566.1,M-38,Lower Indus,Mohenjo-daro,SEAL:S,Bull1:J,Steatite,Y,R/L,7,13,Medial,235,032,235|032,032-632-125-390-002-235-240-032-220-255-435-690-740,+740-690-435-255-220-032-240-235-002-390-125-632-032+
2567.1,M-39,Lower Indus,Mohenjo-daro,SEAL:S,Bull1:S,Steatite,?,R/L,5,6,Medial,235,705,235|705,346-204-013-235-240-705,]705-240-235-013-204-346+
2569.1,M-41,Lower Indus,Mohenjo-daro,SEAL:S,Bull1:W,Steatite,Y,R/L,7,9,Medial,233,636,233|636,820-125-405-002-235-233-240-636-740,+740-636-240-233-235-002-405-125-820+
2570.1,M-42,Lower Indus,Mohenjo-daro,SEAL:S,Bull1:S,Steatite,Y,R/L,3,5,Medial,002,550,002|550,817-002-240-550-527,+527-550-240-002-817+
2574.1,M-46,Lower Indus,Mohenjo-daro,SEAL:S,Bull1:W,Steatite,Y,R/L,6,8,Medial,235,798,235|798,215-065-220-002-235-240-798-740,+740-798-240-235-002-220-065-215+
2577.1,M-49,Lower Indus,Mohenjo-daro,SEAL:S,Bull1:W,Steatite,Y,R/L,8,10,Medial,220,550,220|550,190-032-350-300-002-032-220-240-550-527,+527-550-240-220-032-002-300-350-032-190+
2578.1,M-50,Lower Indus,Mohenjo-daro,SEAL:S,Bull1:W,Steatite,Y,R/L,4,9,Medial,798,705,798|705,820-002-798-240-705-033-017-585-740,+740-585-017-033-705-240-798-002-820+
2582.1,M-54,Lower Indus,Mohenjo-daro,SEAL:S,Bull1:W,Steatite,Y,R/L,6,7,Medial,033,236,033|236,820-002-798-705-033-240-236,+236-240-033-705-798-002-820+
2606.1,M-79,Lower Indus,Mohenjo-daro,SEAL:S,Bull1:J,Steatite,Y,R/L,4,7,Medial,233,100,233|100,861-002-233-240-100-740-688,+688/740-100-240-233-002-861+
2608.1,M-81,Lower Indus,Mohenjo-daro,SEAL:S,Bull1:S,Steatite,Y,R/L,4,6,Medial,002,555,002|555,070-617-002-240-555-527,+527-555-240-002-617-070+
2611.1,M-84,Lower Indus,Mohenjo-daro,SEAL:S,Bull1:W,Steatite,Y,R/L,4,6,Medial,001,765,001|765,920-368-001-240-765-740,+740-765-240-001-368-920+
2620.1,M-93,Lower Indus,Mohenjo-daro,SEAL:S,Bull1:J,Steatite,Y,R/L,3,5,Medial,741,003,741|003,345-741-240-003-156,+156-003-240-741-345+
2656.1,M-129,Lower Indus,Mohenjo-daro,SEAL:S,Bull1:W,Steatite,Y,R/L,4,6,Medial,235,233,235|233,360-741-235-240-233-520,+520-233-240-235-741-360+
2660.1,M-133,Lower Indus,Mohenjo-daro,SEAL:S,Bull1:W,Steatite,Y,R/L,6,8,Medial,220,550,220|550,388-906-812-255-220-240-550-527,+527-550-240-220-255-812-906-388+
2668.1,M-141,Lower Indus,Mohenjo-daro,SEAL:S,Bull1:J,Steatite,N,R/L,3,6,Medial,002,636,002|636,031-002-240-636-255-817,+817-255-636/000-000-000-240-002-031-000+
2671.1,M-144,Lower Indus,Mohenjo-daro,SEAL:S,Bull1:J,Steatite,Y,R/L,3,6,Medial,002,415,002|415,817-002-240-415-100-740,+740-100-415-240-002-817+
2691.1,M-166,Lower Indus,Mohenjo-daro,SEAL:S,Bull1:I,Steatite,Y,R/L,4,6,Medial,806,844,806|844,861-002-806-240-844-390,+390-844-240-806-002-861+
2711.1,M-186,Lower Indus,Mohenjo-daro,SEAL:S,Bull1:J,Steatite,Y,R/L,1,2,Initial,<START>,520,<START>|520,240-520,+520-240+
2724.1,M-199,Lower Indus,Mohenjo-daro,SEAL:S,Bull1:S,Steatite,Y,R/L,3,7,Medial,002,415,002|415,861-002-240-415-100-740-090,+090-740-100-415-240-002-861+
2732.1,M-208,Lower Indus,Mohenjo-daro,SEAL:S,Bull1:J,Steatite,Y,R/L,1,2,Initial,<START>,520,<START>|520,240-520,+520-240+
2752.1,M-228,Lower Indus,Mohenjo-daro,SEAL:S,Bull1:J,Steatite,Y,R/L,1,3,Initial,<START>,636,<START>|636,240-636-740,+740-636-240+
2759.1,M-236,Lower Indus,Mohenjo-daro,SEAL:S,Gaur,Steatite,Y,R/L,3,6,Medial,233,706,233|706,803-233-240-706-033-520,+520-033-706-240-233-803+
2763.1,M-240,Lower Indus,Mohenjo-daro,SEAL:S,Gaur,Steatite,Y,R/L,6,7,Medial,220,520,220|520,603-861-002-032-220-240-520,+520-240-220-032-002-861-603+
2801.1,M-280,Lower Indus,Mohenjo-daro,SEAL:S,Elep,Steatite,Y,R/L,5,7,Medial,002,482,002|482,140-920-944-002-240-482-740,+740-482-240-002-944-920-140+
2806.1,M-285,Lower Indus,Mohenjo-daro,SEAL:S,Elep,Steatite,Y,R/L,3,5,Medial,002,350,002|350,861-002-240-350-504,+504-350-240-002-861+
2809.1,M-289,Lower Indus,Mohenjo-daro,SEAL:S,Tigr,Steatite,Y,R/L,3,5,Medial,002,176,002|176,817-002-240-176-740,+740-176-240-002-817+
2817.1,M-297,Lower Indus,Mohenjo-daro,SEAL:S,Othr,Steatite,Y,R/L,4,6,Medial,575,740,575|740,060-703-575-240-740-090,+090-740-240-575-703-060+
2832.1,M-314,Lower Indus,Mohenjo-daro,SEAL:S,,Steatite,Y,R/L,4,17,Medial,235,231,235|231,820-002-235-240-231-520-466-706-760-740-033-809-308-125-390-817-953,+953-817-390-125-308-809-033/740-760-706-466/520-231-240-235-002-820+
2837.1,M-319,Lower Indus,Mohenjo-daro,SEAL:S,Tigr,Steatite,Y,R/L,3,6,Medial,220,033,220|033,032-220-240-033-812-740,+740-812-033-240-220-032+
2853.1,M-357,Lower Indus,Mohenjo-daro,SEAL:R,,Steatite,Y,R/L,4,8,Medial,806,472,806|472,820-001-806-240-472-806-100-740,+740-100-806-472-240-806-001-820+
2854.1,M-358,Lower Indus,Mohenjo-daro,SEAL:R,,Steatite,Y,R/L,5,8,Medial,806,520,806|520,031-502-002-806-240-520-001-003,+003-001-520-240-806-002-502-031+
2865.1,M-369,Lower Indus,Mohenjo-daro,SEAL:R,,Steatite,Y,R/L,7,11,Medial,220,255,220|255,920-060-742-806-415-220-240-255-435-690-740,+740-690-435-255-240-220-415-806-742-060-920+
2873.1,M-377,Lower Indus,Mohenjo-daro,SEAL:R,,-,Y,R/L,2,6,Medial,235,255,235|255,235-240-255-435-690-740,+740-690-435-255-240-235+
2889.1,M-393,Lower Indus,Mohenjo-daro,SEAL:R,,Steatite,Y,R/L,4,8,Medial,806,017,806|017,540-002-806-240-017-575-740-679,+679-740-575-017-240-806-002-540+
2901.1,M-405,Lower Indus,Mohenjo-daro,SEAL:R,,Steatite,Y,R/L,3,5,Medial,235,923,235|923,806-235-240-923-740,+740-923-240-235-806+
2907.1,M-411,Lower Indus,Mohenjo-daro,SEAL:R,,Steatite,Y,R/L,4,7,Medial,744,233,744|233,272-033-744-240-233-840-390,+390-840-233-240-744-033-272+
2939.1,M-454,Lower Indus,Mohenjo-daro,TAB:B,Scene,-,N,R/L,2,5,Medial,002,840,002|840,002-240-840-032-740,+740-032-840-240-002-000+
2949.1,M-464,Lower Indus,Mohenjo-daro,TAB:B,Cros,-,Y,R/L,5,7,Medial,235,740,235|740,104-645-590-235-240-740-090,+090-740-240-235-590-645-104+
2950.1,M-465,Lower Indus,Mohenjo-daro,TAB:B,Cros,-,Y,R/L,5,7,Medial,235,740,235|740,104-645-590-235-240-740-090,+090-740-240-235-590-645-104+
2951.1,M-466,Lower Indus,Mohenjo-daro,TAB:B,Cros,-,Y,R/L,5,7,Medial,235,740,235|740,104-645-590-235-240-740-090,+090-740-240-235-590-645-104+
2952.1,M-467,Lower Indus,Mohenjo-daro,TAB:B,Cros,-,Y,R/L,5,7,Medial,235,740,235|740,104-645-590-235-240-740-090,+090-740-240-235-590-645-104+
2961.2,M-477,Lower Indus,Mohenjo-daro,TAB:B,Mult,Clay,N,R/L,1,2,Initial,<START>,840,<START>|840,240-840,+840-000-000-240+
2968.1,M-484,Lower Indus,Mohenjo-daro,TAB:B,,Clay,N,R/L,1,3,Initial,<START>,585,<START>|585,240-585-740,+000-740-585-000-240+
2974.2,M-492,Lower Indus,Mohenjo-daro,TAB:B,Mult,Clay,Y,R/L,1,5,Initial,<START>,803,<START>|803,240-803-585-740-090,+090-740-585-803-240+
2985.2,M-509,Lower Indus,Mohenjo-daro,TAB:C,,Copper,Y,R/L,5,6,Medial,740,405,740|405,326-002-176-740-240-405,+405-240-740-176-002-326+
2986.2,M-510,Lower Indus,Mohenjo-daro,TAB:C,,Copper,Y,R/L,5,6,Medial,740,405,740|405,326-002-176-740-240-405,+405-240-740-176-002-326+
3038.1,M-567,Lower Indus,Mohenjo-daro,TAB:C,Gaur,Copper,Y,R/L,2,5,Medial,798,845,798|845,798-240-845-061-407,+407-061-845-240-798+
3039.1,M-568,Lower Indus,Mohenjo-daro,TAB:C,Tigr,Copper,Y,R/L,2,5,Medial,798,845,798|845,798-240-845-061-407,+407-061-845-240-798+
3040.1,M-569,Lower Indus,Mohenjo-daro,TAB:C,-,Copper,Y,R/L,2,5,Medial,798,845,798|845,798-240-845-061-407,+407-061-845-240-798+
3080.1,M-629,Lower Indus,Mohenjo-daro,SEAL:S,Bull1:W,-,Y,R/L,4,7,Medial,798,176,798|176,861-002-798-240-176-740-679,+679-740-176-240-798-002-861+
3081.1,M-631,Lower Indus,Mohenjo-daro,SEAL:S,Bull1:W,Steatite,Y,R/L,5,8,Medial,220,706,220|706,263-368-032-220-240-706-033-520,+520-033-706-240-220-032-368-263+
3087.1,M-638,Lower Indus,Mohenjo-daro,SEAL:S,,Steatite,Y,R/L,5,8,Medial,235,055,235|055,590-740-745-235-240-055-482-740,+740-482-055-240-235-745-740-590+
3089.1,M-644,Lower Indus,Mohenjo-daro,SEAL:S,Bull1:W,Steatite,Y,R/L,5,9,Medial,002,740,002|740,370-090-817-002-240-740-017-585-740,+740-585-017-740-240-002-817-090-370+
3095.1,M-651,Lower Indus,Mohenjo-daro,SEAL:S,Bull1:W,Steatite,Y,R/L,3,6,Medial,002,220,002|220,820-002-240-220-717-740,+740-717-220-240-002-820+
3098.1,M-657,Lower Indus,Mohenjo-daro,SEAL:S,Bull1:W,Steatite,Y,R/L,1,2,Initial,<START>,520,<START>|520,240-520,+520-240+
3110.1,M-671,Lower Indus,Mohenjo-daro,SEAL:S,Bull1:W,Steatite,Y,R/L,5,9,Medial,235,255,235|255,920-060-745-235-240-255-435-690-740,+740-690-435-255-240-235-745-060-920+
3132.1,M-705,Lower Indus,Mohenjo-daro,SEAL:S,Bull1:W,Steatite,Y,R/L,2,4,Medial,803,772,803|772,803-240-772-740,+740-772-240-803+
3133.1,M-706,Lower Indus,Mohenjo-daro,SEAL:S,Bull1:W,Steatite,Y,R/L,4,6,Medial,002,773,002|773,031-861-002-240-773-740,+740-773-240-002-861-031+
3146.1,M-722,Lower Indus,Mohenjo-daro,SEAL:S,Bull1,Steatite,Y,R/L,5,7,Medial,220,585,220|585,817-002-032-220-240-585-740,+740-585-240-220-032-002-817+
3181.1,M-758,Lower Indus,Mohenjo-daro,SEAL:S,Bull1:W,Steatite,Y,R/L,4,7,Medial,742,001,742|001,786-530-742-240-001-760-740,+740-760-001-240-742-530-786+
3182.1,M-759,Lower Indus,Mohenjo-daro,SEAL,,Steatite,Y,R/L,2,3,Medial,806,520,806|520,806-240-520,+520-240-806+
3207.1,M-793,Lower Indus,Mohenjo-daro,SEAL:S,Bull1:W,-,Y,R/L,4,7,Medial,798,235,798|235,861-002-798-240-235-388-740,+740-388-235-240-798-002-861+
3215.1,M-801,Lower Indus,Mohenjo-daro,SEAL:S,Bull1:J,Steatite,?,R/L,1,3,Initial,<START>,176,<START>|176,240-176-740,+740-176-240[
3227.1,M-814,Lower Indus,Mohenjo-daro,SEAL:S,Bull1:S,Steatite,Y,R/L,3,7,Medial,235,705,235|705,803-235-240-705-033-176-740,+740-176-033-705-240-235-803+
3232.1,M-819,Lower Indus,Mohenjo-daro,SEAL:S,Bull1:J,Steatite,Y,R/L,4,6,Medial,803,233,803|233,817-002-803-240-233-520,+520-233-240-803-002-817+
3239.1,M-827,Lower Indus,Mohenjo-daro,SEAL:S,Bull1:S,Steatite,N,R/L,2,3,Medial,002,226,002|226,002-240-226,+226-240-002-000[
3245.1,M-833,Lower Indus,Mohenjo-daro,SEAL:S,Bull1:W,Steatite,Y,R/L,3,6,Medial,002,740,002|740,808-002-240-740-550-527,+527-550-740-240-002-808+
3270.1,M-858,Lower Indus,Mohenjo-daro,SEAL:S,Bull1,Steatite,?,R/L,1,2,Initial,<START>,636,<START>|636,240-636,]636-240+
3271.1,M-860,Lower Indus,Mohenjo-daro,SEAL:S,Bull1:S,-,Y,R/L,1,4,Initial,<START>,705,<START>|705,240-705-033-520,+520-033-705-240+
3276.1,M-865,Lower Indus,Mohenjo-daro,SEAL:S,Bull1:W,Steatite,Y,R/L,4,6,Medial,235,740,235|740,820-001-235-240-740-090,+090-740-240-235-001-820+
3336.1,M-941,Lower Indus,Mohenjo-daro,SEAL:S,Bull1:S,Steatite,N,R/L,4,5,Medial,031,642,031|642,861-002-031-240-642,+000-642-240-031-002-861+
3346.1,M-951,Lower Indus,Mohenjo-daro,SEAL:S,Bull1:S,Steatite,Y,R/L,2,4,Medial,031,927,031|927,031-240-927-740,+740-927-240-031+
3353.1,M-958,Lower Indus,Mohenjo-daro,SEAL:S,Bull1:J,Steatite,Y,R/L,5,7,Medial,002,772,002|772,590-003-900-002-240-772-740,+740-772-240-002-900-003-590+
3355.1,M-960,Lower Indus,Mohenjo-daro,SEAL:S,Bull1,Steatite,Y,R/L,4,5,Medial,740,520,740|520,575-590-740-240-520,+520-240-740-590-575+
3357.1,M-962,Lower Indus,Mohenjo-daro,SEAL:S,Bull1:W,-,Y,R/L,2,4,Medial,235,220,235|220,235-240-220-520,+520-220-240-235+
3363.1,M-970,Lower Indus,Mohenjo-daro,SEAL:S,Bull1:W,Steatite,N,R/L,1,2,Initial,<START>,100,<START>|100,240-100,]000-100-240+
3372.1,M-979,Lower Indus,Mohenjo-daro,SEAL:S,Bull1:J,Faience,Y,R/L,5,7,Medial,002,773,002|773,590-003-900-002-240-773-740,+740-773-240/002-900-003-590+
3396.1,M-1005,Lower Indus,Mohenjo-daro,SEAL:S,-,Steatite,N,R/L,1,5,Initial,<START>,233,<START>|233,240-233-100-740-930,+930/740-100-233-240-000[
3435.1,M-1061,Lower Indus,Mohenjo-daro,SEAL:S,-,Steatite,?,R/L,2,3,Medial,235,255,235|255,235-240-255,+255-240-235[
3442.1,M-1068,Lower Indus,Mohenjo-daro,SEAL:S,-,-,?,R/L,1,4,Initial,<START>,705,<START>|705,240-705-033-520,+520-033-705-240[
3468.1,M-1096,Lower Indus,Mohenjo-daro,SEAL:S,Gaur,Steatite,Y,R/L,2,4,Medial,235,455,235|455,235-240-455-740,+740-455-240-235+
3471.1,M-1099,Lower Indus,Mohenjo-daro,SEAL:S,Gaur,Steatite,?,-,1,2,Initial,<START>,233,<START>|233,240-233,+233-240[
3478.1,M-1107,Lower Indus,Mohenjo-daro,SEAL:S,Zebu,Steatite,N,R/L,3,5,Medial,103,740,103|740,002-103-240-740-565,+565-740-240-103-002-000+
3503.1,M-1136,Lower Indus,Mohenjo-daro,SEAL:S,Rhin,-,?,R/L,3,5,Medial,002,717,002|717,820-002-240-717-740,]740-717-240-002-820+
3511.1,M-1150,Lower Indus,Mohenjo-daro,SEAL:S,Elep,Steatite,Y,R/L,3,6,Medial,002,231,002|231,456-002-240-231-520-621,+621-520-231-240-002-456+
3526.1,M-1166,Lower Indus,Mohenjo-daro,SEAL:S,Tigr,Steatite,Y,R/L,3,5,Medial,002,923,002|923,817-002-240-923-740,+740-923-240-002-817+
3539.1,M-1188,Lower Indus,Mohenjo-daro,SEAL:S,,Steatite,N,R/L,4,7,Medial,002,032,002|032,632-244-002-240-032-632-125,]000/000-125-632-032/240-002-244-632+
3563.1,M-1231,Lower Indus,Mohenjo-daro,SEAL:S,,Steatite,N,L/R,1,2,Initial,<START>,740,<START>|740,240-740,+740-000-240+
3572.1,M-1265,Lower Indus,Mohenjo-daro,SEAL:R,,Steatite,Y,R/L,4,6,Medial,220,055,220|055,806-032-220-240-055-740,+740-055-240-220-032-806+
3576.1,M-1269,Lower Indus,Mohenjo-daro,SEAL:R,,-,Y,R/L,2,5,Medial,235,706,235|706,235-240-706-033-520,+520-033-706-240-235+
3589.1,M-1284,Lower Indus,Mohenjo-daro,SEAL:R,,Steatite,Y,R/L,5,8,Medial,806,520,806|520,031-502-002-806-240-520-001-416,+416-001-520-240-806-002-502-031+
3620.1,M-1315,Lower Indus,Mohenjo-daro,SEAL:R,,Steatite,Y,R/L,1,3,Initial,<START>,142,<START>|142,240-142-617,+617-142-240+
3625.1,M-1320,Lower Indus,Mohenjo-daro,SEAL:R,,Steatite,Y,R/L,2,5,Medial,798,231,798|231,798-240-231-555-527,+527-555-231-240-798+
3703.1,M-1415,Lower Indus,Mohenjo-daro,TAB:B,Cros,-,Y,R/L,5,7,Medial,235,740,235|740,104-645-590-235-240-740-090,+090-740-240-235-590-645-104+
3704.1,M-1416,Lower Indus,Mohenjo-daro,TAB:B,Cros,Faience,Y,R/L,5,7,Medial,235,740,235|740,104-645-590-235-240-740-090,+090-740-240-235-590-645-104+
3705.2,M-1418,Lower Indus,Mohenjo-daro,TAB:B,,Faience,Y,R/L,1,4,Initial,<START>,415,<START>|415,240-415-100-740,+740-100-415-240+
3770.1,M-1515,Lower Indus,Mohenjo-daro,TAB:C,Othr,Copper,Y,R/L,2,5,Medial,798,845,798|845,798-240-845-061-407,+407-061-845-240-798+
3771.1,M-1516,Lower Indus,Mohenjo-daro,TAB:C,Othr,Copper,Y,R/L,2,5,Medial,798,845,798|845,798-240-845-061-407,+407-061-845-240-798+
3772.1,M-1517,Lower Indus,Mohenjo-daro,TAB:C,Tigr,Copper,Y,R/L,2,5,Medial,798,845,798|845,798-240-845-061-407,+407-061-845-240-798+
3816.1,M-1605,Lower Indus,Mohenjo-daro,POT:T:g,,Clay,?,R/L,1,3,Initial,<START>,515,<START>|515,240-515-520,+520-515-240[
3841.1,M-1651,Lower Indus,Mohenjo-daro,ROD,,Ivory,Y,R/L,1,5,Initial,<START>,838,<START>|838,240-838-585-740-400,+400-740-585-838-240+
3854.1,Ns-6,Lower Indus,Nausharo,SEAL:S,Bull1:J,Steatite,Y,R/L,3,4,Medial,060,520,060|520,922-060-240-520,+520-240-060-922+
3890.1,-,Other,Unknown,SEAL:S,Bull1:W,-,Y,R/L,3,6,Medial,060,231,060|231,820-060-240-231-585-740,+740-585-231-240-060-820+
3893.1,?-4,Other,Unknown,TAB:B,,-,?,-,1,2,Initial,<START>,233,<START>|233,240-233,]233-240[
3959.1,H-1100,Inter-Riverine,Harappa,TAB:B,Bull2,-,Y,R/L,3,5,Medial,002,904,002|904,817-002-240-904-740,+740-904-240-002-817+
3962.1,H-1116,Inter-Riverine,Harappa,TAB:B,-,-,?,R/L,2,2,Final,550,<END>,550|<END>,550-240,]240-550+
3970.1,H-1130,Inter-Riverine,Harappa,TAB:B,,-,Y,R/L,3,5,Medial,002,482,002|482,861-002-240-482-740,+740-482-240-002-861+
3971.1,H-1131,Inter-Riverine,Harappa,TAB:B,,-,Y,R/L,3,5,Medial,002,482,002|482,861-002-240-482-740,+740-482-240-002-861+
3975.1,H-1137,Inter-Riverine,Harappa,TAB:B,,-,Y,R/L,3,5,Medial,060,603,060|603,692-060-240-603-740,+740-603-240-060-692+
3984.1,M-1727,Lower Indus,Mohenjo-daro,SEAL:S,Bull1:W,-,Y,R/L,1,4,Initial,<START>,503,<START>|503,240-503-070-520,+520-070-503-240+
3985.1,M-1736,Lower Indus,Mohenjo-daro,SEAL:S,Bull1:S,-,Y,R/L,4,8,Medial,741,235,741|235,903-903-741-240-235-705-033-520,+520-033-705-235-240-741-903-903+
4013.1,M-1992,Lower Indus,Mohenjo-daro,SEAL,-,-,?,R/L,1,3,Initial,<START>,328,<START>|328,240-328-740,]740-328-240[
4020.1,M-2030,Lower Indus,Mohenjo-daro,TAB:B,-,-,Y,R/L,1,4,Initial,<START>,803,<START>|803,240-803-585-740,+740-585-803-240+
4031.1,H-1178,Inter-Riverine,Harappa,TAB:I,,-,Y,R/L,1,4,Initial,<START>,636,<START>|636,240-636-740-400,+400-740-636-240+
4154.1,-,Eastern Headwaters,Rakhigarhi,SEAL:S,Bull1,Steatite,?,R/L,4,4,Final,803,<END>,803|<END>,861-002-803-240,]240-803-002-861+
4229.1,-,Gujarat/Kutch,Dholavira,SEAL:S,Bull1:V,Steatite,Y,R/L,4,9,Medial,001,463,001|463,060-820-001-240-463-220-590-390-740,+740-390-590-220-463-240-001-820-060+
4289.1,-,Gujarat/Kutch,Dholavira,TAG,-,Clay,N,R/L,1,2,Initial,<START>,220,<START>|220,240-220,+000-000-000-220-240[
4338.1,-,Gujarat/Kutch,Dholavira,TAG,-,Clay,N,R/L,1,1,Standalone,<START>,<END>,<START>|<END>,240,]000-240[
4344.1,-,Gujarat/Kutch,Dholavira,TAG,-,Clay,N,R/L,3,3,Final,002,<END>,002|<END>,031-002-240,]240-002-031-000[
4580.1,H-1155,Inter-Riverine,Harappa,TAB:B,Bull1:I,-,Y,R/L,4,5,Medial,002,520,002|520,501-405-002-240-520,+520-240-002-405-501+
5216.1,-,Gujarat/Kutch,Gola Dhoro (Bagasra),SEAL:S,Bull1:S,-,Y,R/L,3,7,Medial,820,415,820|415,033-820-240-415-100-740-090,+090-740-100-415-240-820-033+
5218.1,-,Gujarat/Kutch,Gola Dhoro (Bagasra),SEAL:S,Bull1:I,-,Y,R/L,6,9,Medial,060,495,060|495,032-632-368-297-060-240-495-070-520,+520-070-495-240-060-297-368-632-032+
5457.1,H-1718,Inter-Riverine,Harappa,SEAL,-,Steatite,N,R/L,2,2,Final,032,<END>,032|<END>,032-240,]000-240-032+
5560.1,-,Eastern Headwaters,Rakhigarhi,TAG,Elep,Clay,N,R/L,4,6,Medial,741,415,741|415,920-060-741-240-415-100,]000-100-415-240-741-060-920+
