AnchorTemplate,Count,SiteCount,TypeCount,Examples
SIGN SIGN,827,29,22,1.1/Agr-1/Alamgirpur; 2.1/Agr-2/Alamgirpur; 3.1/Agr-3/Alamgirpur; 14.1/Ad-9/Allahdino; 21.1/Blk-3/Bala-kot; 28.1/B-3/Banawali
SIGN,773,31,23,4.1/-/Allahdino; 15.1/Ad-11/Allahdino; 24.1/Blk-5/Bala-kot; 34.1/B-10/Banawali; 35.1/B-12/Banawali; 45.1/B-29/Banawali
SIGN TERMINAL_TITLE_OR_SUFFIX,345,12,16,23.1/Blk-6/Bala-kot; 26.1/-/Banawali; 29.1/B-4/Banawali; 32.1/B-8/Banawali; 39.1/B-19/Banawali; 57.1/C-87/Chanhu-daro
SIGN SIGN TERMINAL_TITLE_OR_SUFFIX,266,20,11,10.1/Ad-5/Allahdino; 12.1/Ad-7/Allahdino; 41.1/B-23/Banawali; 54.1/Ch-2/Chandigarh; 118.1/C-37/Chanhu-daro; 127.1/-/Dholavira
SIGN SIGN SIGN,193,13,16,44.1/B-28/Banawali; 79.1/C-56/Chanhu-daro; 119.1/C-38/Chanhu-daro; 120.1/C-39/Chanhu-daro; 177.1/-/Harappa; 185.1/H-1410/Harappa
TERMINAL_TITLE_OR_SUFFIX,164,14,16,46.1/B-30/Banawali; 122.1/Dmd-1/Daimabad; 142.1/-/Dholavira; 155.1/-/Farmana; 163.2/H-1128/Harappa; 169.1/H-1360/Harappa
SIGN SIGN SIGN TERMINAL_TITLE_OR_SUFFIX,141,8,15,67.1/C-75/Chanhu-daro; 139.1/-/Dholavira; 189.1/H-1399/Harappa; 220.1/H-1142/Harappa; 222.2/H-1354/Harappa; 256.1/H-1038/Harappa
SIGN SIGN SIGN SIGN,105,13,13,37.1/B-17/Banawali; 101.1/C-13/Chanhu-daro; 124.1/Dlp-2/Desalpur; 134.1/-/Dholavira; 135.1/-/Dholavira; 148.1/-/Failaka
SIGN TERMINAL_TITLE_OR_SUFFIX TERMINAL_TITLE_OR_SUFFIX,96,6,8,156.1/-/Ganweriwala; 170.1/H-1397/Harappa; 260.2/-/Harappa; 265.1/H-1273/Harappa; 267.1/-/Harappa; 273.1/H-1102/Harappa
SIGN SIGN SIGN SIGN TERMINAL_TITLE_OR_SUFFIX,87,10,8,22.1/Blk-4/Bala-kot; 68.1/C-55/Chanhu-daro; 198.1/H-1138/Harappa; 424.2/H-1845/Harappa; 485.2/H-1953/Harappa; 512.1/H-1816/Harappa
SIGN SIGN TERMINAL_TITLE_OR_SUFFIX TERMINAL_TITLE_OR_SUFFIX,74,4,5,77.1/C-51/Chanhu-daro; 215.1/-/Harappa; 258.1/H-1121/Harappa; 266.1/H-1158/Harappa; 406.2/H-1895/Harappa; 410.2/H-1897/Harappa
SIGN SIGN SIGN SIGN SIGN,64,11,9,63.1/C-64/Chanhu-daro; 278.1/M-592/Mohenjo-daro; 561.2/H-1815/Harappa; 742.2/H-1810/Harappa; 1146.1/H-90/Harappa; 1152.1/H-97/Harappa
SIGN SIGN SIGN SIGN SIGN TERMINAL_TITLE_OR_SUFFIX,59,7,4,82.1/C-57/Chanhu-daro; 96.1/C-8/Chanhu-daro; 97.1/C-9/Chanhu-daro; 126.1/-/Dholavira; 199.1/H-423/Harappa; 294.1/H-161/Harappa
NAME_LIKE_BLOCK[3] TERMINAL_TITLE_OR_SUFFIX,58,3,5,234.2/-/Harappa; 390.2/H-2063/Harappa; 647.1/H-2062/Harappa; 671.2/H-2066/Harappa; 1321.2/H-299/Harappa; 1377.1/H-358/Harappa
LEADING_FORMULA_MARKER TERMINAL_TITLE_OR_SUFFIX,57,7,9,5.1/-/Allahdino; 530.1/H-1677/Harappa; 571.1/H-1852/Harappa; 613.1/-/Harappa; 693.3/H-2238/Harappa; 755.2/H-1947/Harappa
INITIAL_TITLE_OR_CLASSIFIER SIGN SIGN SIGN TERMINAL_TITLE_OR_SUFFIX,57,6,5,13.1/Ad-8/Allahdino; 69.1/C-60/Chanhu-daro; 81.1/C-78/Chanhu-daro; 87.1/C-67/Chanhu-daro; 223.1/H-1042/Harappa; 280.1/-/Harappa
LEADING_FORMULA_MARKER SIGN,50,10,11,301.1/H-1278/Harappa; 461.1/H-1919/Harappa; 502.1/H-1664/Harappa; 651.2/H-2151/Harappa; 670.1/H-1891/Harappa; 722.1/-/Harappa
INITIAL_TITLE_OR_CLASSIFIER SIGN SIGN,46,10,13,52.1/-/Bhirrana; 75.1/C-79/Chanhu-daro; 76.1/C-74/Chanhu-daro; 405.1/H-2192/Harappa; 412.2/H-2014/Harappa; 507.1/H-1681/Harappa
INITIAL_TITLE_OR_CLASSIFIER SIGN,45,11,8,30.1/B-5/Banawali; 31.1/B-7/Banawali; 36.1/B-15/Banawali; 38.1/B-18/Banawali; 84.1/C-85/Chanhu-daro; 146.1/Dlv-2/Dholavira
LEADING_FORMULA_MARKER SIGN TERMINAL_TITLE_OR_SUFFIX,45,5,9,65.1/C-59/Chanhu-daro; 205.1/H-661/Harappa; 422.2/H-1943/Harappa; 475.2/H-1948/Harappa; 559.1/H-1834/Harappa; 586.2/H-2194/Harappa
TERMINAL_TITLE_OR_SUFFIX TERMINAL_TITLE_OR_SUFFIX,43,6,6,204.1/H-1407/Harappa; 253.1/H-1165/Harappa; 254.1/H-1159/Harappa; 298.1/-/Harappa; 301.2/H-1278/Harappa; 324.1/H-1789/Harappa
INITIAL_TITLE_OR_CLASSIFIER,39,9,10,279.1/H-1167/Harappa; 575.1/H-2091/Harappa; 645.1/H-2121/Harappa; 663.1/H-1971/Harappa; 747.2/H-2182/Harappa; 889.1/H-2177/Harappa
LEADING_FORMULA_MARKER SIGN SIGN TERMINAL_TITLE_OR_SUFFIX,37,6,7,88.1/C-77/Chanhu-daro; 729.1/H-2010/Harappa; 937.1/H-2011/Harappa; 1350.2/H-328/Harappa; 1429.1/H-432/Harappa; 1695.2/H-806/Harappa
LEADING_FORMULA_MARKER,37,8,11,102.1/C-14/Chanhu-daro; 331.1/H-1557/Harappa; 345.1/-/Harappa; 351.1/-/Harappa; 352.1/-/Harappa; 358.1/-/Harappa
SIGN SIGN SIGN SIGN SIGN SIGN,37,6,8,898.1/H-2548/Harappa; 1067.1/H-6/Harappa; 1399.1/H-385/Harappa; 1416.1/H-412/Harappa; 1557.1/H-642/Harappa; 1927.1/K-69/Kalibangan
SIGN SIGN SIGN SIGN SIGN SIGN TERMINAL_TITLE_OR_SUFFIX,36,7,3,731.1/H-1670/Harappa; 939.1/H-1705/Harappa; 1091.1/H-31/Harappa; 1120.1/H-61/Harappa; 1148.1/H-92/Harappa; 1174.1/H-133/Harappa
INITIAL_TITLE_OR_CLASSIFIER SIGN SIGN TERMINAL_TITLE_OR_SUFFIX,34,6,6,132.1/-/Dholavira; 374.1/H-1893/Harappa; 600.1/H-2005/Harappa; 943.1/H-1667/Harappa; 1141.1/H-85/Harappa; 1144.1/H-88/Harappa
SIGN LEADING_FORMULA_MARKER SIGN,32,5,8,113.1/C-30/Chanhu-daro; 228.2/-/Harappa; 262.1/H-1196/Harappa; 373.2/H-1924/Harappa; 414.2/H-1915/Harappa; 630.1/H-2207/Harappa
LEADING_FORMULA_MARKER SIGN SIGN,31,8,10,174.1/H-1394/Harappa; 402.1/H-2015/Harappa; 412.1/H-2014/Harappa; 472.1/H-2084/Harappa; 552.1/H-1767/Harappa; 594.1/H-2022/Harappa
SIGN LEADING_FORMULA_MARKER,30,7,11,43.1/B-25/Banawali; 165.1/-/Harappa; 176.1/H-1085/Harappa; 355.1/-/Harappa; 591.1/M-1659/Mohenjo-daro; 625.1/H-1745/Harappa
INITIAL_TITLE_OR_CLASSIFIER SIGN SIGN SIGN,30,6,7,409.2/H-1942/Harappa; 682.2/H-1146/Harappa; 787.1/H-1983/Harappa; 789.1/H-1785/Harappa; 897.2/H-2089/Harappa; 1078.1/H-18/Harappa
SIGN SIGN SIGN TERMINAL_TITLE_OR_SUFFIX TERMINAL_TITLE_OR_SUFFIX,29,4,6,311.1/H-1192/Harappa; 494.1/H-741/Harappa; 668.1/H-1672/Harappa; 749.2/H-2183/Harappa; 923.2/H-1945/Harappa; 1021.1/H-1774/Harappa
LEADING_FORMULA_MARKER INITIAL_TITLE_OR_CLASSIFIER,29,1,2,466.2/H-1882/Harappa; 693.2/H-2238/Harappa; 769.1/H-2239/Harappa; 794.2/H-2237/Harappa; 832.1/H-2229/Harappa; 838.2/H-2190/Harappa
NAME_LIKE_BLOCK[4] TERMINAL_TITLE_OR_SUFFIX,29,1,1,1277.1/H-252/Harappa; 1278.1/H-253/Harappa; 1279.1/H-254/Harappa; 1280.1/H-255/Harappa; 1281.1/H-256/Harappa; 1282.1/H-257/Harappa
NAME_LIKE_BLOCK[4] NAME_LIKE_BLOCK[3],28,1,1,2287.2/M-2054/Mohenjo-daro; 3006.1/M-534/Mohenjo-daro; 3007.1/M-535/Mohenjo-daro; 3008.1/M-536/Mohenjo-daro; 3009.1/M-537/Mohenjo-daro; 3010.1/M-538/Mohenjo-daro
SIGN SIGN SIGN TERMINAL_TITLE_OR_SUFFIX SIGN,27,3,3,321.1/-/Unknown; 677.1/H-2024/Harappa; 800.1/H-1935/Harappa; 807.1/H-1934/Harappa; 842.1/H-2026/Harappa; 880.1/H-2028/Harappa
SIGN TERMINAL_TITLE_OR_SUFFIX SIGN,26,6,8,86.1/C-89/Chanhu-daro; 225.1/-/Harappa; 545.1/H-1969/Harappa; 576.1/H-1685/Harappa; 740.1/-/Harappa; 752.2/H-2143/Harappa
SIGN CLOSING_FORMULA_MARKER,24,9,6,16.1/Alt-90/Altyn Depe; 17.1/Ai-7/Amri; 33.1/B-9/Banawali; 153.1/-/Farmana; 153.2/-/Farmana; 232.1/H-1355/Harappa
INITIAL_TITLE_OR_CLASSIFIER SIGN SIGN SIGN SIGN TERMINAL_TITLE_OR_SUFFIX,21,3,4,98.1/C-10/Chanhu-daro; 1007.1/H-1726/Harappa; 2256.1/M-1753/Mohenjo-daro; 2272.1/M-1717/Mohenjo-daro; 2276.1/M-1726/Mohenjo-daro; 2464.1/M-595/Mohenjo-daro
SIGN INITIAL_TITLE_OR_CLASSIFIER SIGN,21,4,6,147.1/-/Failaka; 476.2/H-2094/Harappa; 488.2/H-2097/Harappa; 518.2/H-2095/Harappa; 621.1/-/Harappa; 665.2/H-2096/Harappa
CLOSING_FORMULA_MARKER,20,7,6,276.1/-/Karanpura; 611.1/-/Harappa; 766.1/-/Harappa; 767.1/-/Harappa; 1358.1/H-337/Harappa; 1359.1/H-338/Harappa
SIGN SIGN TERMINAL_TITLE_OR_SUFFIX SIGN,19,5,8,53.1/Ch-1/Chandigarh; 115.1/C-33/Chanhu-daro; 217.1/H-294/Harappa; 397.2/H-2141/Harappa; 418.2/H-2140/Harappa; 1002.1/H-2013/Harappa
LEADING_FORMULA_MARKER SIGN SIGN SIGN,19,4,6,431.1/H-1725/Harappa; 775.1/H-1666/Harappa; 848.2/H-2149/Harappa; 1562.1/H-647/Harappa; 1572.1/H-657/Harappa; 1821.1/H-941/Harappa
SIGN SIGN LEADING_FORMULA_MARKER,16,6,5,56.1/C-88/Chanhu-daro; 117.1/C-35/Chanhu-daro; 915.2/H-1968/Harappa; 1135.1/H-78/Harappa; 1435.1/H-445/Harappa; 1451.1/H-462/Harappa
INITIAL_TITLE_OR_CLASSIFIER CROSS_SITE_NAME_ANCHOR[3],16,6,3,61.1/C-66/Chanhu-daro; 401.1/H-2003/Harappa; 634.1/H-1680/Harappa; 951.1/-/Dholavira; 1412.1/H-407/Harappa; 1938.1/K-82/Kalibangan
INITIAL_TITLE_OR_CLASSIFIER SIGN SIGN SIGN SIGN,16,4,6,448.1/H-1967/Harappa; 463.1/H-1827/Harappa; 1414.1/H-410/Harappa; 1434.1/H-444/Harappa; 1549.1/H-609/Harappa; 1611.1/H-706/Harappa
NAME_LIKE_BLOCK[3],16,3,5,804.2/H-2064/Harappa; 1161.1/H-101/Harappa; 1489.1/H-512/Harappa; 1664.1/H-772/Harappa; 1780.2/H-898/Harappa; 1861.2/H-985/Harappa
SIGN LEADING_FORMULA_MARKER SIGN TERMINAL_TITLE_OR_SUFFIX,14,3,4,592.1/H-1999/Harappa; 745.1/H-1980/Harappa; 1034.1/H-1979/Harappa; 1201.1/H-160/Harappa; 1222.1/H-189/Harappa; 1239.1/H-208/Harappa
INITIAL_TITLE_OR_CLASSIFIER SIGN SIGN SIGN SIGN SIGN TERMINAL_TITLE_OR_SUFFIX,14,3,2,1086.1/H-26/Harappa; 2229.1/M-1737/Mohenjo-daro; 2292.1/M-1706/Mohenjo-daro; 2643.1/M-116/Mohenjo-daro; 2683.1/M-157/Mohenjo-daro; 2745.1/M-221/Mohenjo-daro
LEADING_FORMULA_MARKER SIGN SIGN SIGN TERMINAL_TITLE_OR_SUFFIX,13,4,5,8.1/Ad-3/Allahdino; 479.1/H-1669/Harappa; 596.2/H-2139/Harappa; 1216.1/H-183/Harappa; 1217.1/H-184/Harappa; 2616.1/M-89/Mohenjo-daro
SIGN NAME_LIKE_BLOCK[2],13,2,3,295.1/H-1187/Harappa; 438.2/H-1866/Harappa; 459.1/H-1991/Harappa; 472.2/H-2084/Harappa; 556.1/H-1939/Harappa; 1243.1/H-212/Harappa
TERMINAL_TITLE_OR_SUFFIX SIGN,12,5,7,141.1/-/Dholavira; 891.1/H-2195/Harappa; 1583.1/H-668/Harappa; 2970.3/M-487/Mohenjo-daro; 3162.1/M-738/Mohenjo-daro; 3377.1/-/Dholavira
SIGN SIGN SIGN NAME_LIKE_BLOCK[3],12,2,2,300.2/-/Harappa; 581.2/H-1990/Harappa; 653.2/H-1813/Harappa; 687.2/H-1989/Harappa; 689.2/H-1988/Harappa; 867.2/H-1812/Harappa
SIGN LEADING_FORMULA_MARKER SIGN SIGN,12,5,8,662.1/H-1951/Harappa; 1661.1/H-769/Harappa; 1920.1/K-59/Kalibangan; 2158.1/M-2062/Mohenjo-daro; 3106.1/M-667/Mohenjo-daro; 3412.1/M-1030/Mohenjo-daro
SIGN TERMINAL_TITLE_OR_SUFFIX SIGN SIGN,12,5,5,1227.1/H-196/Harappa; 1560.1/H-645/Harappa; 1950.1/K-96/Kalibangan; 2007.1/L-31/Lothal; 2369.1/M-2122/Mohenjo-daro; 2423.1/M-1732/Mohenjo-daro
SIGN SIGN SIGN SIGN TERMINAL_TITLE_OR_SUFFIX SIGN SIGN,12,2,2,1902.1/K-28/Kalibangan; 2284.2/M-2053/Mohenjo-daro; 2521.1/M-1785/Mohenjo-daro; 3019.1/M-547/Mohenjo-daro; 3020.1/M-548/Mohenjo-daro; 3021.1/M-549/Mohenjo-daro
SIGN CLOSING_FORMULA_MARKER TERMINAL_TITLE_OR_SUFFIX,11,5,3,6.1/Ad-1/Allahdino; 90.1/C-2/Chanhu-daro; 269.1/H-1109/Harappa; 868.1/H-1802/Harappa; 1503.1/H-533/Harappa; 2244.1/M-1807/Mohenjo-daro
NAME_LIKE_BLOCK[3] SIGN LEADING_FORMULA_MARKER SIGN SIGN SIGN SIGN SIGN TERMINAL_TITLE_OR_SUFFIX,11,1,1,291.1/-/Harappa; 1300.1/H-278/Harappa; 1301.1/H-279/Harappa; 1302.1/H-280/Harappa; 1303.1/H-281/Harappa; 1304.1/H-282/Harappa
SIGN SIGN SIGN CLOSING_FORMULA_MARKER TERMINAL_TITLE_OR_SUFFIX,11,3,3,378.1/H-1776/Harappa; 1111.1/H-52/Harappa; 1444.1/H-454/Harappa; 1487.1/H-510/Harappa; 2118.2/L-198/Lothal; 2416.1/-/Mohenjo-daro
SIGN LEADING_FORMULA_MARKER TERMINAL_TITLE_OR_SUFFIX,11,4,3,1155.1/H-100/Harappa; 2149.1/L-271/Lothal; 2407.1/M-1888/Mohenjo-daro; 2659.1/M-132/Mohenjo-daro; 2894.1/M-398/Mohenjo-daro; 3313.1/M-916/Mohenjo-daro
NAME_LIKE_BLOCK[3] SIGN SIGN SIGN TERMINAL_TITLE_OR_SUFFIX SIGN,11,1,3,2068.1/L-124/Lothal; 2069.1/L-125/Lothal; 2070.1/L-126/Lothal; 2071.1/L-128/Lothal; 2072.1/L-129/Lothal; 2112.1/L-190/Lothal
SIGN SIGN LEADING_FORMULA_MARKER SIGN,10,4,4,40.1/B-21/Banawali; 492.2/H-2244/Harappa; 810.1/H-1682/Harappa; 1410.1/H-405/Harappa; 2629.1/M-102/Mohenjo-daro; 2844.3/M-326/Mohenjo-daro
SIGN SIGN SIGN SIGN SIGN SIGN SIGN,10,3,5,42.1/B-24/Banawali; 940.1/H-1720/Harappa; 2898.1/M-402/Mohenjo-daro; 2975.2/M-494/Mohenjo-daro; 2994.1/M-519/Mohenjo-daro; 2995.1/M-520/Mohenjo-daro
LEADING_FORMULA_MARKER SIGN SIGN SIGN SIGN TERMINAL_TITLE_OR_SUFFIX,10,2,3,2085.1/L-143/Lothal; 2227.1/M-1975/Mohenjo-daro; 2611.1/M-84/Mohenjo-daro; 2859.1/M-363/Mohenjo-daro; 2873.1/M-377/Mohenjo-daro; 2888.1/M-392/Mohenjo-daro
SIGN SIGN SIGN SIGN SIGN TERMINAL_TITLE_OR_SUFFIX SIGN,9,2,1,27.1/B-1/Banawali; 2405.1/M-1767/Mohenjo-daro; 2595.1/M-67/Mohenjo-daro; 2647.1/M-120/Mohenjo-daro; 2764.1/M-241/Mohenjo-daro; 2823.1/M-304/Mohenjo-daro
SIGN SIGN SIGN LEADING_FORMULA_MARKER,9,4,6,200.1/H-1400/Harappa; 866.2/H-2133/Harappa; 1621.1/H-718/Harappa; 1877.1/K-1/Kalibangan; 2036.1/L-82/Lothal; 2171.1/-/Mohenjo-daro
LEADING_FORMULA_MARKER CLOSING_FORMULA_MARKER,9,4,5,464.1/H-585/Harappa; 489.1/H-2210/Harappa; 1539.1/H-596/Harappa; 1924.1/K-65/Kalibangan; 2191.1/M-1857/Mohenjo-daro; 2408.1/M-2010/Mohenjo-daro
LEADING_FORMULA_MARKER LEADING_FORMULA_MARKER SIGN SIGN TERMINAL_TITLE_OR_SUFFIX TERMINAL_TITLE_OR_SUFFIX,9,2,1,505.1/H-1799/Harappa; 1235.1/H-204/Harappa; 1643.1/H-750/Harappa; 1644.1/H-751/Harappa; 1645.1/H-752/Harappa; 1646.1/H-753/Harappa
LEADING_FORMULA_MARKER SIGN TERMINAL_TITLE_OR_SUFFIX SIGN,9,3,5,533.1/H-2175/Harappa; 574.1/H-2055/Harappa; 666.1/H-2054/Harappa; 902.1/H-2020/Harappa; 904.1/H-2019/Harappa; 1430.1/H-440/Harappa
SIGN INITIAL_TITLE_OR_CLASSIFIER,9,4,5,700.1/H-2373/Harappa; 762.2/H-2098/Harappa; 1866.1/H-992/Harappa; 2304.1/M-1761/Mohenjo-daro; 3093.1/M-649/Mohenjo-daro; 3347.1/M-952/Mohenjo-daro
NAME_LIKE_BLOCK[3] SIGN TERMINAL_TITLE_OR_SUFFIX,9,5,3,1101.1/H-42/Harappa; 1466.1/H-478/Harappa; 2043.1/L-89/Lothal; 2542.1/M-14/Mohenjo-daro; 2575.1/M-47/Mohenjo-daro; 2858.1/M-362/Mohenjo-daro
CROSS_SITE_NAME_ANCHOR[3],9,5,5,1112.1/H-53/Harappa; 2088.1/L-146/Lothal; 2324.1/M-1777/Mohenjo-daro; 2649.1/M-122/Mohenjo-daro; 3233.1/M-820/Mohenjo-daro; 3253.1/M-841/Mohenjo-daro
SIGN SIGN LEADING_FORMULA_MARKER SIGN TERMINAL_TITLE_OR_SUFFIX,8,3,3,107.1/C-20/Chanhu-daro; 646.2/H-1824/Harappa; 1447.1/H-457/Harappa; 2254.1/M-1756/Mohenjo-daro; 2673.1/M-146/Mohenjo-daro; 2903.1/M-407/Mohenjo-daro
CROSS_SITE_NAME_ANCHOR[3] SIGN TERMINAL_TITLE_OR_SUFFIX,8,4,3,257.1/H-1309/Harappa; 2133.3/L-217/Lothal; 2192.1/M-1805/Mohenjo-daro; 2249.1/M-966/Mohenjo-daro; 3358.1/M-964/Mohenjo-daro; 3364.1/M-971/Mohenjo-daro
INITIAL_TITLE_OR_CLASSIFIER SIGN TERMINAL_TITLE_OR_SUFFIX,8,4,6,288.1/H-1402/Harappa; 1942.2/K-87/Kalibangan; 2379.1/M-1960/Mohenjo-daro; 2738.1/M-214/Mohenjo-daro; 4156.1/-/Dholavira; 4220.1/-/Dholavira
LEADING_FORMULA_MARKER SIGN TERMINAL_TITLE_OR_SUFFIX TERMINAL_TITLE_OR_SUFFIX,8,2,4,382.2/H-1894/Harappa; 423.1/H-1997/Harappa; 921.2/H-1929/Harappa; 1313.1/H-291/Harappa; 1384.1/H-365/Harappa; 1501.1/H-530/Harappa
SIGN SIGN SIGN SIGN TERMINAL_TITLE_OR_SUFFIX SIGN,8,3,3,788.1/H-1840/Harappa; 1063.1/H-2/Harappa; 1944.1/K-89/Kalibangan; 2817.1/M-297/Mohenjo-daro; 3318.1/M-921/Mohenjo-daro; 3465.1/M-1091/Mohenjo-daro
SIGN SIGN CROSS_SITE_NAME_ANCHOR[3],8,3,4,1888.1/K-13/Kalibangan; 2326.1/M-1967/Mohenjo-daro; 2622.1/M-95/Mohenjo-daro; 2774.1/M-251/Mohenjo-daro; 3113.1/M-674/Mohenjo-daro; 3354.1/M-959/Mohenjo-daro
SIGN SIGN SIGN LEADING_FORMULA_MARKER SIGN TERMINAL_TITLE_OR_SUFFIX SIGN,8,1,2,2380.1/M-2026/Mohenjo-daro; 2949.1/M-464/Mohenjo-daro; 2950.1/M-465/Mohenjo-daro; 2951.1/M-466/Mohenjo-daro; 2952.1/M-467/Mohenjo-daro; 3149.1/M-725/Mohenjo-daro
SIGN SIGN LEADING_FORMULA_MARKER SIGN SIGN TERMINAL_TITLE_OR_SUFFIX,7,3,3,9.1/Ad-4/Allahdino; 405.2/H-2192/Harappa; 1667.1/H-776/Harappa; 2315.1/M-1783/Mohenjo-daro; 2373.1/M-1695/Mohenjo-daro; 2656.1/M-129/Mohenjo-daro
LEADING_FORMULA_MARKER SIGN SIGN SIGN SIGN,7,4,3,83.1/C-62/Chanhu-daro; 942.1/H-1719/Harappa; 1177.1/H-136/Harappa; 1407.1/H-396/Harappa; 1893.1/K-18/Kalibangan; 2260.1/M-1710/Mohenjo-daro
SIGN SIGN SIGN CROSS_SITE_NAME_ANCHOR[3],7,3,1,95.1/C-7/Chanhu-daro; 322.1/H-1027/Harappa; 1398.1/H-383/Harappa; 1445.1/H-455/Harappa; 2592.1/M-64/Mohenjo-daro; 2759.1/M-236/Mohenjo-daro
SIGN CROSS_SITE_NAME_ANCHOR[3],7,3,2,138.1/-/Dholavira; 1878.1/K-2/Kalibangan; 2625.1/M-98/Mohenjo-daro; 2702.1/M-177/Mohenjo-daro; 2797.1/M-276/Mohenjo-daro; 3271.1/M-860/Mohenjo-daro
SIGN SIGN SIGN LEADING_FORMULA_MARKER TERMINAL_TITLE_OR_SUFFIX,7,3,3,228.1/-/Harappa; 229.1/H-1312/Harappa; 894.1/H-2135/Harappa; 1936.1/K-80/Kalibangan; 2620.1/M-93/Mohenjo-daro; 3186.1/M-768/Mohenjo-daro
SIGN SIGN SIGN TERMINAL_TITLE_OR_SUFFIX SIGN SIGN,7,2,4,293.1/H-1033/Harappa; 370.2/H-2016/Harappa; 1556.1/H-641/Harappa; 1700.2/H-811/Harappa; 2985.2/M-509/Mohenjo-daro; 2986.2/M-510/Mohenjo-daro
CROSS_SITE_NAME_ANCHOR[2],7,3,3,1130.1/H-71/Harappa; 2090.1/L-148/Lothal; 2353.1/M-1799/Mohenjo-daro; 2704.1/M-178/Mohenjo-daro; 3235.1/M-822/Mohenjo-daro; 3380.1/M-987/Mohenjo-daro
SIGN SIGN SIGN LEADING_FORMULA_MARKER SIGN TERMINAL_TITLE_OR_SUFFIX,7,2,2,1456.1/H-468/Harappa; 1537.1/H-593/Harappa; 2495.1/M-1780/Mohenjo-daro; 2593.1/M-65/Mohenjo-daro; 3394.1/M-1002/Mohenjo-daro; 3814.1/M-1597/Mohenjo-daro
SIGN SIGN NAME_LIKE_BLOCK[3],7,1,3,2176.1/M-1989/Mohenjo-daro; 2225.1/M-1923/Mohenjo-daro; 2482.1/M-1907/Mohenjo-daro; 2676.1/M-149/Mohenjo-daro; 2802.1/M-281/Mohenjo-daro; 3623.1/M-1318/Mohenjo-daro
INITIAL_TITLE_OR_CLASSIFIER SIGN LEADING_FORMULA_MARKER SIGN,6,5,2,158.1/-/Gola Dhoro (Bagasra); 1011.1/H-1713/Harappa; 1996.1/L-18/Lothal; 2669.1/M-142/Mohenjo-daro; 3520.1/M-1160/Mohenjo-daro; 5464.1/-/Unknown
INITIAL_TITLE_OR_CLASSIFIER SIGN SIGN TERMINAL_TITLE_OR_SUFFIX SIGN,6,3,1,284.1/H-1030/Harappa; 1104.1/H-45/Harappa; 2013.1/L-41/Lothal; 2268.1/M-1709/Mohenjo-daro; 2543.1/M-15/Mohenjo-daro; 3265.1/M-853/Mohenjo-daro
SIGN TERMINAL_TITLE_OR_SUFFIX TERMINAL_TITLE_OR_SUFFIX SIGN SIGN,6,2,2,499.2/H-1862/Harappa; 776.1/H-1958/Harappa; 907.1/H-1959/Harappa; 1207.1/H-172/Harappa; 1610.1/H-705/Harappa; 3500.1/M-1133/Mohenjo-daro
SIGN SIGN SIGN LEADING_FORMULA_MARKER SIGN,6,3,3,623.1/H-1706/Harappa; 1426.1/H-426/Harappa; 2218.1/M-1683/Mohenjo-daro; 2280.1/M-1724/Mohenjo-daro; 3624.1/M-1319/Mohenjo-daro; 4200.1/-/Dholavira
SIGN SIGN CLOSING_FORMULA_MARKER TERMINAL_TITLE_OR_SUFFIX,6,2,3,629.1/H-1801/Harappa; 1057.1/H-733/Harappa; 1226.1/H-194/Harappa; 1633.1/H-734/Harappa; 3143.1/M-719/Mohenjo-daro; 3931.1/H-1079/Harappa
NAME_LIKE_BLOCK[2],6,3,4,685.3/H-2212/Harappa; 2372.1/M-1740/Mohenjo-daro; 2726.1/M-201/Mohenjo-daro; 3662.1/M-1363/Mohenjo-daro; 3737.2/M-1465/Mohenjo-daro; 5280.1/K-153/Kalibangan
NAME_LIKE_BLOCK[3] SIGN SIGN TERMINAL_TITLE_OR_SUFFIX,6,2,1,1074.1/H-13/Harappa; 1536.1/H-592/Harappa; 2655.1/M-128/Mohenjo-daro; 3177.1/M-754/Mohenjo-daro; 3513.1/M-1152/Mohenjo-daro; 3925.1/H-1048/Harappa
SIGN SIGN SIGN SIGN CLOSING_FORMULA_MARKER TERMINAL_TITLE_OR_SUFFIX,6,2,2,1214.1/H-180/Harappa; 1214.2/H-180/Harappa; 1454.1/H-466/Harappa; 2448.1/M-1739/Mohenjo-daro; 2728.1/M-203/Mohenjo-daro; 3463.1/M-1089/Mohenjo-daro
SIGN SIGN SIGN SIGN SIGN SIGN SIGN SIGN TERMINAL_TITLE_OR_SUFFIX,6,5,2,1294.1/H-270/Harappa; 1882.1/K-7/Kalibangan; 2041.1/L-87/Lothal; 2193.1/M-1766/Mohenjo-daro; 2564.1/M-36/Mohenjo-daro; 3857.1/Ns-9/Nausharo
LEADING_FORMULA_MARKER SIGN SIGN SIGN SIGN SIGN TERMINAL_TITLE_OR_SUFFIX,6,3,2,1440.1/H-450/Harappa; 2234.1/M-1956/Mohenjo-daro; 2636.1/M-109/Mohenjo-daro; 3628.1/M-1323/Mohenjo-daro; 4001.1/M-1894/Mohenjo-daro; 4208.1/-/Dholavira
SIGN SIGN CLOSING_FORMULA_MARKER,6,4,4,1668.2/H-777/Harappa; 1921.1/K-60/Kalibangan; 1998.1/L-20/Lothal; 2122.1/L-202/Lothal; 2454.1/M-1831/Mohenjo-daro; 2610.1/M-83/Mohenjo-daro
LEADING_FORMULA_MARKER LEADING_FORMULA_MARKER,5,2,3,364.1/-/Harappa; 2387.1/M-1904/Mohenjo-daro; 2419.1/M-2039/Mohenjo-daro; 3805.1/M-1581/Mohenjo-daro; 5472.1/H-1377/Harappa
SIGN INITIAL_TITLE_OR_CLASSIFIER TERMINAL_TITLE_OR_SUFFIX,5,2,3,453.2/H-1909/Harappa; 454.1/H-1778/Harappa; 1363.1/H-343/Harappa; 2471.1/M-1903/Mohenjo-daro; 2675.1/M-148/Mohenjo-daro
CROSS_SITE_NAME_ANCHOR[3] SIGN SIGN,5,3,2,491.2/H-2127/Harappa; 589.2/H-2128/Harappa; 1145.1/H-89/Harappa; 3452.1/M-1078/Mohenjo-daro; 4159.1/-/Dholavira
SIGN SIGN CROSS_SITE_NAME_ANCHOR[2],5,2,2,510.2/H-1916/Harappa; 1123.1/H-64/Harappa; 2684.1/M-158/Mohenjo-daro; 3281.1/M-872/Mohenjo-daro; 3984.1/M-1727/Mohenjo-daro
SIGN CLOSING_FORMULA_MARKER SIGN SIGN,5,3,2,605.1/H-2265/Harappa; 2010.1/L-37/Lothal; 2286.1/M-1712/Mohenjo-daro; 2756.1/M-232/Mohenjo-daro; 2777.1/M-254/Mohenjo-daro
SIGN TERMINAL_TITLE_OR_SUFFIX SIGN SIGN SIGN,5,3,3,688.1/H-1684/Harappa; 2370.2/M-2118/Mohenjo-daro; 3583.1/M-1276/Mohenjo-daro; 3619.1/M-1314/Mohenjo-daro; 4161.1/-/Dholavira
SIGN INITIAL_TITLE_OR_CLASSIFIER TERMINAL_TITLE_OR_SUFFIX TERMINAL_TITLE_OR_SUFFIX,5,1,1,801.2/H-2173/Harappa; 862.2/H-2070/Harappa; 1051.1/H-1182/Harappa; 1052.1/-/Harappa; 1782.1/H-900/Harappa
SIGN SIGN TERMINAL_TITLE_OR_SUFFIX SIGN TERMINAL_TITLE_OR_SUFFIX,5,2,3,811.1/H-1978/Harappa; 1221.1/H-188/Harappa; 1324.2/H-302/Harappa; 3355.1/M-960/Mohenjo-daro; 3559.1/M-1224/Mohenjo-daro
SIGN SIGN LEADING_FORMULA_MARKER SIGN SIGN,5,2,3,1186.1/H-145/Harappa; 2428.1/M-1738/Mohenjo-daro; 2455.1/M-1747/Mohenjo-daro; 3083.1/M-633/Mohenjo-daro; 3799.1/M-1575/Mohenjo-daro
SIGN SIGN INITIAL_TITLE_OR_CLASSIFIER,5,3,3,1460.1/H-473/Harappa; 1513.1/H-558/Harappa; 2857.1/M-361/Mohenjo-daro; 3325.1/M-929 /Mohenjo-daro; 4235.1/-/Dholavira
CROSS_SITE_NAME_ANCHOR[3] SIGN SIGN TERMINAL_TITLE_OR_SUFFIX,5,3,2,2005.1/L-28/Lothal; 2640.1/M-113/Mohenjo-daro; 2921.1/M-427/Mohenjo-daro; 3178.1/M-755/Mohenjo-daro; 3869.1/Rgr-1/Rakhigarhi
SIGN SIGN SIGN CLOSING_FORMULA_MARKER,5,2,3,2087.1/L-145/Lothal; 2116.1/L-196/Lothal; 2429.1/M-1731/Mohenjo-daro; 3310.1/M-909/Mohenjo-daro; 3661.1/M-1362/Mohenjo-daro
INITIAL_TITLE_OR_CLASSIFIER SIGN SIGN CLOSING_FORMULA_MARKER SIGN,5,1,1,2220.1/M-1675/Mohenjo-daro; 2409.1/M-1911/Mohenjo-daro; 2604.1/M-77/Mohenjo-daro; 2834.1/M-316/Mohenjo-daro; 3226.1/M-813/Mohenjo-daro
SIGN SIGN SIGN SIGN SIGN SIGN SIGN TERMINAL_TITLE_OR_SUFFIX,5,1,2,2475.1/M-1841/Mohenjo-daro; 2639.1/M-112/Mohenjo-daro; 2660.1/M-133/Mohenjo-daro; 2850.1/M-354/Mohenjo-daro; 2861.1/M-365/Mohenjo-daro
INITIAL_TITLE_OR_CLASSIFIER SIGN SIGN SIGN TERMINAL_TITLE_OR_SUFFIX SIGN,5,2,1,2627.1/M-100/Mohenjo-daro; 2783.1/M-260/Mohenjo-daro; 3247.1/M-835/Mohenjo-daro; 3339.1/M-944/Mohenjo-daro; 3853.1/Ns-5/Nausharo
SIGN SIGN TERMINAL_TITLE_OR_SUFFIX SIGN SIGN,4,4,2,11.1/Ad-6/Allahdino; 532.2/H-2069/Harappa; 1992.1/L-14/Lothal; 2568.1/M-40/Mohenjo-daro
INITIAL_TITLE_OR_CLASSIFIER SIGN SIGN SIGN SIGN SIGN,4,4,3,18.1/-/Bakkar Buthi; 62.1/C-65/Chanhu-daro; 1786.2/H-904/Harappa; 3073.1/M-621/Mohenjo-daro
SIGN SIGN SIGN SIGN SIGN CLOSING_FORMULA_MARKER,4,3,2,20.1/Blk-2/Bala-kot; 394.2/H-1987/Harappa; 1139.1/H-82/Harappa; 2833.1/M-315/Mohenjo-daro
SIGN SIGN SIGN SIGN CLOSING_FORMULA_MARKER,4,3,3,66.1/C-69/Chanhu-daro; 2053.1/L-101/Lothal; 2081.1/L-139/Lothal; 4198.1/-/Dholavira
INITIAL_TITLE_OR_CLASSIFIER SIGN LEADING_FORMULA_MARKER,4,4,3,106.1/C-18/Chanhu-daro; 1566.1/H-651/Harappa; 1887.1/K-12/Kalibangan; 2028.1/L-62/Lothal
INITIAL_TITLE_OR_CLASSIFIER SIGN LEADING_FORMULA_MARKER SIGN TERMINAL_TITLE_OR_SUFFIX,4,3,2,143.1/-/Dholavira; 145.1/Dlv-1/Dholavira; 3521.1/M-1161/Mohenjo-daro; 3896.1/-/Unknown
INITIAL_TITLE_OR_CLASSIFIER SIGN LEADING_FORMULA_MARKER SIGN SIGN TERMINAL_TITLE_OR_SUFFIX,4,2,3,303.1/H-1043/Harappa; 1024.2/H-1851/Harappa; 2617.1/M-90/Mohenjo-daro; 3611.1/M-1306/Mohenjo-daro
SIGN SIGN SIGN SIGN INITIAL_TITLE_OR_CLASSIFIER,4,3,2,320.1/H-1506/Harappa; 2431.1/M-1673/Mohenjo-daro; 2721.1/M-196/Mohenjo-daro; 5355.1/Ns-53/Nausharo
LEADING_FORMULA_MARKER SIGN LEADING_FORMULA_MARKER TERMINAL_TITLE_OR_SUFFIX,4,1,2,371.2/H-1771/Harappa; 383.2/H-1773/Harappa; 400.2/H-1772/Harappa; 1105.1/H-46/Harappa
NAME_LIKE_BLOCK[3] SIGN,4,2,2,1060.1/H-1050/Harappa; 2719.1/M-194/Mohenjo-daro; 3130.1/M-703/Mohenjo-daro; 3586.1/M-1280/Mohenjo-daro
SIGN SIGN SIGN INITIAL_TITLE_OR_CLASSIFIER,4,2,1,1062.1/H-1/Harappa; 2535.1/M-6/Mohenjo-daro; 2544.1/M-16/Mohenjo-daro; 3501.1/M-1134/Mohenjo-daro
INITIAL_TITLE_OR_CLASSIFIER SIGN SIGN SIGN SIGN SIGN SIGN TERMINAL_TITLE_OR_SUFFIX,4,2,3,1178.1/H-137/Harappa; 2695.1/M-170/Mohenjo-daro; 3459.1/M-1085/Mohenjo-daro; 3711.1/M-1426/Mohenjo-daro
CROSS_SITE_NAME_ANCHOR[3] SIGN,4,2,2,1502.1/H-531/Harappa; 2343.1/M-1790/Mohenjo-daro; 3266.1/M-854/Mohenjo-daro; 3659.1/M-1360/Mohenjo-daro
TERMINAL_TITLE_OR_SUFFIX SIGN SIGN,4,4,2,1563.1/H-648/Harappa; 2130.1/L-212/Lothal; 3642.1/M-1337/Mohenjo-daro; 4307.1/-/Dholavira
SIGN INITIAL_TITLE_OR_CLASSIFIER SIGN SIGN TERMINAL_TITLE_OR_SUFFIX,4,3,2,1897.1/K-23/Kalibangan; 2012.1/L-39/Lothal; 3490.1/M-1119/Mohenjo-daro; 3580.1/M-1273/Mohenjo-daro
INITIAL_TITLE_OR_CLASSIFIER SIGN NAME_LIKE_BLOCK[2],4,2,2,1943.1/K-88/Kalibangan; 2679.1/M-152/Mohenjo-daro; 3197.1/M-783/Mohenjo-daro; 3308.1/M-903/Mohenjo-daro
INITIAL_TITLE_OR_CLASSIFIER SIGN SIGN SIGN SIGN SIGN SIGN,4,2,1,1990.1/L-11/Lothal; 2417.1/M-1728/Mohenjo-daro; 2582.1/M-54/Mohenjo-daro; 2781.1/M-258/Mohenjo-daro
NAME_LIKE_BLOCK[2] TERMINAL_TITLE_OR_SUFFIX,4,1,2,2320.1/M-1803/Mohenjo-daro; 2522.1/-/Mohenjo-daro; 2992.2/M-516/Mohenjo-daro; 2993.2/M-517/Mohenjo-daro
CROSS_SITE_NAME_ANCHOR[2] SIGN SIGN TERMINAL_TITLE_OR_SUFFIX,4,1,1,2345.1/M-1804/Mohenjo-daro; 2427.1/M-1768/Mohenjo-daro; 2689.1/M-163/Mohenjo-daro; 3326.1/M-931/Mohenjo-daro
SIGN SIGN SIGN SIGN LEADING_FORMULA_MARKER SIGN,4,1,3,2555.1/M-27/Mohenjo-daro; 2862.1/M-366/Mohenjo-daro; 2972.1/M-490/Mohenjo-daro; 2973.1/M-491/Mohenjo-daro
LEADING_FORMULA_MARKER LEADING_FORMULA_MARKER SIGN SIGN SIGN SIGN TERMINAL_TITLE_OR_SUFFIX,4,2,2,2558.1/M-30/Mohenjo-daro; 2801.1/M-280/Mohenjo-daro; 3578.1/M-1271/Mohenjo-daro; 3891.1/-/Unknown
NAME_LIKE_BLOCK[3] TERMINAL_TITLE_OR_SUFFIX SIGN,4,1,1,3001.1/M-527/Mohenjo-daro; 3002.1/M-528/Mohenjo-daro; 3003.1/M-529/Mohenjo-daro; 3004.1/M-530/Mohenjo-daro
SIGN LEADING_FORMULA_MARKER SIGN SIGN TERMINAL_TITLE_OR_SUFFIX,3,2,2,91.1/C-3/Chanhu-daro; 2694.1/M-169/Mohenjo-daro; 3573.1/M-1266/Mohenjo-daro
INITIAL_TITLE_OR_CLASSIFIER SIGN SIGN LEADING_FORMULA_MARKER TERMINAL_TITLE_OR_SUFFIX,3,3,2,92.1/C-4/Chanhu-daro; 2037.1/L-83/Lothal; 2607.1/M-80/Mohenjo-daro
SIGN SIGN SIGN SIGN LEADING_FORMULA_MARKER TERMINAL_TITLE_OR_SUFFIX,3,2,1,93.1/C-5/Chanhu-daro; 2638.1/M-111/Mohenjo-daro; 3301.1/M-896/Mohenjo-daro
INITIAL_TITLE_OR_CLASSIFIER SIGN CROSS_SITE_NAME_ANCHOR[2],3,2,2,136.1/-/Dholavira; 4260.1/-/Dholavira; 5455.1/-/Khirsara
INITIAL_TITLE_OR_CLASSIFIER NAME_LIKE_BLOCK[3],3,2,2,258.2/H-1121/Harappa; 2397.1/M-1927/Mohenjo-daro; 3217.1/M-803/Mohenjo-daro
LEADING_FORMULA_MARKER LEADING_FORMULA_MARKER SIGN TERMINAL_TITLE_OR_SUFFIX,3,2,1,292.1/H-1032/Harappa; 1121.1/H-62/Harappa; 3479.1/M-1108/Mohenjo-daro
SIGN SIGN SIGN TERMINAL_TITLE_OR_SUFFIX SIGN TERMINAL_TITLE_OR_SUFFIX,3,2,2,319.1/H-1077/Harappa; 3245.1/M-833/Mohenjo-daro; 3342.1/M-947/Mohenjo-daro
INITIAL_TITLE_OR_CLASSIFIER SIGN SIGN CLOSING_FORMULA_MARKER TERMINAL_TITLE_OR_SUFFIX,3,3,2,537.1/H-1692/Harappa; 2489.1/-/Dholavira; 2929.1/M-437/Mohenjo-daro
TERMINAL_TITLE_OR_SUFFIX SIGN SIGN TERMINAL_TITLE_OR_SUFFIX SIGN,3,1,1,581.1/H-1990/Harappa; 687.1/H-1989/Harappa; 689.1/H-1988/Harappa
SIGN SIGN SIGN SIGN TERMINAL_TITLE_OR_SUFFIX TERMINAL_TITLE_OR_SUFFIX,3,2,2,649.2/H-1823/Harappa; 2956.2/M-471/Mohenjo-daro; 3840.1/M-1650/Mohenjo-daro
SIGN CLOSING_FORMULA_MARKER SIGN SIGN SIGN TERMINAL_TITLE_OR_SUFFIX,3,3,2,744.2/H-1993/Harappa; 2599.1/M-71/Mohenjo-daro; 4237.1/-/Dholavira
INITIAL_TITLE_OR_CLASSIFIER SIGN SIGN LEADING_FORMULA_MARKER SIGN,3,2,2,805.1/H-1788/Harappa; 1195.1/H-154/Harappa; 2443.1/M-1957/Mohenjo-daro
SIGN TERMINAL_TITLE_OR_SUFFIX TERMINAL_TITLE_OR_SUFFIX TERMINAL_TITLE_OR_SUFFIX,3,1,1,917.2/H-1933/Harappa; 1244.1/H-213/Harappa; 1245.1/H-214/Harappa
SIGN SIGN TERMINAL_TITLE_OR_SUFFIX SIGN SIGN LEADING_FORMULA_MARKER SIGN,3,1,2,1087.1/H-27/Harappa; 1184.1/H-143/Harappa; 1199.1/H-158/Harappa
SIGN SIGN SIGN SIGN LEADING_FORMULA_MARKER SIGN TERMINAL_TITLE_OR_SUFFIX,3,2,2,1099.1/H-40/Harappa; 2470.1/M-1972/Mohenjo-daro; 3085.1/M-636/Mohenjo-daro
SIGN SIGN SIGN SIGN SIGN CROSS_SITE_NAME_ANCHOR[3],3,3,1,1296.1/H-272/Harappa; 1989.1/L-10/Lothal; 3081.1/M-631/Mohenjo-daro
SIGN SIGN LEADING_FORMULA_MARKER SIGN SIGN TERMINAL_TITLE_OR_SUFFIX TERMINAL_TITLE_OR_SUFFIX,3,1,1,1323.2/H-301/Harappa; 1787.2/H-905/Harappa; 1864.2/H-988/Harappa
SIGN SIGN INITIAL_TITLE_OR_CLASSIFIER SIGN,3,2,2,1403.1/H-390/Harappa; 1690.1/H-799/Harappa; 3360.1/M-967/Mohenjo-daro
SIGN CLOSING_FORMULA_MARKER SIGN,3,2,1,1455.1/H-467/Harappa; 3198.1/M-784/Mohenjo-daro; 3237.1/M-824/Mohenjo-daro
LEADING_FORMULA_MARKER CROSS_SITE_NAME_ANCHOR[3],3,2,1,1510.1/H-550/Harappa; 2662.1/M-135/Mohenjo-daro; 3176.1/M-753/Mohenjo-daro
INITIAL_TITLE_OR_CLASSIFIER LEADING_FORMULA_MARKER,3,3,3,1594.2/H-688/Harappa; 3686.1/M-1392/Mohenjo-daro; 5341.1/K-427/Kalibangan
LEADING_FORMULA_MARKER SIGN CLOSING_FORMULA_MARKER,3,2,2,1964.1/K-120/Kalibangan; 3309.1/M-907/Mohenjo-daro; 3470.1/M-1098/Mohenjo-daro
CROSS_SITE_NAME_ANCHOR[2] SIGN TERMINAL_TITLE_OR_SUFFIX,3,2,1,1999.1/L-21/Lothal; 2840.1/M-322/Mohenjo-daro; 3475.1/M-1104/Mohenjo-daro
INITIAL_TITLE_OR_CLASSIFIER SIGN SIGN SIGN SIGN TERMINAL_TITLE_OR_SUFFIX SIGN,3,1,1,2283.1/M-1746/Mohenjo-daro; 2606.1/M-79/Mohenjo-daro; 2724.1/M-199/Mohenjo-daro
INITIAL_TITLE_OR_CLASSIFIER SIGN CROSS_SITE_NAME_ANCHOR[3],3,1,1,2299.1/M-1708/Mohenjo-daro; 3195.1/M-781/Mohenjo-daro; 3505.1/M-1138/Mohenjo-daro
SIGN LEADING_FORMULA_MARKER SIGN SIGN SIGN SIGN SIGN,3,2,2,2480.1/M-1985/Mohenjo-daro; 2867.1/M-371/Mohenjo-daro; 5232.1/-/Janabiyah
SIGN SIGN NAME_LIKE_BLOCK[2],3,1,2,2484.1/M-1720/Mohenjo-daro; 3041.1/M-571/Mohenjo-daro; 3132.1/M-705/Mohenjo-daro
INITIAL_TITLE_OR_CLASSIFIER SIGN SIGN CLOSING_FORMULA_MARKER,3,1,1,2509.1/M-1833/Mohenjo-daro; 3101.1/M-662/Mohenjo-daro; 3315.1/M-918/Mohenjo-daro
LEADING_FORMULA_MARKER LEADING_FORMULA_MARKER SIGN SIGN SIGN SIGN SIGN,3,1,1,2523.1/-/Mohenjo-daro; 3776.1/M-1523/Mohenjo-daro; 3777.1/M-1524/Mohenjo-daro
SIGN CLOSING_FORMULA_MARKER SIGN SIGN TERMINAL_TITLE_OR_SUFFIX,3,1,1,2737.1/M-213/Mohenjo-daro; 2838.1/M-320/Mohenjo-daro; 3361.1/M-968/Mohenjo-daro
SIGN LEADING_FORMULA_MARKER SIGN SIGN SIGN,3,2,2,2766.1/M-243/Mohenjo-daro; 3594.1/M-1289/Mohenjo-daro; 5579.1/-/Dholavira
SIGN LEADING_FORMULA_MARKER CROSS_SITE_NAME_ANCHOR[3],3,2,1,2836.2/M-318/Mohenjo-daro; 3991.1/M-1823/Mohenjo-daro; 4210.1/-/Dholavira
LEADING_FORMULA_MARKER SIGN SIGN SIGN TERMINAL_TITLE_OR_SUFFIX SIGN,3,1,1,3015.1/M-543/Mohenjo-daro; 3016.1/M-544/Mohenjo-daro; 3017.1/M-545/Mohenjo-daro
SIGN TERMINAL_TITLE_OR_SUFFIX SIGN SIGN TERMINAL_TITLE_OR_SUFFIX,3,2,2,3196.1/M-782/Mohenjo-daro; 3502.1/M-1135/Mohenjo-daro; 4191.1/-/Dholavira
SIGN SIGN SIGN TERMINAL_TITLE_OR_SUFFIX SIGN LEADING_FORMULA_MARKER SIGN,3,1,1,3742.1/M-1476/Mohenjo-daro; 3745.1/M-1479/Mohenjo-daro; 3746.1/M-1480/Mohenjo-daro
SIGN SIGN CLOSING_FORMULA_MARKER SIGN,2,2,1,7.1/Ad-2/Allahdino; 3885.1/-/Tello
SIGN SIGN SIGN SIGN SIGN LEADING_FORMULA_MARKER SIGN,2,2,1,19.1/Blk-1/Bala-kot; 2009.1/L-36/Lothal
NAME_LIKE_BLOCK[3] SIGN TERMINAL_TITLE_OR_SUFFIX LEADING_FORMULA_MARKER SIGN,2,1,1,71.1/C-53/Chanhu-daro; 74.1/C-58/Chanhu-daro
SIGN SIGN SIGN SIGN SIGN SIGN SIGN CLOSING_FORMULA_MARKER,2,2,2,121.1/C-40/Chanhu-daro; 2226.1/M-1692/Mohenjo-daro
CLOSING_FORMULA_MARKER CLOSING_FORMULA_MARKER,2,2,1,154.1/-/Farmana; 1499.1/Rjd-1/Rodji
INITIAL_TITLE_OR_CLASSIFIER SIGN NAME_LIKE_BLOCK[3],2,2,1,246.1/H-1045/Harappa; 3090.1/M-646/Mohenjo-daro
SIGN LEADING_FORMULA_MARKER SIGN SIGN TERMINAL_TITLE_OR_SUFFIX SIGN TERMINAL_TITLE_OR_SUFFIX SIGN,2,1,1,370.1/H-2016/Harappa; 1700.1/H-811/Harappa
INITIAL_TITLE_OR_CLASSIFIER SIGN SIGN LEADING_FORMULA_MARKER CROSS_SITE_NAME_ANCHOR[3],2,2,2,402.2/H-2015/Harappa; 3561.1/M-1226/Mohenjo-daro
SIGN SIGN SIGN SIGN LEADING_FORMULA_MARKER TERMINAL_TITLE_OR_SUFFIX TERMINAL_TITLE_OR_SUFFIX,2,1,1,569.2/H-1922/Harappa; 1273.1/H-248/Harappa
TERMINAL_TITLE_OR_SUFFIX TERMINAL_TITLE_OR_SUFFIX SIGN,2,2,1,606.1/H-2334/Harappa; 5364.1/Ns-63/Nausharo
SIGN SIGN LEADING_FORMULA_MARKER SIGN SIGN TERMINAL_TITLE_OR_SUFFIX SIGN SIGN,2,2,1,626.1/H-1662/Harappa; 2696.1/M-171/Mohenjo-daro
CROSS_SITE_NAME_ANCHOR[2] SIGN,2,1,2,681.2/H-2090/Harappa; 705.1/H-2264/Harappa
LEADING_FORMULA_MARKER TERMINAL_TITLE_OR_SUFFIX TERMINAL_TITLE_OR_SUFFIX,2,2,2,784.2/H-1871/Harappa; 4226.1/-/Dholavira
CLOSING_FORMULA_MARKER TERMINAL_TITLE_OR_SUFFIX,2,2,2,906.2/H-2083/Harappa; 3907.1/M-1669/Mohenjo-daro
SIGN SIGN SIGN SIGN SIGN LEADING_FORMULA_MARKER,2,2,2,1068.1/H-7/Harappa; 5229.1/-/Saar
SIGN SIGN SIGN SIGN SIGN INITIAL_TITLE_OR_CLASSIFIER,2,2,1,1071.1/H-10/Harappa; 3540.1/M-1189/Mohenjo-daro
INITIAL_TITLE_OR_CLASSIFIER SIGN LEADING_FORMULA_MARKER CLOSING_FORMULA_MARKER,2,1,1,1079.1/H-19/Harappa; 1113.1/H-54/Harappa
SIGN LEADING_FORMULA_MARKER SIGN SIGN LEADING_FORMULA_MARKER LEADING_FORMULA_MARKER SIGN TERMINAL_TITLE_OR_SUFFIX,2,2,2,1085.1/H-25/Harappa; 2977.1/M-500/Mohenjo-daro
INITIAL_TITLE_OR_CLASSIFIER SIGN LEADING_FORMULA_MARKER SIGN TERMINAL_TITLE_OR_SUFFIX SIGN,2,2,1,1119.1/H-60/Harappa; 3276.1/M-865/Mohenjo-daro
SIGN LEADING_FORMULA_MARKER CLOSING_FORMULA_MARKER,2,2,1,1129.1/H-70/Harappa; 2355.1/M-1838/Mohenjo-daro
SIGN CLOSING_FORMULA_MARKER TERMINAL_TITLE_OR_SUFFIX TERMINAL_TITLE_OR_SUFFIX,2,1,2,1133.1/H-75/Harappa; 1705.1/H-816/Harappa
SIGN SIGN SIGN LEADING_FORMULA_MARKER SIGN SIGN TERMINAL_TITLE_OR_SUFFIX,2,2,1,1134.1/H-76/Harappa; 3249.1/M-837/Mohenjo-daro
SIGN SIGN SIGN CROSS_SITE_NAME_ANCHOR[2],2,2,1,1147.1/H-91/Harappa; 2545.1/M-17/Mohenjo-daro
SIGN INITIAL_TITLE_OR_CLASSIFIER SIGN SIGN SIGN TERMINAL_TITLE_OR_SUFFIX,2,1,2,1196.1/H-155/Harappa; 1436.1/H-446/Harappa
SIGN TERMINAL_TITLE_OR_SUFFIX SIGN TERMINAL_TITLE_OR_SUFFIX,2,2,2,1270.1/H-245/Harappa; 3428.1/M-1053/Mohenjo-daro
LEADING_FORMULA_MARKER SIGN SIGN TERMINAL_TITLE_OR_SUFFIX TERMINAL_TITLE_OR_SUFFIX,2,2,2,1318.1/H-296/Harappa; 2294.1/M-1917/Mohenjo-daro
LEADING_FORMULA_MARKER SIGN NAME_LIKE_BLOCK[2],2,1,2,1346.1/H-324/Harappa; 1387.1/H-368/Harappa
LEADING_FORMULA_MARKER SIGN SIGN TERMINAL_TITLE_OR_SUFFIX SIGN SIGN SIGN,2,2,2,1422.1/H-420/Harappa; 3615.1/M-1310/Mohenjo-daro
SIGN NAME_LIKE_BLOCK[3],2,2,1,1534.1/H-589/Harappa; 3560.1/M-1225/Mohenjo-daro
INITIAL_TITLE_OR_CLASSIFIER SIGN SIGN SIGN SIGN CLOSING_FORMULA_MARKER TERMINAL_TITLE_OR_SUFFIX,2,1,1,1540.1/H-597/Harappa; 1540.2/H-597/Harappa
LEADING_FORMULA_MARKER SIGN LEADING_FORMULA_MARKER SIGN CLOSING_FORMULA_MARKER TERMINAL_TITLE_OR_SUFFIX,2,1,1,1599.1/H-694/Harappa; 1600.1/H-695/Harappa
SIGN SIGN CLOSING_FORMULA_MARKER SIGN SIGN SIGN TERMINAL_TITLE_OR_SUFFIX,2,2,2,1665.1/H-773/Harappa; 3335.1/-/Unknown
SIGN SIGN INITIAL_TITLE_OR_CLASSIFIER TERMINAL_TITLE_OR_SUFFIX,2,2,2,1703.1/H-814/Harappa; 5574.1/-/Unknown
INITIAL_TITLE_OR_CLASSIFIER TERMINAL_TITLE_OR_SUFFIX,2,2,2,1709.1/H-820/Harappa; 5369.1/Ns-68/Nausharo
LEADING_FORMULA_MARKER SIGN CLOSING_FORMULA_MARKER TERMINAL_TITLE_OR_SUFFIX,2,1,1,1741.1/H-857/Harappa; 3967.1/H-1107/Harappa
CLOSING_FORMULA_MARKER SIGN,2,2,2,1777.1/H-895/Harappa; 1907.1/K-39/Kalibangan
SIGN LEADING_FORMULA_MARKER SIGN TERMINAL_TITLE_OR_SUFFIX SIGN,2,2,1,1884.1/K-9/Kalibangan; 2631.1/M-104/Mohenjo-daro
SIGN SIGN SIGN SIGN SIGN SIGN SIGN SIGN SIGN SIGN,2,1,1,1968.1/Krs-1/Khirsara; 4895.1/-/Khirsara
SIGN SIGN SIGN SIGN LEADING_FORMULA_MARKER SIGN SIGN SIGN SIGN TERMINAL_TITLE_OR_SUFFIX,2,2,1,1981.1/Lh-1/Lohumjo-daro; 2580.1/M-52/Mohenjo-daro
SIGN INITIAL_TITLE_OR_CLASSIFIER SIGN SIGN TERMINAL_TITLE_OR_SUFFIX SIGN SIGN TERMINAL_TITLE_OR_SUFFIX,2,2,1,2017.1/L-46/Lothal; 2389.1/M-1681/Mohenjo-daro
LEADING_FORMULA_MARKER SIGN SIGN LEADING_FORMULA_MARKER SIGN,2,2,2,2044.1/L-90/Lothal; 3343.1/M-948/Mohenjo-daro
INITIAL_TITLE_OR_CLASSIFIER SIGN SIGN SIGN CROSS_SITE_NAME_ANCHOR[2],2,2,2,2046.1/L-92/Lothal; 3228.1/M-815/Mohenjo-daro
INITIAL_TITLE_OR_CLASSIFIER SIGN SIGN SIGN CROSS_SITE_NAME_ANCHOR[3],2,1,1,2178.1/M-1696/Mohenjo-daro; 3278.1/M-868/Mohenjo-daro
LEADING_FORMULA_MARKER TERMINAL_TITLE_OR_SUFFIX SIGN,2,1,2,2185.1/M-1751/Mohenjo-daro; 2905.1/M-409/Mohenjo-daro
INITIAL_TITLE_OR_CLASSIFIER SIGN SIGN SIGN TERMINAL_TITLE_OR_SUFFIX SIGN SIGN SIGN,2,1,1,2213.1/M-235/Mohenjo-daro; 2313.1/M-1763/Mohenjo-daro
SIGN SIGN SIGN SIGN SIGN SIGN SIGN SIGN SIGN,2,1,1,2221.1/M-1892/Mohenjo-daro; 2533.1/M-4/Mohenjo-daro
SIGN SIGN SIGN SIGN SIGN SIGN SIGN SIGN SIGN TERMINAL_TITLE_OR_SUFFIX,2,1,1,2224.1/M-1676/Mohenjo-daro; 2577.1/M-49/Mohenjo-daro
SIGN LEADING_FORMULA_MARKER SIGN SIGN SIGN SIGN TERMINAL_TITLE_OR_SUFFIX,2,1,1,2233.1/M-1744/Mohenjo-daro; 3227.1/M-814/Mohenjo-daro
SIGN INITIAL_TITLE_OR_CLASSIFIER SIGN SIGN SIGN TERMINAL_TITLE_OR_SUFFIX SIGN,2,2,1,2240.1/M-1674/Mohenjo-daro; 5216.1/-/Gola Dhoro (Bagasra)
LEADING_FORMULA_MARKER SIGN CROSS_SITE_NAME_ANCHOR[3],2,1,2,2245.1/M-1890/Mohenjo-daro; 3576.1/M-1269/Mohenjo-daro
INITIAL_TITLE_OR_CLASSIFIER SIGN SIGN SIGN LEADING_FORMULA_MARKER,2,1,1,2257.1/M-656/Mohenjo-daro; 3099.1/M-658/Mohenjo-daro
CROSS_SITE_NAME_ANCHOR[2] LEADING_FORMULA_MARKER SIGN SIGN TERMINAL_TITLE_OR_SUFFIX,2,1,1,2285.1/M-1760/Mohenjo-daro; 2293.1/M-808/Mohenjo-daro
SIGN LEADING_FORMULA_MARKER SIGN SIGN CLOSING_FORMULA_MARKER,2,2,1,2291.1/M-1889/Mohenjo-daro; 5465.1/-/Unknown
CROSS_SITE_NAME_ANCHOR[3] SIGN SIGN SIGN,2,2,2,2339.1/M-1757/Mohenjo-daro; 5560.1/-/Rakhigarhi
LEADING_FORMULA_MARKER LEADING_FORMULA_MARKER TERMINAL_TITLE_OR_SUFFIX,2,1,2,2357.1/M-1928/Mohenjo-daro; 3122.1/M-686/Mohenjo-daro
NAME_LIKE_BLOCK[3] SIGN SIGN SIGN TERMINAL_TITLE_OR_SUFFIX,2,1,1,2359.1/M-1693/Mohenjo-daro; 2493.1/M-709/Mohenjo-daro
CROSS_SITE_NAME_ANCHOR[3] LEADING_FORMULA_MARKER SIGN TERMINAL_TITLE_OR_SUFFIX,2,1,1,2516.1/M-1672/Mohenjo-daro; 2844.1/M-326/Mohenjo-daro
SIGN INITIAL_TITLE_OR_CLASSIFIER SIGN SIGN CROSS_SITE_NAME_ANCHOR[3],2,1,1,2526.1/M-1662/Mohenjo-daro; 2613.1/M-86/Mohenjo-daro
SIGN SIGN INITIAL_TITLE_OR_CLASSIFIER SIGN SIGN,2,1,2,2531.1/M-1/Mohenjo-daro; 3685.1/M-1391/Mohenjo-daro
INITIAL_TITLE_OR_CLASSIFIER SIGN SIGN SIGN SIGN TERMINAL_TITLE_OR_SUFFIX SIGN SIGN,2,1,1,2549.1/M-21/Mohenjo-daro; 2556.1/M-28/Mohenjo-daro
LEADING_FORMULA_MARKER SIGN LEADING_FORMULA_MARKER SIGN TERMINAL_TITLE_OR_SUFFIX SIGN SIGN SIGN TERMINAL_TITLE_OR_SUFFIX SIGN SIGN SIGN SIGN,2,1,1,2551.1/M-23/Mohenjo-daro; 2757.1/M-234/Mohenjo-daro
CROSS_SITE_NAME_ANCHOR[2] SIGN SIGN SIGN TERMINAL_TITLE_OR_SUFFIX,2,2,1,2559.1/M-31/Mohenjo-daro; 3890.1/-/Unknown
SIGN SIGN SIGN SIGN LEADING_FORMULA_MARKER SIGN SIGN TERMINAL_TITLE_OR_SUFFIX,2,1,1,2574.1/M-46/Mohenjo-daro; 2584.1/M-56/Mohenjo-daro
NAME_LIKE_BLOCK[3] NAME_LIKE_BLOCK[2],2,1,1,2586.1/M-58/Mohenjo-daro; 3096.1/M-653/Mohenjo-daro
SIGN CLOSING_FORMULA_MARKER SIGN SIGN SIGN,2,1,1,2598.1/M-70/Mohenjo-daro; 3158.1/M-734/Mohenjo-daro
NAME_LIKE_BLOCK[3] SIGN SIGN,2,1,1,2632.1/M-105/Mohenjo-daro; 3329.1/M-934/Mohenjo-daro
SIGN INITIAL_TITLE_OR_CLASSIFIER SIGN SIGN SIGN SIGN TERMINAL_TITLE_OR_SUFFIX,2,1,1,2763.1/M-240/Mohenjo-daro; 3909.1/M-1698/Mohenjo-daro
INITIAL_TITLE_OR_CLASSIFIER SIGN SIGN LEADING_FORMULA_MARKER SIGN TERMINAL_TITLE_OR_SUFFIX,2,1,2,2769.1/M-246/Mohenjo-daro; 2880.1/M-384/Mohenjo-daro
SIGN SIGN SIGN TERMINAL_TITLE_OR_SUFFIX SIGN LEADING_FORMULA_MARKER,2,2,2,2772.1/M-249/Mohenjo-daro; 2919.1/H-2584/Harappa
SIGN SIGN SIGN TERMINAL_TITLE_OR_SUFFIX TERMINAL_TITLE_OR_SUFFIX SIGN CLOSING_FORMULA_MARKER,2,1,1,2975.1/M-494/Mohenjo-daro; 2976.1/M-495/Mohenjo-daro
SIGN SIGN SIGN TERMINAL_TITLE_OR_SUFFIX SIGN SIGN LEADING_FORMULA_MARKER SIGN,2,1,1,3000.1/M-525/Mohenjo-daro; 3741.1/M-1475/Mohenjo-daro
SIGN SIGN INITIAL_TITLE_OR_CLASSIFIER SIGN TERMINAL_TITLE_OR_SUFFIX,2,1,1,3103.1/M-664/Mohenjo-daro; 3127.1/M-700/Mohenjo-daro
SIGN LEADING_FORMULA_MARKER SIGN SIGN SIGN CROSS_SITE_NAME_ANCHOR[2],2,2,1,3118.1/-/Unknown; 3378.1/M-985/Mohenjo-daro
INITIAL_TITLE_OR_CLASSIFIER SIGN SIGN TERMINAL_TITLE_OR_SUFFIX TERMINAL_TITLE_OR_SUFFIX,2,1,2,3156.1/M-732/Mohenjo-daro; 3616.1/M-1311/Mohenjo-daro
CROSS_SITE_NAME_ANCHOR[2] LEADING_FORMULA_MARKER SIGN,2,1,2,3284.1/M-875/Mohenjo-daro; 3663.1/M-1364/Mohenjo-daro
SIGN LEADING_FORMULA_MARKER SIGN SIGN SIGN NAME_LIKE_BLOCK[2],2,1,1,3353.1/M-958/Mohenjo-daro; 3372.1/M-979/Mohenjo-daro
LEADING_FORMULA_MARKER LEADING_FORMULA_MARKER CLOSING_FORMULA_MARKER,1,1,1,50.1/-/Bhirrana
LEADING_FORMULA_MARKER SIGN LEADING_FORMULA_MARKER SIGN LEADING_FORMULA_MARKER SIGN SIGN,1,1,1,64.1/C-54/Chanhu-daro
LEADING_FORMULA_MARKER SIGN TERMINAL_TITLE_OR_SUFFIX TERMINAL_TITLE_OR_SUFFIX LEADING_FORMULA_MARKER SIGN,1,1,1,70.1/C-70/Chanhu-daro
SIGN SIGN TERMINAL_TITLE_OR_SUFFIX SIGN SIGN SIGN LEADING_FORMULA_MARKER SIGN,1,1,1,72.1/C-76/Chanhu-daro
SIGN SIGN TERMINAL_TITLE_OR_SUFFIX LEADING_FORMULA_MARKER SIGN,1,1,1,73.1/C-68/Chanhu-daro
LEADING_FORMULA_MARKER SIGN SIGN INITIAL_TITLE_OR_CLASSIFIER,1,1,1,78.1/C-71/Chanhu-daro
SIGN SIGN SIGN SIGN SIGN TERMINAL_TITLE_OR_SUFFIX LEADING_FORMULA_MARKER SIGN LEADING_FORMULA_MARKER,1,1,1,89.1/C-1/Chanhu-daro
SIGN LEADING_FORMULA_MARKER SIGN SIGN TERMINAL_TITLE_OR_SUFFIX SIGN SIGN SIGN INITIAL_TITLE_OR_CLASSIFIER,1,1,1,94.1/C-6/Chanhu-daro
LEADING_FORMULA_MARKER SIGN SIGN SIGN SIGN LEADING_FORMULA_MARKER SIGN SIGN,1,1,1,99.1/C-11/Chanhu-daro
LEADING_FORMULA_MARKER SIGN TERMINAL_TITLE_OR_SUFFIX LEADING_FORMULA_MARKER SIGN CLOSING_FORMULA_MARKER SIGN,1,1,1,100.1/C-12/Chanhu-daro
LEADING_FORMULA_MARKER LEADING_FORMULA_MARKER TERMINAL_TITLE_OR_SUFFIX TERMINAL_TITLE_OR_SUFFIX,1,1,1,103.1/C-15/Chanhu-daro
CROSS_SITE_NAME_ANCHOR[3] LEADING_FORMULA_MARKER SIGN,1,1,1,104.1/C-16/Chanhu-daro
SIGN CLOSING_FORMULA_MARKER SIGN SIGN CLOSING_FORMULA_MARKER SIGN,1,1,1,109.1/C-22/Chanhu-daro
SIGN LEADING_FORMULA_MARKER SIGN SIGN SIGN SIGN INITIAL_TITLE_OR_CLASSIFIER SIGN,1,1,1,110.1/C-23/Chanhu-daro
SIGN SIGN SIGN SIGN SIGN SIGN SIGN SIGN CLOSING_FORMULA_MARKER,1,1,1,111.1/C-24/Chanhu-daro
SIGN SIGN SIGN SIGN SIGN TERMINAL_TITLE_OR_SUFFIX LEADING_FORMULA_MARKER SIGN,1,1,1,112.1/C-29/Chanhu-daro
SIGN CLOSING_FORMULA_MARKER TERMINAL_TITLE_OR_SUFFIX SIGN,1,1,1,114.1/C-32/Chanhu-daro
SIGN SIGN SIGN SIGN CLOSING_FORMULA_MARKER LEADING_FORMULA_MARKER SIGN,1,1,1,116.1/C-34/Chanhu-daro
SIGN SIGN LEADING_FORMULA_MARKER LEADING_FORMULA_MARKER SIGN SIGN TERMINAL_TITLE_OR_SUFFIX,1,1,1,121.2/C-40/Chanhu-daro
INITIAL_TITLE_OR_CLASSIFIER SIGN SIGN SIGN SIGN LEADING_FORMULA_MARKER TERMINAL_TITLE_OR_SUFFIX,1,1,1,123.1/Dlp-1/Desalpur
TERMINAL_TITLE_OR_SUFFIX SIGN SIGN SIGN SIGN,1,1,1,125.1/Dlp-3/Desalpur
INITIAL_TITLE_OR_CLASSIFIER SIGN SIGN SIGN SIGN SIGN TERMINAL_TITLE_OR_SUFFIX SIGN SIGN,1,1,1,130.1/-/Dholavira
INITIAL_TITLE_OR_CLASSIFIER SIGN SIGN INITIAL_TITLE_OR_CLASSIFIER SIGN SIGN LEADING_FORMULA_MARKER SIGN SIGN,1,1,1,144.1/-/Dholavira
TERMINAL_TITLE_OR_SUFFIX SIGN SIGN SIGN,1,1,1,231.1/H-1393/Harappa
LEADING_FORMULA_MARKER SIGN TERMINAL_TITLE_OR_SUFFIX SIGN TERMINAL_TITLE_OR_SUFFIX,1,1,1,237.1/H-1056/Harappa
TERMINAL_TITLE_OR_SUFFIX LEADING_FORMULA_MARKER SIGN TERMINAL_TITLE_OR_SUFFIX,1,1,1,244.1/-/Harappa
INITIAL_TITLE_OR_CLASSIFIER SIGN SIGN SIGN LEADING_FORMULA_MARKER SIGN SIGN TERMINAL_TITLE_OR_SUFFIX TERMINAL_TITLE_OR_SUFFIX,1,1,1,259.1/H-1051/Harappa
SIGN LEADING_FORMULA_MARKER NAME_LIKE_BLOCK[2],1,1,1,264.1/H-1287/Harappa
TERMINAL_TITLE_OR_SUFFIX SIGN SIGN TERMINAL_TITLE_OR_SUFFIX,1,1,1,338.1/-/Harappa
SIGN SIGN LEADING_FORMULA_MARKER CLOSING_FORMULA_MARKER,1,1,1,374.2/H-1893/Harappa
CLOSING_FORMULA_MARKER TERMINAL_TITLE_OR_SUFFIX TERMINAL_TITLE_OR_SUFFIX,1,1,1,376.2/H-1800/Harappa
SIGN TERMINAL_TITLE_OR_SUFFIX SIGN SIGN SIGN SIGN TERMINAL_TITLE_OR_SUFFIX,1,1,1,415.2/H-1832/Harappa
CLOSING_FORMULA_MARKER SIGN SIGN CLOSING_FORMULA_MARKER,1,1,1,519.2/H-2186/Harappa
INITIAL_TITLE_OR_CLASSIFIER LEADING_FORMULA_MARKER SIGN SIGN LEADING_FORMULA_MARKER SIGN,1,1,1,543.1/-/Harappa
SIGN TERMINAL_TITLE_OR_SUFFIX TERMINAL_TITLE_OR_SUFFIX SIGN TERMINAL_TITLE_OR_SUFFIX,1,1,1,554.2/H-1906/Harappa
SIGN CLOSING_FORMULA_MARKER SIGN TERMINAL_TITLE_OR_SUFFIX SIGN TERMINAL_TITLE_OR_SUFFIX,1,1,1,578.2/H-2197/Harappa
SIGN INITIAL_TITLE_OR_CLASSIFIER LEADING_FORMULA_MARKER SIGN,1,1,1,656.1/H-2568/Harappa
INITIAL_TITLE_OR_CLASSIFIER SIGN LEADING_FORMULA_MARKER INITIAL_TITLE_OR_CLASSIFIER SIGN,1,1,1,771.2/H-1930/Harappa
SIGN LEADING_FORMULA_MARKER SIGN SIGN SIGN TERMINAL_TITLE_OR_SUFFIX,1,1,1,885.1/H-1711/Harappa
TERMINAL_TITLE_OR_SUFFIX INITIAL_TITLE_OR_CLASSIFIER,1,1,1,903.2/H-2093/Harappa
LEADING_FORMULA_MARKER LEADING_FORMULA_MARKER SIGN SIGN SIGN LEADING_FORMULA_MARKER SIGN SIGN SIGN,1,1,1,932.1/H-1710/Harappa
SIGN SIGN SIGN SIGN SIGN LEADING_FORMULA_MARKER LEADING_FORMULA_MARKER LEADING_FORMULA_MARKER SIGN SIGN SIGN SIGN TERMINAL_TITLE_OR_SUFFIX,1,1,1,1020.1/H-1657/Harappa
SIGN SIGN SIGN SIGN CROSS_SITE_NAME_ANCHOR[3],1,1,1,1064.1/H-3/Harappa
SIGN LEADING_FORMULA_MARKER LEADING_FORMULA_MARKER SIGN SIGN SIGN SIGN LEADING_FORMULA_MARKER,1,1,1,1066.1/H-5/Harappa
SIGN SIGN SIGN SIGN SIGN SIGN SIGN TERMINAL_TITLE_OR_SUFFIX SIGN SIGN,1,1,1,1069.1/H-8/Harappa
NAME_LIKE_BLOCK[3] SIGN SIGN SIGN SIGN SIGN SIGN TERMINAL_TITLE_OR_SUFFIX,1,1,1,1073.1/H-12/Harappa
SIGN SIGN SIGN SIGN NAME_LIKE_BLOCK[2],1,1,1,1075.1/H-14/Harappa
SIGN SIGN LEADING_FORMULA_MARKER SIGN SIGN SIGN SIGN SIGN SIGN TERMINAL_TITLE_OR_SUFFIX,1,1,1,1080.1/H-20/Harappa
INITIAL_TITLE_OR_CLASSIFIER SIGN LEADING_FORMULA_MARKER LEADING_FORMULA_MARKER SIGN SIGN TERMINAL_TITLE_OR_SUFFIX SIGN SIGN,1,1,1,1081.1/H-21/Harappa
SIGN SIGN SIGN LEADING_FORMULA_MARKER SIGN SIGN LEADING_FORMULA_MARKER TERMINAL_TITLE_OR_SUFFIX,1,1,1,1082.1/H-22/Harappa
LEADING_FORMULA_MARKER SIGN SIGN LEADING_FORMULA_MARKER SIGN SIGN SIGN CLOSING_FORMULA_MARKER TERMINAL_TITLE_OR_SUFFIX,1,1,1,1098.1/H-39/Harappa
SIGN LEADING_FORMULA_MARKER SIGN SIGN SIGN LEADING_FORMULA_MARKER CROSS_SITE_NAME_ANCHOR[3],1,1,1,1103.1/H-44/Harappa
SIGN INITIAL_TITLE_OR_CLASSIFIER CROSS_SITE_NAME_ANCHOR[3],1,1,1,1114.1/H-55/Harappa
LEADING_FORMULA_MARKER SIGN SIGN TERMINAL_TITLE_OR_SUFFIX SIGN LEADING_FORMULA_MARKER SIGN,1,1,1,1117.1/H-58/Harappa
SIGN CLOSING_FORMULA_MARKER SIGN LEADING_FORMULA_MARKER SIGN TERMINAL_TITLE_OR_SUFFIX SIGN,1,1,1,1127.1/H-68/Harappa
SIGN SIGN SIGN SIGN SIGN INITIAL_TITLE_OR_CLASSIFIER SIGN,1,1,1,1137.1/H-80/Harappa
SIGN SIGN TERMINAL_TITLE_OR_SUFFIX LEADING_FORMULA_MARKER INITIAL_TITLE_OR_CLASSIFIER,1,1,1,1153.1/H-98/Harappa
LEADING_FORMULA_MARKER SIGN SIGN SIGN TERMINAL_TITLE_OR_SUFFIX CROSS_SITE_NAME_ANCHOR[3] SIGN SIGN,1,1,1,1169.1/H-103/Harappa
SIGN SIGN INITIAL_TITLE_OR_CLASSIFIER SIGN LEADING_FORMULA_MARKER SIGN LEADING_FORMULA_MARKER TERMINAL_TITLE_OR_SUFFIX SIGN SIGN,1,1,1,1170.1/H-129/Harappa
SIGN SIGN SIGN SIGN SIGN LEADING_FORMULA_MARKER SIGN SIGN SIGN SIGN SIGN SIGN,1,1,1,1171.1/H-130/Harappa
SIGN SIGN SIGN SIGN SIGN SIGN SIGN SIGN SIGN SIGN SIGN TERMINAL_TITLE_OR_SUFFIX,1,1,1,1172.1/H-131/Harappa
SIGN SIGN SIGN TERMINAL_TITLE_OR_SUFFIX SIGN SIGN SIGN LEADING_FORMULA_MARKER SIGN,1,1,1,1173.1/H-132/Harappa
INITIAL_TITLE_OR_CLASSIFIER SIGN LEADING_FORMULA_MARKER SIGN SIGN SIGN TERMINAL_TITLE_OR_SUFFIX,1,1,1,1175.1/H-134/Harappa
INITIAL_TITLE_OR_CLASSIFIER SIGN LEADING_FORMULA_MARKER SIGN NAME_LIKE_BLOCK[2],1,1,1,1176.1/H-135/Harappa
LEADING_FORMULA_MARKER SIGN SIGN SIGN LEADING_FORMULA_MARKER SIGN SIGN SIGN,1,1,1,1182.1/H-141/Harappa
LEADING_FORMULA_MARKER SIGN LEADING_FORMULA_MARKER SIGN,1,1,1,1187.1/H-146/Harappa
INITIAL_TITLE_OR_CLASSIFIER SIGN SIGN SIGN SIGN SIGN SIGN SIGN SIGN,1,1,1,1190.1/H-149/Harappa
NAME_LIKE_BLOCK[2] SIGN,1,1,1,1198.1/H-157/Harappa
CROSS_SITE_NAME_ANCHOR[3] SIGN SIGN SIGN SIGN,1,1,1,1209.1/H-175/Harappa
INITIAL_TITLE_OR_CLASSIFIER SIGN LEADING_FORMULA_MARKER SIGN TERMINAL_TITLE_OR_SUFFIX SIGN SIGN,1,1,1,1211.1/H-177/Harappa
SIGN SIGN TERMINAL_TITLE_OR_SUFFIX SIGN CLOSING_FORMULA_MARKER,1,1,1,1264.1/H-239/Harappa
LEADING_FORMULA_MARKER SIGN SIGN SIGN SIGN SIGN SIGN CROSS_SITE_NAME_ANCHOR[3],1,1,1,1293.1/H-268/Harappa
INITIAL_TITLE_OR_CLASSIFIER SIGN LEADING_FORMULA_MARKER SIGN LEADING_FORMULA_MARKER TERMINAL_TITLE_OR_SUFFIX,1,1,1,1316.1/-/Dholavira
LEADING_FORMULA_MARKER INITIAL_TITLE_OR_CLASSIFIER LEADING_FORMULA_MARKER,1,1,1,1327.1/H-305/Harappa
SIGN CLOSING_FORMULA_MARKER SIGN LEADING_FORMULA_MARKER SIGN SIGN SIGN,1,1,1,1388.1/H-369/Harappa
SIGN SIGN SIGN SIGN SIGN SIGN TERMINAL_TITLE_OR_SUFFIX SIGN TERMINAL_TITLE_OR_SUFFIX,1,1,1,1400.1/H-386/Harappa
INITIAL_TITLE_OR_CLASSIFIER SIGN LEADING_FORMULA_MARKER SIGN CROSS_SITE_NAME_ANCHOR[3],1,1,1,1401.1/H-388/Harappa
SIGN SIGN LEADING_FORMULA_MARKER SIGN LEADING_FORMULA_MARKER SIGN SIGN TERMINAL_TITLE_OR_SUFFIX,1,1,1,1402.1/H-389/Harappa
LEADING_FORMULA_MARKER SIGN LEADING_FORMULA_MARKER SIGN LEADING_FORMULA_MARKER TERMINAL_TITLE_OR_SUFFIX,1,1,1,1404.1/H-391/Harappa
SIGN SIGN SIGN NAME_LIKE_BLOCK[2],1,1,1,1423.1/H-421/Harappa
SIGN CLOSING_FORMULA_MARKER SIGN SIGN SIGN CLOSING_FORMULA_MARKER TERMINAL_TITLE_OR_SUFFIX,1,1,1,1439.1/H-449/Harappa
SIGN INITIAL_TITLE_OR_CLASSIFIER SIGN CROSS_SITE_NAME_ANCHOR[3],1,1,1,1446.1/H-456/Harappa
LEADING_FORMULA_MARKER INITIAL_TITLE_OR_CLASSIFIER SIGN,1,1,1,1474.1/H-486/Harappa
INITIAL_TITLE_OR_CLASSIFIER SIGN INITIAL_TITLE_OR_CLASSIFIER SIGN SIGN SIGN,1,1,1,1484.1/H-506/Harappa
SIGN SIGN SIGN LEADING_FORMULA_MARKER SIGN SIGN SIGN SIGN SIGN,1,1,1,1554.1/H-639/Harappa
INITIAL_TITLE_OR_CLASSIFIER SIGN LEADING_FORMULA_MARKER SIGN SIGN CROSS_SITE_NAME_ANCHOR[3],1,1,1,1564.1/H-649/Harappa
LEADING_FORMULA_MARKER TERMINAL_TITLE_OR_SUFFIX SIGN SIGN,1,1,1,1569.1/H-654/Harappa
SIGN SIGN SIGN SIGN SIGN TERMINAL_TITLE_OR_SUFFIX LEADING_FORMULA_MARKER SIGN SIGN,1,1,1,1574.1/H-659/Harappa
LEADING_FORMULA_MARKER LEADING_FORMULA_MARKER SIGN LEADING_FORMULA_MARKER LEADING_FORMULA_MARKER,1,1,1,1582.1/H-667/Harappa
SIGN SIGN INITIAL_TITLE_OR_CLASSIFIER SIGN SIGN TERMINAL_TITLE_OR_SUFFIX,1,1,1,1594.1/H-688/Harappa
CROSS_SITE_NAME_ANCHOR[2] SIGN SIGN,1,1,1,1619.1/H-715/Harappa
TERMINAL_TITLE_OR_SUFFIX SIGN TERMINAL_TITLE_OR_SUFFIX,1,1,1,1624.1/H-722/Harappa
CROSS_SITE_NAME_ANCHOR[3] LEADING_FORMULA_MARKER,1,1,1,1634.1/H-735/Harappa
SIGN SIGN LEADING_FORMULA_MARKER TERMINAL_TITLE_OR_SUFFIX TERMINAL_TITLE_OR_SUFFIX,1,1,1,1655.1/H-763/Harappa
LEADING_FORMULA_MARKER SIGN SIGN SIGN TERMINAL_TITLE_OR_SUFFIX TERMINAL_TITLE_OR_SUFFIX,1,1,1,1660.1/H-768/Harappa
INITIAL_TITLE_OR_CLASSIFIER SIGN CLOSING_FORMULA_MARKER,1,1,1,1669.2/H-778/Harappa
CLOSING_FORMULA_MARKER SIGN SIGN,1,1,1,1717.2/H-829/Harappa
INITIAL_TITLE_OR_CLASSIFIER TERMINAL_TITLE_OR_SUFFIX TERMINAL_TITLE_OR_SUFFIX,1,1,1,1728.1/H-842/Harappa
SIGN LEADING_FORMULA_MARKER SIGN TERMINAL_TITLE_OR_SUFFIX TERMINAL_TITLE_OR_SUFFIX,1,1,1,1732.1/H-846/Harappa
SIGN LEADING_FORMULA_MARKER TERMINAL_TITLE_OR_SUFFIX SIGN,1,1,1,1834.1/H-954/Harappa
CROSS_SITE_NAME_ANCHOR[3] SIGN LEADING_FORMULA_MARKER SIGN SIGN,1,1,1,1879.1/K-4/Kalibangan
SIGN INITIAL_TITLE_OR_CLASSIFIER INITIAL_TITLE_OR_CLASSIFIER SIGN SIGN TERMINAL_TITLE_OR_SUFFIX SIGN,1,1,1,1881.1/K-6/Kalibangan
SIGN SIGN SIGN INITIAL_TITLE_OR_CLASSIFIER SIGN SIGN SIGN SIGN SIGN TERMINAL_TITLE_OR_SUFFIX,1,1,1,1885.1/K-10/Kalibangan
SIGN SIGN SIGN SIGN LEADING_FORMULA_MARKER LEADING_FORMULA_MARKER,1,1,1,1889.1/K-14/Kalibangan
SIGN SIGN SIGN SIGN SIGN SIGN TERMINAL_TITLE_OR_SUFFIX TERMINAL_TITLE_OR_SUFFIX SIGN SIGN,1,1,1,1890.1/K-15/Kalibangan
CROSS_SITE_NAME_ANCHOR[2] SIGN TERMINAL_TITLE_OR_SUFFIX SIGN,1,1,1,1891.1/K-16/Kalibangan
SIGN SIGN SIGN INITIAL_TITLE_OR_CLASSIFIER SIGN LEADING_FORMULA_MARKER SIGN,1,1,1,1908.1/K-40/Kalibangan
INITIAL_TITLE_OR_CLASSIFIER SIGN CLOSING_FORMULA_MARKER INITIAL_TITLE_OR_CLASSIFIER TERMINAL_TITLE_OR_SUFFIX,1,1,1,1935.1/K-78/Kalibangan
CLOSING_FORMULA_MARKER SIGN SIGN SIGN SIGN,1,1,1,1944.3/K-89/Kalibangan
SIGN SIGN SIGN LEADING_FORMULA_MARKER SIGN SIGN CLOSING_FORMULA_MARKER TERMINAL_TITLE_OR_SUFFIX,1,1,1,1971.1/-/Kish
LEADING_FORMULA_MARKER SIGN SIGN SIGN SIGN SIGN LEADING_FORMULA_MARKER,1,1,1,1972.1/Kd-7/Kot-Diji
CLOSING_FORMULA_MARKER SIGN SIGN SIGN TERMINAL_TITLE_OR_SUFFIX SIGN SIGN,1,1,1,1985.1/L-2/Lothal
LEADING_FORMULA_MARKER SIGN SIGN SIGN SIGN TERMINAL_TITLE_OR_SUFFIX SIGN,1,1,1,1986.1/L-4/Lothal
LEADING_FORMULA_MARKER CROSS_SITE_NAME_ANCHOR[2],1,1,1,2004.1/L-27/Lothal
INITIAL_TITLE_OR_CLASSIFIER SIGN SIGN LEADING_FORMULA_MARKER CLOSING_FORMULA_MARKER,1,1,1,2006.1/L-29/Lothal
CLOSING_FORMULA_MARKER SIGN TERMINAL_TITLE_OR_SUFFIX,1,1,1,2015.1/L-43/Lothal
CLOSING_FORMULA_MARKER SIGN SIGN SIGN SIGN SIGN,1,1,1,2019.1/L-48/Lothal
LEADING_FORMULA_MARKER INITIAL_TITLE_OR_CLASSIFIER TERMINAL_TITLE_OR_SUFFIX,1,1,1,2027.1/L-60/Lothal
LEADING_FORMULA_MARKER SIGN SIGN SIGN SIGN SIGN SIGN SIGN TERMINAL_TITLE_OR_SUFFIX,1,1,1,2063.1/L-114/Lothal
CROSS_SITE_NAME_ANCHOR[2] SIGN TERMINAL_TITLE_OR_SUFFIX SIGN TERMINAL_TITLE_OR_SUFFIX,1,1,1,2067.1/L-122/Lothal
SIGN CROSS_SITE_NAME_ANCHOR[2],1,1,1,2080.1/L-138/Lothal
SIGN LEADING_FORMULA_MARKER SIGN SIGN LEADING_FORMULA_MARKER,1,1,1,2084.1/L-142/Lothal
LEADING_FORMULA_MARKER SIGN SIGN CLOSING_FORMULA_MARKER,1,1,1,2157.1/M-2064/Mohenjo-daro
SIGN SIGN LEADING_FORMULA_MARKER SIGN TERMINAL_TITLE_OR_SUFFIX SIGN SIGN,1,1,1,2161.1/M-2061/Mohenjo-daro
TERMINAL_TITLE_OR_SUFFIX SIGN TERMINAL_TITLE_OR_SUFFIX SIGN SIGN TERMINAL_TITLE_OR_SUFFIX,1,1,1,2182.1/M-1792/Mohenjo-daro
SIGN INITIAL_TITLE_OR_CLASSIFIER SIGN TERMINAL_TITLE_OR_SUFFIX,1,1,1,2200.1/M-2003/Mohenjo-daro
SIGN CLOSING_FORMULA_MARKER SIGN SIGN SIGN TERMINAL_TITLE_OR_SUFFIX SIGN TERMINAL_TITLE_OR_SUFFIX INITIAL_TITLE_OR_CLASSIFIER,1,1,1,2212.1/M-165/Mohenjo-daro
SIGN SIGN SIGN SIGN SIGN TERMINAL_TITLE_OR_SUFFIX SIGN SIGN SIGN TERMINAL_TITLE_OR_SUFFIX,1,1,1,2214.1/M-682/Mohenjo-daro
SIGN TERMINAL_TITLE_OR_SUFFIX LEADING_FORMULA_MARKER SIGN SIGN,1,1,1,2230.1/M-1743/Mohenjo-daro
SIGN SIGN SIGN LEADING_FORMULA_MARKER SIGN LEADING_FORMULA_MARKER SIGN SIGN SIGN SIGN SIGN SIGN,1,1,1,2231.1/M-1688/Mohenjo-daro
SIGN SIGN SIGN INITIAL_TITLE_OR_CLASSIFIER SIGN SIGN SIGN TERMINAL_TITLE_OR_SUFFIX,1,1,1,2236.1/M-1677/Mohenjo-daro
SIGN SIGN SIGN SIGN SIGN LEADING_FORMULA_MARKER SIGN LEADING_FORMULA_MARKER SIGN,1,1,1,2255.1/M-1765/Mohenjo-daro
SIGN SIGN SIGN SIGN SIGN SIGN NAME_LIKE_BLOCK[2],1,1,1,2270.1/M-1668/Mohenjo-daro
INITIAL_TITLE_OR_CLASSIFIER SIGN SIGN SIGN NAME_LIKE_BLOCK[3],1,1,1,2277.1/M-1990/Mohenjo-daro
INITIAL_TITLE_OR_CLASSIFIER SIGN SIGN TERMINAL_TITLE_OR_SUFFIX LEADING_FORMULA_MARKER SIGN,1,1,1,2278.1/M-1974/Mohenjo-daro
SIGN SIGN SIGN SIGN SIGN SIGN SIGN TERMINAL_TITLE_OR_SUFFIX TERMINAL_TITLE_OR_SUFFIX,1,1,1,2297.1/M-1772/Mohenjo-daro
LEADING_FORMULA_MARKER TERMINAL_TITLE_OR_SUFFIX SIGN LEADING_FORMULA_MARKER LEADING_FORMULA_MARKER SIGN TERMINAL_TITLE_OR_SUFFIX,1,1,1,2310.1/M-1810/Mohenjo-daro
LEADING_FORMULA_MARKER SIGN CLOSING_FORMULA_MARKER SIGN SIGN TERMINAL_TITLE_OR_SUFFIX,1,1,1,2316.1/M-1821/Mohenjo-daro
SIGN SIGN LEADING_FORMULA_MARKER SIGN LEADING_FORMULA_MARKER SIGN,1,1,1,2332.1/M-1741/Mohenjo-daro
LEADING_FORMULA_MARKER SIGN SIGN SIGN TERMINAL_TITLE_OR_SUFFIX SIGN SIGN SIGN,1,1,1,2335.1/M-1671/Mohenjo-daro
INITIAL_TITLE_OR_CLASSIFIER SIGN SIGN SIGN LEADING_FORMULA_MARKER CLOSING_FORMULA_MARKER,1,1,1,2338.1/M-1955/Mohenjo-daro
LEADING_FORMULA_MARKER SIGN TERMINAL_TITLE_OR_SUFFIX SIGN INITIAL_TITLE_OR_CLASSIFIER SIGN SIGN CROSS_SITE_NAME_ANCHOR[2],1,1,1,2342.1/M-1661/Mohenjo-daro
CROSS_SITE_NAME_ANCHOR[3] SIGN CLOSING_FORMULA_MARKER TERMINAL_TITLE_OR_SUFFIX,1,1,1,2344.1/M-1902/Mohenjo-daro
INITIAL_TITLE_OR_CLASSIFIER TERMINAL_TITLE_OR_SUFFIX LEADING_FORMULA_MARKER SIGN SIGN,1,1,1,2346.1/M-1714/Mohenjo-daro
CLOSING_FORMULA_MARKER SIGN CLOSING_FORMULA_MARKER SIGN TERMINAL_TITLE_OR_SUFFIX,1,1,1,2354.1/M-1770/Mohenjo-daro
INITIAL_TITLE_OR_CLASSIFIER SIGN INITIAL_TITLE_OR_CLASSIFIER,1,1,1,2378.1/M-1701/Mohenjo-daro
SIGN LEADING_FORMULA_MARKER SIGN LEADING_FORMULA_MARKER SIGN SIGN SIGN,1,1,1,2393.1/M-1745/Mohenjo-daro
SIGN SIGN LEADING_FORMULA_MARKER SIGN SIGN SIGN TERMINAL_TITLE_OR_SUFFIX SIGN,1,1,1,2398.1/M-1883/Mohenjo-daro
LEADING_FORMULA_MARKER SIGN INITIAL_TITLE_OR_CLASSIFIER SIGN SIGN,1,1,1,2400.1/M-1713/Mohenjo-daro
SIGN SIGN SIGN TERMINAL_TITLE_OR_SUFFIX NAME_LIKE_BLOCK[2],1,1,1,2402.1/M-1901/Mohenjo-daro
SIGN SIGN SIGN SIGN SIGN SIGN SIGN SIGN CROSS_SITE_NAME_ANCHOR[2],1,1,1,2403.1/M-1690/Mohenjo-daro
LEADING_FORMULA_MARKER LEADING_FORMULA_MARKER SIGN TERMINAL_TITLE_OR_SUFFIX TERMINAL_TITLE_OR_SUFFIX,1,1,1,2411.1/M-1725/Mohenjo-daro
INITIAL_TITLE_OR_CLASSIFIER SIGN TERMINAL_TITLE_OR_SUFFIX SIGN SIGN TERMINAL_TITLE_OR_SUFFIX,1,1,1,2413.1/M-1796/Mohenjo-daro
SIGN TERMINAL_TITLE_OR_SUFFIX SIGN LEADING_FORMULA_MARKER SIGN TERMINAL_TITLE_OR_SUFFIX,1,1,1,2414.1/M-1910/Mohenjo-daro
INITIAL_TITLE_OR_CLASSIFIER SIGN SIGN SIGN SIGN SIGN SIGN SIGN LEADING_FORMULA_MARKER SIGN SIGN TERMINAL_TITLE_OR_SUFFIX,1,1,1,2422.1/M-1954/Mohenjo-daro
SIGN SIGN LEADING_FORMULA_MARKER SIGN TERMINAL_TITLE_OR_SUFFIX TERMINAL_TITLE_OR_SUFFIX,1,1,1,2451.1/M-1801/Mohenjo-daro
SIGN LEADING_FORMULA_MARKER INITIAL_TITLE_OR_CLASSIFIER SIGN,1,1,1,2461.1/M-1853/Mohenjo-daro
SIGN SIGN SIGN SIGN SIGN TERMINAL_TITLE_OR_SUFFIX SIGN SIGN SIGN,1,1,1,2463.1/M-1834/Mohenjo-daro
SIGN SIGN SIGN SIGN SIGN SIGN CROSS_SITE_NAME_ANCHOR[3],1,1,1,2473.1/M-1665/Mohenjo-daro
CROSS_SITE_NAME_ANCHOR[2] LEADING_FORMULA_MARKER SIGN CROSS_SITE_NAME_ANCHOR[3],1,1,1,2478.1/M-1906/Mohenjo-daro
INITIAL_TITLE_OR_CLASSIFIER SIGN SIGN SIGN SIGN SIGN SIGN SIGN TERMINAL_TITLE_OR_SUFFIX,1,1,1,2490.1/M-1667/Mohenjo-daro
INITIAL_TITLE_OR_CLASSIFIER SIGN TERMINAL_TITLE_OR_SUFFIX SIGN SIGN CLOSING_FORMULA_MARKER SIGN,1,1,1,2515.1/M-1851/Mohenjo-daro
SIGN SIGN LEADING_FORMULA_MARKER SIGN NAME_LIKE_BLOCK[2],1,1,1,2534.1/M-5/Mohenjo-daro
INITIAL_TITLE_OR_CLASSIFIER SIGN SIGN SIGN SIGN TERMINAL_TITLE_OR_SUFFIX LEADING_FORMULA_MARKER SIGN SIGN,1,1,1,2536.1/M-7/Mohenjo-daro
SIGN SIGN SIGN LEADING_FORMULA_MARKER LEADING_FORMULA_MARKER SIGN SIGN SIGN SIGN SIGN SIGN,1,1,1,2539.1/M-10/Mohenjo-daro
SIGN SIGN SIGN SIGN SIGN SIGN SIGN CLOSING_FORMULA_MARKER TERMINAL_TITLE_OR_SUFFIX,1,1,1,2540.1/M-12/Mohenjo-daro
SIGN SIGN SIGN INITIAL_TITLE_OR_CLASSIFIER NAME_LIKE_BLOCK[3],1,1,1,2548.1/M-20/Mohenjo-daro
LEADING_FORMULA_MARKER SIGN SIGN LEADING_FORMULA_MARKER SIGN TERMINAL_TITLE_OR_SUFFIX SIGN,1,1,1,2552.1/M-24/Mohenjo-daro
SIGN SIGN SIGN SIGN LEADING_FORMULA_MARKER LEADING_FORMULA_MARKER SIGN SIGN TERMINAL_TITLE_OR_SUFFIX,1,1,1,2557.1/M-29/Mohenjo-daro
SIGN SIGN SIGN SIGN SIGN CLOSING_FORMULA_MARKER TERMINAL_TITLE_OR_SUFFIX,1,1,1,2563.1/M-35/Mohenjo-daro
SIGN SIGN SIGN CLOSING_FORMULA_MARKER SIGN LEADING_FORMULA_MARKER SIGN SIGN SIGN SIGN SIGN SIGN TERMINAL_TITLE_OR_SUFFIX,1,1,1,2566.1/M-38/Mohenjo-daro
SIGN SIGN SIGN LEADING_FORMULA_MARKER SIGN SIGN,1,1,1,2567.1/M-39/Mohenjo-daro
INITIAL_TITLE_OR_CLASSIFIER SIGN SIGN SIGN LEADING_FORMULA_MARKER SIGN SIGN SIGN TERMINAL_TITLE_OR_SUFFIX,1,1,1,2569.1/M-41/Mohenjo-daro
SIGN LEADING_FORMULA_MARKER SIGN SIGN SIGN SIGN SIGN TERMINAL_TITLE_OR_SUFFIX,1,1,1,2572.1/M-44/Mohenjo-daro
LEADING_FORMULA_MARKER SIGN SIGN SIGN INITIAL_TITLE_OR_CLASSIFIER CLOSING_FORMULA_MARKER,1,1,1,2576.1/M-48/Mohenjo-daro
INITIAL_TITLE_OR_CLASSIFIER SIGN SIGN SIGN SIGN SIGN CROSS_SITE_NAME_ANCHOR[3],1,1,1,2578.1/M-50/Mohenjo-daro
LEADING_FORMULA_MARKER CLOSING_FORMULA_MARKER SIGN LEADING_FORMULA_MARKER SIGN SIGN SIGN TERMINAL_TITLE_OR_SUFFIX,1,1,1,2579.1/M-51/Mohenjo-daro
LEADING_FORMULA_MARKER LEADING_FORMULA_MARKER SIGN SIGN SIGN SIGN SIGN TERMINAL_TITLE_OR_SUFFIX SIGN,1,1,1,2581.1/M-53/Mohenjo-daro
NAME_LIKE_BLOCK[3] LEADING_FORMULA_MARKER SIGN,1,1,1,2587.1/M-59/Mohenjo-daro
SIGN SIGN SIGN SIGN LEADING_FORMULA_MARKER SIGN CLOSING_FORMULA_MARKER TERMINAL_TITLE_OR_SUFFIX,1,1,1,2594.1/M-66/Mohenjo-daro
NAME_LIKE_BLOCK[3] SIGN TERMINAL_TITLE_OR_SUFFIX SIGN SIGN SIGN,1,1,1,2596.1/M-68/Mohenjo-daro
INITIAL_TITLE_OR_CLASSIFIER SIGN LEADING_FORMULA_MARKER LEADING_FORMULA_MARKER SIGN SIGN TERMINAL_TITLE_OR_SUFFIX,1,1,1,2600.1/M-72/Mohenjo-daro
CLOSING_FORMULA_MARKER SIGN SIGN SIGN SIGN TERMINAL_TITLE_OR_SUFFIX,1,1,1,2609.1/M-82/Mohenjo-daro
SIGN SIGN INITIAL_TITLE_OR_CLASSIFIER SIGN SIGN SIGN SIGN SIGN TERMINAL_TITLE_OR_SUFFIX,1,1,1,2618.1/M-91/Mohenjo-daro
LEADING_FORMULA_MARKER SIGN SIGN CLOSING_FORMULA_MARKER TERMINAL_TITLE_OR_SUFFIX,1,1,1,2621.1/M-94/Mohenjo-daro
INITIAL_TITLE_OR_CLASSIFIER SIGN SIGN TERMINAL_TITLE_OR_SUFFIX SIGN CLOSING_FORMULA_MARKER,1,1,1,2628.1/M-101/Mohenjo-daro
INITIAL_TITLE_OR_CLASSIFIER SIGN SIGN SIGN SIGN INITIAL_TITLE_OR_CLASSIFIER SIGN,1,1,1,2635.1/M-108/Mohenjo-daro
SIGN SIGN SIGN SIGN SIGN LEADING_FORMULA_MARKER SIGN CLOSING_FORMULA_MARKER,1,1,1,2642.1/M-115/Mohenjo-daro
INITIAL_TITLE_OR_CLASSIFIER SIGN SIGN SIGN SIGN CROSS_SITE_NAME_ANCHOR[3],1,1,1,2644.1/M-117/Mohenjo-daro
INITIAL_TITLE_OR_CLASSIFIER SIGN SIGN SIGN SIGN SIGN NAME_LIKE_BLOCK[2],1,1,1,2645.1/M-118/Mohenjo-daro
SIGN SIGN SIGN SIGN SIGN CLOSING_FORMULA_MARKER SIGN SIGN SIGN TERMINAL_TITLE_OR_SUFFIX,1,1,1,2646.1/M-119/Mohenjo-daro
SIGN CLOSING_FORMULA_MARKER SIGN SIGN CLOSING_FORMULA_MARKER TERMINAL_TITLE_OR_SUFFIX,1,1,1,2658.1/M-131/Mohenjo-daro
SIGN SIGN LEADING_FORMULA_MARKER SIGN SIGN TERMINAL_TITLE_OR_SUFFIX SIGN,1,1,1,2663.1/M-136/Mohenjo-daro
LEADING_FORMULA_MARKER SIGN SIGN SIGN SIGN INITIAL_TITLE_OR_CLASSIFIER,1,1,1,2668.1/M-141/Mohenjo-daro
TERMINAL_TITLE_OR_SUFFIX SIGN SIGN SIGN SIGN SIGN,1,1,1,2674.1/M-147/Mohenjo-daro
SIGN INITIAL_TITLE_OR_CLASSIFIER SIGN LEADING_FORMULA_MARKER SIGN TERMINAL_TITLE_OR_SUFFIX,1,1,1,2686.1/M-160/Mohenjo-daro
INITIAL_TITLE_OR_CLASSIFIER SIGN LEADING_FORMULA_MARKER SIGN SIGN CLOSING_FORMULA_MARKER,1,1,1,2691.1/M-166/Mohenjo-daro
LEADING_FORMULA_MARKER SIGN SIGN SIGN LEADING_FORMULA_MARKER,1,1,1,2693.1/M-168/Mohenjo-daro
CROSS_SITE_NAME_ANCHOR[2] LEADING_FORMULA_MARKER SIGN TERMINAL_TITLE_OR_SUFFIX,1,1,1,2727.1/M-202/Mohenjo-daro
SIGN LEADING_FORMULA_MARKER SIGN SIGN SIGN TERMINAL_TITLE_OR_SUFFIX SIGN,1,1,1,2735.1/M-211/Mohenjo-daro
NAME_LIKE_BLOCK[3] SIGN SIGN SIGN SIGN TERMINAL_TITLE_OR_SUFFIX,1,1,1,2768.1/M-245/Mohenjo-daro
CROSS_SITE_NAME_ANCHOR[3] SIGN CLOSING_FORMULA_MARKER,1,1,1,2770.1/M-247/Mohenjo-daro
SIGN LEADING_FORMULA_MARKER SIGN TERMINAL_TITLE_OR_SUFFIX TERMINAL_TITLE_OR_SUFFIX SIGN,1,1,1,2786.1/M-263/Mohenjo-daro
SIGN SIGN SIGN SIGN LEADING_FORMULA_MARKER SIGN TERMINAL_TITLE_OR_SUFFIX SIGN,1,1,1,2789.1/M-266/Mohenjo-daro
INITIAL_TITLE_OR_CLASSIFIER CROSS_SITE_NAME_ANCHOR[3] SIGN,1,1,1,2799.1/M-278/Mohenjo-daro
SIGN SIGN SIGN SIGN TERMINAL_TITLE_OR_SUFFIX SIGN INITIAL_TITLE_OR_CLASSIFIER,1,1,1,2808.1/M-288/Mohenjo-daro
LEADING_FORMULA_MARKER SIGN LEADING_FORMULA_MARKER CLOSING_FORMULA_MARKER,1,1,1,2812.1/M-292/Mohenjo-daro
INITIAL_TITLE_OR_CLASSIFIER SIGN TERMINAL_TITLE_OR_SUFFIX SIGN SIGN,1,1,1,2815.1/M-295/Mohenjo-daro
CROSS_SITE_NAME_ANCHOR[2] SIGN SIGN CLOSING_FORMULA_MARKER TERMINAL_TITLE_OR_SUFFIX,1,1,1,2819.1/M-300/Mohenjo-daro
CROSS_SITE_NAME_ANCHOR[2] CROSS_SITE_NAME_ANCHOR[3],1,1,1,2822.1/M-303/Mohenjo-daro
INITIAL_TITLE_OR_CLASSIFIER SIGN LEADING_FORMULA_MARKER SIGN SIGN TERMINAL_TITLE_OR_SUFFIX SIGN SIGN SIGN TERMINAL_TITLE_OR_SUFFIX SIGN SIGN SIGN SIGN CLOSING_FORMULA_MARKER INITIAL_TITLE_OR_CLASSIFIER SIGN,1,1,1,2832.1/M-314/Mohenjo-daro
SIGN LEADING_FORMULA_MARKER INITIAL_TITLE_OR_CLASSIFIER,1,1,1,2844.2/M-326/Mohenjo-daro
LEADING_FORMULA_MARKER SIGN TERMINAL_TITLE_OR_SUFFIX SIGN NAME_LIKE_BLOCK[3] SIGN SIGN SIGN SIGN SIGN TERMINAL_TITLE_OR_SUFFIX,1,1,1,2851.1/M-355/Mohenjo-daro
LEADING_FORMULA_MARKER LEADING_FORMULA_MARKER INITIAL_TITLE_OR_CLASSIFIER SIGN SIGN SIGN SIGN TERMINAL_TITLE_OR_SUFFIX,1,1,1,2852.1/M-356/Mohenjo-daro
INITIAL_TITLE_OR_CLASSIFIER SIGN LEADING_FORMULA_MARKER SIGN SIGN LEADING_FORMULA_MARKER SIGN TERMINAL_TITLE_OR_SUFFIX,1,1,1,2853.1/M-357/Mohenjo-daro
LEADING_FORMULA_MARKER SIGN SIGN LEADING_FORMULA_MARKER SIGN TERMINAL_TITLE_OR_SUFFIX SIGN LEADING_FORMULA_MARKER,1,1,1,2854.1/M-358/Mohenjo-daro
SIGN SIGN SIGN SIGN SIGN SIGN LEADING_FORMULA_MARKER SIGN SIGN SIGN TERMINAL_TITLE_OR_SUFFIX,1,1,1,2855.1/M-359/Mohenjo-daro
LEADING_FORMULA_MARKER SIGN SIGN TERMINAL_TITLE_OR_SUFFIX SIGN,1,1,1,2856.1/M-360/Mohenjo-daro
NAME_LIKE_BLOCK[3] LEADING_FORMULA_MARKER SIGN SIGN SIGN SIGN SIGN SIGN TERMINAL_TITLE_OR_SUFFIX,1,1,1,2865.1/M-369/Mohenjo-daro
LEADING_FORMULA_MARKER SIGN SIGN SIGN SIGN TERMINAL_TITLE_OR_SUFFIX SIGN SIGN,1,1,1,2866.1/M-370/Mohenjo-daro
NAME_LIKE_BLOCK[2] LEADING_FORMULA_MARKER SIGN TERMINAL_TITLE_OR_SUFFIX,1,1,1,2870.1/M-374/Mohenjo-daro
SIGN SIGN INITIAL_TITLE_OR_CLASSIFIER SIGN SIGN SIGN TERMINAL_TITLE_OR_SUFFIX,1,1,1,2872.1/M-376/Mohenjo-daro
SIGN TERMINAL_TITLE_OR_SUFFIX SIGN SIGN SIGN SIGN,1,1,1,2874.1/M-378/Mohenjo-daro
SIGN LEADING_FORMULA_MARKER TERMINAL_TITLE_OR_SUFFIX SIGN LEADING_FORMULA_MARKER SIGN,1,1,1,2876.1/M-380/Mohenjo-daro
NAME_LIKE_BLOCK[3] SIGN SIGN SIGN,1,1,1,2883.1/M-387/Mohenjo-daro
LEADING_FORMULA_MARKER SIGN INITIAL_TITLE_OR_CLASSIFIER TERMINAL_TITLE_OR_SUFFIX,1,1,1,2885.1/M-389/Mohenjo-daro
CROSS_SITE_NAME_ANCHOR[2] SIGN SIGN SIGN,1,1,1,2886.1/M-390/Mohenjo-daro
SIGN SIGN INITIAL_TITLE_OR_CLASSIFIER SIGN SIGN SIGN LEADING_FORMULA_MARKER SIGN TERMINAL_TITLE_OR_SUFFIX SIGN SIGN SIGN,1,1,1,2887.1/M-391/Mohenjo-daro
SIGN SIGN LEADING_FORMULA_MARKER SIGN SIGN NAME_LIKE_BLOCK[3],1,1,1,2889.1/M-393/Mohenjo-daro
SIGN SIGN LEADING_FORMULA_MARKER SIGN SIGN SIGN SIGN SIGN SIGN SIGN,1,1,1,2892.1/M-396/Mohenjo-daro
LEADING_FORMULA_MARKER LEADING_FORMULA_MARKER SIGN SIGN TERMINAL_TITLE_OR_SUFFIX,1,1,1,2901.1/M-405/Mohenjo-daro
SIGN SIGN SIGN SIGN SIGN SIGN CLOSING_FORMULA_MARKER,1,1,1,2907.1/M-411/Mohenjo-daro
SIGN SIGN LEADING_FORMULA_MARKER SIGN LEADING_FORMULA_MARKER,1,1,1,2908.1/M-412/Mohenjo-daro
LEADING_FORMULA_MARKER SIGN TERMINAL_TITLE_OR_SUFFIX SIGN SIGN SIGN SIGN,1,1,1,2971.1/M-488/Mohenjo-daro
SIGN SIGN TERMINAL_TITLE_OR_SUFFIX INITIAL_TITLE_OR_CLASSIFIER SIGN SIGN SIGN SIGN SIGN SIGN,1,1,1,2975.3/M-494/Mohenjo-daro
SIGN SIGN TERMINAL_TITLE_OR_SUFFIX INITIAL_TITLE_OR_CLASSIFIER SIGN SIGN SIGN SIGN SIGN TERMINAL_TITLE_OR_SUFFIX,1,1,1,2976.3/M-495/Mohenjo-daro
INITIAL_TITLE_OR_CLASSIFIER SIGN SIGN SIGN SIGN LEADING_FORMULA_MARKER SIGN SIGN TERMINAL_TITLE_OR_SUFFIX,1,1,1,3043.1/M-573/Mohenjo-daro
SIGN SIGN SIGN SIGN SIGN SIGN SIGN SIGN SIGN SIGN SIGN,1,1,1,3047.1/M-577/Mohenjo-daro
NAME_LIKE_BLOCK[2] NAME_LIKE_BLOCK[4],1,1,1,3064.1/M-603/Mohenjo-daro
INITIAL_TITLE_OR_CLASSIFIER SIGN SIGN SIGN SIGN SIGN SIGN SIGN SIGN SIGN TERMINAL_TITLE_OR_SUFFIX,1,1,1,3074.1/M-623/Mohenjo-daro
SIGN SIGN SIGN SIGN SIGN TERMINAL_TITLE_OR_SUFFIX SIGN SIGN SIGN TERMINAL_TITLE_OR_SUFFIX SIGN SIGN SIGN,1,1,1,3077.1/M-626/Mohenjo-daro
INITIAL_TITLE_OR_CLASSIFIER SIGN SIGN SIGN SIGN NAME_LIKE_BLOCK[2],1,1,1,3080.1/M-629/Mohenjo-daro
INITIAL_TITLE_OR_CLASSIFIER LEADING_FORMULA_MARKER INITIAL_TITLE_OR_CLASSIFIER SIGN INITIAL_TITLE_OR_CLASSIFIER SIGN SIGN SIGN NAME_LIKE_BLOCK[2],1,1,1,3084.1/M-634/Mohenjo-daro
SIGN TERMINAL_TITLE_OR_SUFFIX SIGN LEADING_FORMULA_MARKER SIGN SIGN SIGN TERMINAL_TITLE_OR_SUFFIX,1,1,1,3087.1/M-638/Mohenjo-daro
SIGN SIGN INITIAL_TITLE_OR_CLASSIFIER SIGN SIGN TERMINAL_TITLE_OR_SUFFIX CROSS_SITE_NAME_ANCHOR[3],1,1,1,3089.1/M-644/Mohenjo-daro
CROSS_SITE_NAME_ANCHOR[3] SIGN LEADING_FORMULA_MARKER SIGN TERMINAL_TITLE_OR_SUFFIX,1,1,1,3091.1/M-647/Mohenjo-daro
SIGN INITIAL_TITLE_OR_CLASSIFIER SIGN SIGN,1,1,1,3102.1/M-663/Mohenjo-daro
SIGN SIGN SIGN SIGN SIGN SIGN TERMINAL_TITLE_OR_SUFFIX SIGN TERMINAL_TITLE_OR_SUFFIX SIGN,1,1,1,3104.1/M-665/Mohenjo-daro
CROSS_SITE_NAME_ANCHOR[3] SIGN LEADING_FORMULA_MARKER SIGN,1,1,1,3109.1/M-670/Mohenjo-daro
LEADING_FORMULA_MARKER SIGN SIGN LEADING_FORMULA_MARKER SIGN SIGN SIGN SIGN TERMINAL_TITLE_OR_SUFFIX,1,1,1,3110.1/M-671/Mohenjo-daro
SIGN SIGN LEADING_FORMULA_MARKER SIGN SIGN SIGN SIGN SIGN TERMINAL_TITLE_OR_SUFFIX,1,1,1,3114.1/M-675/Mohenjo-daro
SIGN INITIAL_TITLE_OR_CLASSIFIER SIGN SIGN SIGN SIGN SIGN SIGN SIGN SIGN TERMINAL_TITLE_OR_SUFFIX,1,1,1,3115.1/M-677/Mohenjo-daro
SIGN LEADING_FORMULA_MARKER SIGN LEADING_FORMULA_MARKER SIGN SIGN SIGN SIGN TERMINAL_TITLE_OR_SUFFIX,1,1,1,3116.1/M-678/Mohenjo-daro
LEADING_FORMULA_MARKER INITIAL_TITLE_OR_CLASSIFIER SIGN SIGN NAME_LIKE_BLOCK[2],1,1,1,3133.1/M-706/Mohenjo-daro
LEADING_FORMULA_MARKER CLOSING_FORMULA_MARKER SIGN SIGN TERMINAL_TITLE_OR_SUFFIX,1,1,1,3134.1/M-708/Mohenjo-daro
SIGN INITIAL_TITLE_OR_CLASSIFIER SIGN SIGN SIGN SIGN SIGN SIGN CROSS_SITE_NAME_ANCHOR[3],1,1,1,3139.1/M-714/Mohenjo-daro
INITIAL_TITLE_OR_CLASSIFIER SIGN SIGN SIGN LEADING_FORMULA_MARKER NAME_LIKE_BLOCK[3],1,1,1,3147.1/M-723/Mohenjo-daro
INITIAL_TITLE_OR_CLASSIFIER SIGN SIGN SIGN CLOSING_FORMULA_MARKER,1,1,1,3148.1/M-724/Mohenjo-daro
INITIAL_TITLE_OR_CLASSIFIER SIGN SIGN SIGN SIGN SIGN LEADING_FORMULA_MARKER SIGN LEADING_FORMULA_MARKER,1,1,1,3150.1/M-726/Mohenjo-daro
SIGN SIGN SIGN SIGN SIGN SIGN TERMINAL_TITLE_OR_SUFFIX TERMINAL_TITLE_OR_SUFFIX,1,1,1,3157.1/M-733/Mohenjo-daro
SIGN SIGN CLOSING_FORMULA_MARKER SIGN LEADING_FORMULA_MARKER SIGN TERMINAL_TITLE_OR_SUFFIX,1,1,1,3159.1/M-735/Mohenjo-daro
SIGN SIGN SIGN LEADING_FORMULA_MARKER SIGN SIGN SIGN TERMINAL_TITLE_OR_SUFFIX SIGN,1,1,1,3163.1/M-739/Mohenjo-daro
SIGN SIGN CLOSING_FORMULA_MARKER SIGN SIGN SIGN SIGN TERMINAL_TITLE_OR_SUFFIX,1,1,1,3169.1/M-746/Mohenjo-daro
CROSS_SITE_NAME_ANCHOR[2] NAME_LIKE_BLOCK[2],1,1,1,3173.1/M-750/Mohenjo-daro
SIGN LEADING_FORMULA_MARKER SIGN CROSS_SITE_NAME_ANCHOR[3],1,1,1,3180.1/M-757/Mohenjo-daro
SIGN SIGN LEADING_FORMULA_MARKER TERMINAL_TITLE_OR_SUFFIX SIGN,1,1,1,3191.1/M-777/Mohenjo-daro
INITIAL_TITLE_OR_CLASSIFIER SIGN TERMINAL_TITLE_OR_SUFFIX NAME_LIKE_BLOCK[2],1,1,1,3194.1/M-780/Mohenjo-daro
INITIAL_TITLE_OR_CLASSIFIER SIGN SIGN NAME_LIKE_BLOCK[3],1,1,1,3206.1/M-792/Mohenjo-daro
INITIAL_TITLE_OR_CLASSIFIER SIGN SIGN SIGN LEADING_FORMULA_MARKER SIGN TERMINAL_TITLE_OR_SUFFIX,1,1,1,3207.1/M-793/Mohenjo-daro
INITIAL_TITLE_OR_CLASSIFIER SIGN SIGN SIGN LEADING_FORMULA_MARKER TERMINAL_TITLE_OR_SUFFIX,1,1,1,3219.1/M-806/Mohenjo-daro
INITIAL_TITLE_OR_CLASSIFIER SIGN SIGN SIGN CLOSING_FORMULA_MARKER TERMINAL_TITLE_OR_SUFFIX,1,1,1,3246.1/M-834/Mohenjo-daro
SIGN LEADING_FORMULA_MARKER SIGN SIGN SIGN SIGN LEADING_FORMULA_MARKER SIGN,1,1,1,3252.1/M-840/Mohenjo-daro
INITIAL_TITLE_OR_CLASSIFIER SIGN SIGN CLOSING_FORMULA_MARKER TERMINAL_TITLE_OR_SUFFIX SIGN,1,1,1,3263.1/M-851/Mohenjo-daro
SIGN SIGN INITIAL_TITLE_OR_CLASSIFIER SIGN SIGN CLOSING_FORMULA_MARKER SIGN SIGN INITIAL_TITLE_OR_CLASSIFIER,1,1,1,3267.1/M-855/Mohenjo-daro
CROSS_SITE_NAME_ANCHOR[3] NAME_LIKE_BLOCK[2],1,1,1,3280.1/M-870/Mohenjo-daro
SIGN CLOSING_FORMULA_MARKER SIGN NAME_LIKE_BLOCK[3],1,1,1,3286.1/M-878/Mohenjo-daro
SIGN SIGN SIGN SIGN INITIAL_TITLE_OR_CLASSIFIER TERMINAL_TITLE_OR_SUFFIX,1,1,1,3288.1/M-880/Mohenjo-daro
SIGN SIGN CLOSING_FORMULA_MARKER TERMINAL_TITLE_OR_SUFFIX SIGN,1,1,1,3290.1/M-882/Mohenjo-daro
INITIAL_TITLE_OR_CLASSIFIER SIGN SIGN TERMINAL_TITLE_OR_SUFFIX SIGN SIGN SIGN SIGN,1,1,1,3299.1/M-894/Mohenjo-daro
INITIAL_TITLE_OR_CLASSIFIER SIGN SIGN SIGN SIGN SIGN SIGN SIGN CLOSING_FORMULA_MARKER TERMINAL_TITLE_OR_SUFFIX,1,1,1,3305.1/M-900/Mohenjo-daro
SIGN SIGN SIGN LEADING_FORMULA_MARKER NAME_LIKE_BLOCK[3],1,1,1,3332.1/M-937/Mohenjo-daro
INITIAL_TITLE_OR_CLASSIFIER SIGN LEADING_FORMULA_MARKER SIGN SIGN,1,1,1,3336.1/M-941/Mohenjo-daro
LEADING_FORMULA_MARKER SIGN LEADING_FORMULA_MARKER LEADING_FORMULA_MARKER,1,1,1,3350.1/M-955/Mohenjo-daro
SIGN CROSS_SITE_NAME_ANCHOR[3] TERMINAL_TITLE_OR_SUFFIX,1,1,1,3351.1/M-956/Mohenjo-daro
TERMINAL_TITLE_OR_SUFFIX SIGN SIGN SIGN CLOSING_FORMULA_MARKER TERMINAL_TITLE_OR_SUFFIX,1,1,1,3359.1/M-965/Mohenjo-daro
SIGN SIGN TERMINAL_TITLE_OR_SUFFIX SIGN SIGN SIGN SIGN SIGN TERMINAL_TITLE_OR_SUFFIX,1,1,1,3373.1/M-980/Mohenjo-daro
LEADING_FORMULA_MARKER LEADING_FORMULA_MARKER SIGN SIGN SIGN,1,1,1,3389.1/M-997/Mohenjo-daro
SIGN CLOSING_FORMULA_MARKER INITIAL_TITLE_OR_CLASSIFIER,1,1,1,3390.1/M-998/Mohenjo-daro
LEADING_FORMULA_MARKER LEADING_FORMULA_MARKER SIGN SIGN,1,1,1,3401.1/M-1016/Mohenjo-daro
SIGN SIGN SIGN SIGN SIGN LEADING_FORMULA_MARKER SIGN SIGN NAME_LIKE_BLOCK[2],1,1,1,3427.1/M-1052/Mohenjo-daro
SIGN SIGN SIGN LEADING_FORMULA_MARKER SIGN SIGN SIGN TERMINAL_TITLE_OR_SUFFIX,1,1,1,3455.1/M-1081/Mohenjo-daro
SIGN SIGN TERMINAL_TITLE_OR_SUFFIX SIGN SIGN INITIAL_TITLE_OR_CLASSIFIER,1,1,1,3467.1/M-1095/Mohenjo-daro
SIGN SIGN SIGN SIGN INITIAL_TITLE_OR_CLASSIFIER SIGN,1,1,1,3474.1/M-1103/Mohenjo-daro
CROSS_SITE_NAME_ANCHOR[3] SIGN LEADING_FORMULA_MARKER TERMINAL_TITLE_OR_SUFFIX,1,1,1,3485.1/M-1114/Mohenjo-daro
SIGN SIGN SIGN SIGN TERMINAL_TITLE_OR_SUFFIX SIGN SIGN SIGN,1,1,1,3487.1/M-1116/Mohenjo-daro
INITIAL_TITLE_OR_CLASSIFIER SIGN LEADING_FORMULA_MARKER INITIAL_TITLE_OR_CLASSIFIER,1,1,1,3495.1/M-1126/Mohenjo-daro
SIGN LEADING_FORMULA_MARKER SIGN TERMINAL_TITLE_OR_SUFFIX SIGN SIGN,1,1,1,3496.1/M-1127/Mohenjo-daro
LEADING_FORMULA_MARKER NAME_LIKE_BLOCK[2],1,1,1,3508.1/M-1146/Mohenjo-daro
SIGN SIGN LEADING_FORMULA_MARKER LEADING_FORMULA_MARKER TERMINAL_TITLE_OR_SUFFIX SIGN,1,1,1,3525.1/M-1165/Mohenjo-daro
SIGN SIGN SIGN SIGN SIGN SIGN SIGN SIGN CROSS_SITE_NAME_ANCHOR[3],1,1,1,3529.1/M-1169/Mohenjo-daro
SIGN LEADING_FORMULA_MARKER LEADING_FORMULA_MARKER SIGN SIGN,1,1,1,3531.1/M-1173/Mohenjo-daro
SIGN SIGN TERMINAL_TITLE_OR_SUFFIX SIGN TERMINAL_TITLE_OR_SUFFIX SIGN SIGN,1,1,1,3538.1/M-1186/Mohenjo-daro
CROSS_SITE_NAME_ANCHOR[3] LEADING_FORMULA_MARKER SIGN TERMINAL_TITLE_OR_SUFFIX SIGN,1,1,1,3541.1/M-1190/Mohenjo-daro
SIGN SIGN TERMINAL_TITLE_OR_SUFFIX SIGN SIGN TERMINAL_TITLE_OR_SUFFIX SIGN,1,1,1,3552.1/M-1202/Mohenjo-daro
SIGN CROSS_SITE_NAME_ANCHOR[2] SIGN,1,1,1,3559.2/M-1224/Mohenjo-daro
INITIAL_TITLE_OR_CLASSIFIER SIGN SIGN SIGN TERMINAL_TITLE_OR_SUFFIX SIGN SIGN,1,1,1,3574.1/M-1267/Mohenjo-daro
LEADING_FORMULA_MARKER SIGN SIGN SIGN CROSS_SITE_NAME_ANCHOR[2],1,1,1,3579.1/M-1272/Mohenjo-daro
LEADING_FORMULA_MARKER SIGN SIGN LEADING_FORMULA_MARKER SIGN TERMINAL_TITLE_OR_SUFFIX SIGN SIGN,1,1,1,3589.1/M-1284/Mohenjo-daro
LEADING_FORMULA_MARKER SIGN LEADING_FORMULA_MARKER LEADING_FORMULA_MARKER SIGN,1,1,1,3592.1/M-1287/Mohenjo-daro
NAME_LIKE_BLOCK[3] SIGN CLOSING_FORMULA_MARKER TERMINAL_TITLE_OR_SUFFIX,1,1,1,3648.1/M-1343/Mohenjo-daro
INITIAL_TITLE_OR_CLASSIFIER SIGN SIGN SIGN SIGN INITIAL_TITLE_OR_CLASSIFIER TERMINAL_TITLE_OR_SUFFIX,1,1,1,3650.1/M-1346/Mohenjo-daro
SIGN LEADING_FORMULA_MARKER SIGN NAME_LIKE_BLOCK[3] SIGN SIGN,1,1,1,3651.1/M-1350/Mohenjo-daro
CROSS_SITE_NAME_ANCHOR[2] SIGN SIGN LEADING_FORMULA_MARKER SIGN SIGN,1,1,1,3668.1/M-1369/Mohenjo-daro
CROSS_SITE_NAME_ANCHOR[3] LEADING_FORMULA_MARKER SIGN SIGN TERMINAL_TITLE_OR_SUFFIX,1,1,1,3679.1/M-1383/Mohenjo-daro
SIGN SIGN SIGN SIGN SIGN SIGN SIGN SIGN,1,1,1,3680.1/M-1384/Mohenjo-daro
SIGN LEADING_FORMULA_MARKER SIGN LEADING_FORMULA_MARKER SIGN,1,1,1,3682.1/M-1386/Mohenjo-daro
SIGN TERMINAL_TITLE_OR_SUFFIX TERMINAL_TITLE_OR_SUFFIX SIGN,1,1,1,3693.1/M-1402/Mohenjo-daro
SIGN SIGN SIGN SIGN SIGN SIGN LEADING_FORMULA_MARKER SIGN,1,1,1,3712.1/M-1427/Mohenjo-daro
SIGN LEADING_FORMULA_MARKER SIGN TERMINAL_TITLE_OR_SUFFIX SIGN TERMINAL_TITLE_OR_SUFFIX SIGN,1,1,1,3713.1/M-1429/Mohenjo-daro
SIGN SIGN SIGN SIGN SIGN TERMINAL_TITLE_OR_SUFFIX TERMINAL_TITLE_OR_SUFFIX,1,1,1,3769.1/-/Ganweriwala
LEADING_FORMULA_MARKER SIGN SIGN LEADING_FORMULA_MARKER,1,1,1,3842.1/M-1652/Mohenjo-daro
SIGN SIGN SIGN SIGN TERMINAL_TITLE_OR_SUFFIX SIGN SIGN SIGN INITIAL_TITLE_OR_CLASSIFIER,1,1,1,3858.1/Nd-1/Nindowari-damb
INITIAL_TITLE_OR_CLASSIFIER SIGN CLOSING_FORMULA_MARKER CROSS_SITE_NAME_ANCHOR[3],1,1,1,3875.1/Sktd-1/Surkotada
TERMINAL_TITLE_OR_SUFFIX SIGN CLOSING_FORMULA_MARKER SIGN TERMINAL_TITLE_OR_SUFFIX,1,1,1,3876.1/Sktd-2/Surkotada
SIGN SIGN SIGN LEADING_FORMULA_MARKER SIGN SIGN SIGN SIGN,1,1,1,3882.1/-/Susa
SIGN SIGN SIGN LEADING_FORMULA_MARKER TERMINAL_TITLE_OR_SUFFIX SIGN,1,1,1,3915.1/H-1021/Harappa
LEADING_FORMULA_MARKER SIGN INITIAL_TITLE_OR_CLASSIFIER SIGN,1,1,1,3916.1/H-1022/Harappa
SIGN SIGN SIGN SIGN LEADING_FORMULA_MARKER CROSS_SITE_NAME_ANCHOR[3],1,1,1,3985.1/M-1736/Mohenjo-daro
SIGN CLOSING_FORMULA_MARKER SIGN LEADING_FORMULA_MARKER SIGN,1,1,1,3992.1/M-1825/Mohenjo-daro
SIGN CLOSING_FORMULA_MARKER SIGN SIGN SIGN SIGN,1,1,1,3993.1/M-1835/Mohenjo-daro
SIGN SIGN SIGN INITIAL_TITLE_OR_CLASSIFIER SIGN SIGN TERMINAL_TITLE_OR_SUFFIX,1,1,1,3995.1/M-1843/Mohenjo-daro
INITIAL_TITLE_OR_CLASSIFIER LEADING_FORMULA_MARKER TERMINAL_TITLE_OR_SUFFIX,1,1,1,4000.1/M-1878/Mohenjo-daro
SIGN TERMINAL_TITLE_OR_SUFFIX LEADING_FORMULA_MARKER SIGN,1,1,1,4016.1/M-2021/Mohenjo-daro
SIGN SIGN INITIAL_TITLE_OR_CLASSIFIER LEADING_FORMULA_MARKER SIGN,1,1,1,4022.1/M-2033/Mohenjo-daro
INITIAL_TITLE_OR_CLASSIFIER SIGN SIGN TERMINAL_TITLE_OR_SUFFIX SIGN INITIAL_TITLE_OR_CLASSIFIER,1,1,1,4034.1/M-2087/Mohenjo-daro
INITIAL_TITLE_OR_CLASSIFIER LEADING_FORMULA_MARKER SIGN SIGN TERMINAL_TITLE_OR_SUFFIX,1,1,1,4059.1/H-1198/Harappa
LEADING_FORMULA_MARKER LEADING_FORMULA_MARKER SIGN,1,1,1,4097.1/H-1367/Harappa
SIGN SIGN LEADING_FORMULA_MARKER SIGN SIGN SIGN CLOSING_FORMULA_MARKER TERMINAL_TITLE_OR_SUFFIX,1,1,1,4155.1/-/Gonur Depe
SIGN LEADING_FORMULA_MARKER SIGN SIGN SIGN LEADING_FORMULA_MARKER SIGN,1,1,1,4164.1/-/Dholavira
SIGN SIGN LEADING_FORMULA_MARKER SIGN SIGN SIGN SIGN TERMINAL_TITLE_OR_SUFFIX,1,1,1,4177.1/-/Dholavira
SIGN SIGN SIGN SIGN SIGN SIGN CLOSING_FORMULA_MARKER TERMINAL_TITLE_OR_SUFFIX,1,1,1,4182.1/-/Dholavira
LEADING_FORMULA_MARKER SIGN SIGN SIGN SIGN LEADING_FORMULA_MARKER SIGN,1,1,1,4194.1/-/Dholavira
INITIAL_TITLE_OR_CLASSIFIER SIGN SIGN CLOSING_FORMULA_MARKER INITIAL_TITLE_OR_CLASSIFIER,1,1,1,4195.1/-/Dholavira
SIGN SIGN SIGN SIGN CLOSING_FORMULA_MARKER SIGN SIGN,1,1,1,4203.1/-/Dholavira
SIGN TERMINAL_TITLE_OR_SUFFIX SIGN SIGN SIGN TERMINAL_TITLE_OR_SUFFIX,1,1,1,4221.1/-/Dholavira
TERMINAL_TITLE_OR_SUFFIX LEADING_FORMULA_MARKER,1,1,1,4223.1/-/Dholavira
SIGN INITIAL_TITLE_OR_CLASSIFIER SIGN SIGN SIGN SIGN SIGN CLOSING_FORMULA_MARKER TERMINAL_TITLE_OR_SUFFIX,1,1,1,4229.1/-/Dholavira
SIGN SIGN SIGN LEADING_FORMULA_MARKER LEADING_FORMULA_MARKER SIGN,1,1,1,4233.1/-/Dholavira
SIGN SIGN LEADING_FORMULA_MARKER SIGN SIGN SIGN,1,1,1,4244.1/-/Dholavira
SIGN SIGN SIGN SIGN LEADING_FORMULA_MARKER,1,1,1,4247.1/-/Dholavira
CLOSING_FORMULA_MARKER INITIAL_TITLE_OR_CLASSIFIER SIGN SIGN TERMINAL_TITLE_OR_SUFFIX,1,1,1,4348.1/-/Dholavira
TERMINAL_TITLE_OR_SUFFIX CLOSING_FORMULA_MARKER TERMINAL_TITLE_OR_SUFFIX,1,1,1,4575.1/H-1292/Harappa
SIGN SIGN SIGN SIGN SIGN SIGN SIGN CROSS_SITE_NAME_ANCHOR[2],1,1,1,5218.1/-/Gola Dhoro (Bagasra)
INITIAL_TITLE_OR_CLASSIFIER LEADING_FORMULA_MARKER SIGN,1,1,1,5343.1/K-429/Kalibangan
INITIAL_TITLE_OR_CLASSIFIER SIGN SIGN SIGN INITIAL_TITLE_OR_CLASSIFIER,1,1,1,5358.1/Ns-57/Nausharo
SIGN SIGN SIGN SIGN SIGN SIGN SIGN SIGN TERMINAL_TITLE_OR_SUFFIX SIGN SIGN,1,1,1,5361.1/Ns-60/Nausharo
SIGN SIGN SIGN SIGN TERMINAL_TITLE_OR_SUFFIX SIGN TERMINAL_TITLE_OR_SUFFIX SIGN,1,1,1,5367.1/Ns-66/Nausharo
SIGN SIGN SIGN SIGN SIGN LEADING_FORMULA_MARKER SIGN TERMINAL_TITLE_OR_SUFFIX,1,1,1,5384.1/Ns-87/Nausharo
SIGN SIGN LEADING_FORMULA_MARKER TERMINAL_TITLE_OR_SUFFIX,1,1,1,5456.1/-/Tarkhanewala-dera
CLOSING_FORMULA_MARKER CLOSING_FORMULA_MARKER CLOSING_FORMULA_MARKER,1,1,1,5533.1/M-2094/Mohenjo-daro
INITIAL_TITLE_OR_CLASSIFIER SIGN SIGN INITIAL_TITLE_OR_CLASSIFIER LEADING_FORMULA_MARKER,1,1,1,5571.1/-/Dholavira
