"Sign","TotalTokens","TextCount","SiteCount","RegionCount","TypeCount","DamagedContextTokens","RarityBand","PositionTotal","Start","End","Medial","Singleton","StartPct","EndPct","MedialPct","SingletonPct","MeanNormPosition","CandidateClasses"
"740","1928","1904","41","10","22","810","Dominant500Plus","1371","4","924","433","10","0.0029","0.674","0.3158","0.0073","0.8782","DominantCode"
"000","1881","1337","44","9","26","1881","ErodedUnknown","0","0","0","0","0","0","0","0","0","0","ErodedUnknown"
"002","851","848","29","9","21","380","Dominant500Plus","605","7","23","563","12","0.0116","0.038","0.9306","0.0198","0.3576","DominantCode;MedialCandidate"
"032","588","566","20","6","19","250","Dominant500Plus","442","151","37","207","47","0.3416","0.0837","0.4683","0.1063","0.3767","DominantCode"
"700","578","577","12","6","13","164","Dominant500Plus","459","67","359","22","11","0.146","0.7821","0.0479","0.024","0.8163","DominantCode;TerminalCandidate"
"033","523","506","18","6","19","213","Dominant500Plus","387","160","37","165","25","0.4134","0.0956","0.4264","0.0646","0.3684","DominantCode"
"400","502","497","13","6","13","181","Dominant500Plus","360","1","325","34","0","0.0028","0.9028","0.0944","0","0.9583","DominantCode;TerminalCandidate"
"220","477","470","29","9","22","226","Common100To499","318","37","17","254","10","0.1164","0.0535","0.7987","0.0314","0.4602","Unclassified"
"240","354","354","13","6","12","111","Common100To499","278","67","1","210","0","0.241","0.0036","0.7554","0","0.4053","Unclassified"
"520","321","320","16","7","12","120","Common100To499","255","1","213","41","0","0.0039","0.8353","0.1608","0","0.9293","TerminalCandidate"
"390","290","280","25","7","16","106","Common100To499","216","8","104","96","8","0.037","0.4815","0.4444","0.037","0.7544","Unclassified"
"861","272","272","15","5","13","93","Common100To499","212","130","36","46","0","0.6132","0.1698","0.217","0","0.2572","Unclassified"
"003","259","253","14","7","18","77","Common100To499","201","116","3","76","6","0.5771","0.0149","0.3781","0.0299","0.2576","Unclassified"
"031","258","252","16","8","17","125","Common100To499","173","57","16","90","10","0.3295","0.0925","0.5202","0.0578","0.3745","Unclassified"
"235","250","250","12","6","12","87","Common100To499","195","82","1","111","1","0.4205","0.0051","0.5692","0.0051","0.2488","Unclassified"
"820","244","239","18","6","17","107","Common100To499","170","125","14","26","5","0.7353","0.0824","0.1529","0.0294","0.1676","Unclassified"
"590","228","228","17","7","11","82","Common100To499","166","39","10","117","0","0.2349","0.0602","0.7048","0","0.4388","Unclassified"
"741","225","223","16","5","14","99","Common100To499","170","16","3","151","0","0.0941","0.0176","0.8882","0","0.3382","MedialCandidate"
"060","222","220","17","8","13","91","Common100To499","181","2","2","177","0","0.011","0.011","0.9779","0","0.2832","MedialCandidate"
"817","221","221","14","8","13","93","Common100To499","164","146","4","14","0","0.8902","0.0244","0.0854","0","0.0628","InitialCandidate"
"705","219","218","13","6","19","108","Common100To499","148","40","2","105","1","0.2703","0.0135","0.7095","0.0068","0.3261","Unclassified"
"176","217","217","10","4","9","75","Common100To499","166","68","1","97","0","0.4096","0.006","0.5843","0","0.3304","Unclassified"
"001","213","212","17","9","16","92","Common100To499","155","8","11","132","4","0.0516","0.071","0.8516","0.0258","0.4791","MedialCandidate"
"090","195","193","14","8","16","98","Common100To499","128","8","97","20","3","0.0625","0.7578","0.1562","0.0234","0.8652","TerminalCandidate"
"233","192","192","10","4","10","71","Common100To499","146","33","2","111","0","0.226","0.0137","0.7603","0","0.3922","Unclassified"
"034","184","182","7","2","10","59","Common100To499","141","111","15","4","11","0.7872","0.1064","0.0284","0.078","0.1652","InitialCandidate"
"415","176","176","17","7","12","69","Common100To499","130","45","5","79","1","0.3462","0.0385","0.6077","0.0077","0.2906","Unclassified"
"920","153","151","13","5","15","61","Common100To499","119","69","3","47","0","0.5798","0.0252","0.395","0","0.194","Unclassified"
"798","151","151","10","4","13","63","Common100To499","107","28","1","78","0","0.2617","0.0093","0.729","0","0.3753","Unclassified"
"407","143","128","8","5","8","42","Common100To499","123","0","68","55","0","0","0.5528","0.4472","0","0.8357","Unclassified"
"255","136","136","11","7","10","58","Common100To499","98","36","2","60","0","0.3673","0.0204","0.6122","0","0.3267","Unclassified"
"806","135","133","4","3","12","34","Common100To499","111","53","1","57","0","0.4775","0.009","0.5135","0","0.2582","Unclassified"
"100","134","134","10","5","13","43","Common100To499","98","3","2","93","0","0.0306","0.0204","0.949","0","0.632","MedialCandidate"
"760","134","134","10","5","11","62","Common100To499","90","1","1","88","0","0.0111","0.0111","0.9778","0","0.6654","MedialCandidate"
"803","134","134","12","5","10","50","Common100To499","106","43","0","63","0","0.4057","0","0.5943","0","0.3042","Unclassified"
"840","132","132","14","7","12","52","Common100To499","98","21","2","65","10","0.2143","0.0204","0.6633","0.102","0.4108","Unclassified"
"550","124","123","9","5","14","57","Common100To499","89","36","4","47","2","0.4045","0.0449","0.5281","0.0225","0.3546","Unclassified"
"368","120","119","11","5","11","42","Common100To499","91","5","29","57","0","0.0549","0.3187","0.6264","0","0.5382","Unclassified"
"690","119","119","7","4","10","44","Common100To499","91","9","20","62","0","0.0989","0.2198","0.6813","0","0.6522","Unclassified"
"405","118","116","13","6","10","32","Common100To499","94","1","34","58","1","0.0106","0.3617","0.617","0.0106","0.6184","Unclassified"
"900","112","110","11","5","10","39","Common100To499","85","17","1","67","0","0.2","0.0118","0.7882","0","0.486","Unclassified"
"140","110","110","8","4","13","47","Common100To499","74","31","4","39","0","0.4189","0.0541","0.527","0","0.3365","Unclassified"
"156","107","107","8","3","7","30","Common100To499","95","3","71","18","3","0.0316","0.7474","0.1895","0.0316","0.8814","Unclassified"
"706","102","102","8","4","10","43","Common100To499","74","25","4","43","2","0.3378","0.0541","0.5811","0.027","0.3456","Unclassified"
"004","99","98","13","6","13","33","Active20To99","77","27","1","43","6","0.3506","0.013","0.5584","0.0779","0.4222","Unclassified"
"231","95","95","7","4","8","43","Active20To99","70","22","1","47","0","0.3143","0.0143","0.6714","0","0.3498","Unclassified"
"151","94","94","10","5","8","36","Active20To99","72","1","61","9","1","0.0139","0.8472","0.125","0.0139","0.9308","TerminalCandidate"
"061","93","93","9","5","8","34","Active20To99","78","22","0","56","0","0.2821","0","0.7179","0","0.4072","Unclassified"
"892","90","90","11","5","9","33","Active20To99","65","9","18","36","2","0.1385","0.2769","0.5538","0.0308","0.557","Unclassified"
"017","82","82","9","5","9","35","Active20To99","65","17","0","48","0","0.2615","0","0.7385","0","0.3508","Unclassified"
"503","82","82","5","3","5","23","Active20To99","69","52","1","16","0","0.7536","0.0145","0.2319","0","0.1337","InitialCandidate"
"142","81","81","7","4","8","30","Active20To99","59","17","2","40","0","0.2881","0.0339","0.678","0","0.4624","Unclassified"
"575","81","81","7","3","7","39","Active20To99","57","19","1","36","1","0.3333","0.0175","0.6316","0.0175","0.2973","Unclassified"
"617","77","77","5","4","7","24","Active20To99","63","12","40","11","0","0.1905","0.6349","0.1746","0","0.7202","Unclassified"
"692","77","75","6","4","8","31","Active20To99","55","43","2","9","1","0.7818","0.0364","0.1636","0.0182","0.129","InitialCandidate"
"435","75","75","5","4","9","35","Active20To99","54","1","3","50","0","0.0185","0.0556","0.9259","0","0.4864","MedialCandidate"
"615","73","73","7","4","8","21","Active20To99","60","6","2","52","0","0.1","0.0333","0.8667","0","0.3909","MedialCandidate"
"904","64","61","5","3","13","27","Active20To99","42","5","2","35","0","0.119","0.0476","0.8333","0","0.55","Unclassified"
"527","63","63","7","4","9","25","Active20To99","47","2","41","4","0","0.0426","0.8723","0.0851","0","0.9255","TerminalCandidate"
"055","62","61","11","6","11","35","Active20To99","46","11","1","34","0","0.2391","0.0217","0.7391","0","0.4602","Unclassified"
"585","60","60","6","5","9","27","Active20To99","47","0","2","45","0","0","0.0426","0.9574","0","0.5974","MedialCandidate"
"125","59","59","14","4","6","18","Active20To99","49","15","4","30","0","0.3061","0.0816","0.6122","0","0.3033","Unclassified"
"388","59","59","7","3","11","27","Active20To99","36","9","1","26","0","0.25","0.0278","0.7222","0","0.4488","Unclassified"
"440","58","58","10","4","9","24","Active20To99","46","10","1","23","12","0.2174","0.0217","0.5","0.2609","0.412","Unclassified"
"413","57","57","8","4","10","20","Active20To99","42","29","4","6","3","0.6905","0.0952","0.1429","0.0714","0.2068","Unclassified"
"416","57","57","9","5","7","21","Active20To99","44","23","6","9","6","0.5227","0.1364","0.2045","0.1364","0.3203","Unclassified"
"742","57","55","8","4","7","32","Active20To99","33","3","2","22","6","0.0909","0.0606","0.6667","0.1818","0.3868","Unclassified"
"850","57","57","7","3","11","22","Active20To99","43","9","3","29","2","0.2093","0.0698","0.6744","0.0465","0.4694","Unclassified"
"717","55","55","8","3","9","25","Active20To99","37","13","1","23","0","0.3514","0.027","0.6216","0","0.3301","Unclassified"
"790","55","54","8","3","10","25","Active20To99","35","8","10","12","5","0.2286","0.2857","0.3429","0.1429","0.5262","Unclassified"
"845","55","55","3","3","4","15","Active20To99","48","0","0","48","0","0","0","1","0","0.4514","MedialCandidate"
"752","53","53","3","2","5","9","Active20To99","49","1","0","48","0","0.0204","0","0.9796","0","0.6547","MedialCandidate"
"013","50","50","11","5","9","15","Active20To99","41","13","0","23","5","0.3171","0","0.561","0.122","0.2704","Unclassified"
"005","49","49","7","3","8","9","Active20To99","43","23","1","18","1","0.5349","0.0233","0.4186","0.0233","0.2931","Unclassified"
"016","49","49","8","3","8","15","Active20To99","41","18","2","20","1","0.439","0.0488","0.4878","0.0244","0.3458","Unclassified"
"595","49","49","6","4","10","23","Active20To99","31","3","8","20","0","0.0968","0.2581","0.6452","0","0.5318","Unclassified"
"350","48","48","11","6","9","22","Active20To99","33","4","1","28","0","0.1212","0.0303","0.8485","0","0.48","Unclassified"
"455","46","45","8","4","8","17","Active20To99","33","6","4","21","2","0.1818","0.1212","0.6364","0.0606","0.4223","Unclassified"
"154","45","45","5","4","6","9","Active20To99","38","0","29","9","0","0","0.7632","0.2368","0","0.9035","TerminalCandidate"
"832","45","44","6","4","12","23","Active20To99","22","6","6","10","0","0.2727","0.2727","0.4545","0","0.5237","Unclassified"
"923","45","45","4","3","6","18","Active20To99","36","3","0","33","0","0.0833","0","0.9167","0","0.5853","MedialCandidate"
"335","43","43","6","4","7","20","Active20To99","28","1","1","26","0","0.0357","0.0357","0.9286","0","0.473","MedialCandidate"
"480","42","42","10","4","10","21","Active20To99","22","4","1","11","6","0.1818","0.0455","0.5","0.2727","0.4303","Unclassified"
"226","41","41","9","4","8","21","Active20To99","28","4","15","7","2","0.1429","0.5357","0.25","0.0714","0.7054","Unclassified"
"482","41","41","4","3","5","15","Active20To99","33","2","1","30","0","0.0606","0.0303","0.9091","0","0.5742","MedialCandidate"
"630","40","39","4","3","8","19","Active20To99","23","12","0","11","0","0.5217","0","0.4783","0","0.2709","Unclassified"
"158","39","39","4","3","7","11","Active20To99","29","1","12","16","0","0.0345","0.4138","0.5517","0","0.7586","Unclassified"
"460","39","39","7","4","7","21","Active20To99","28","2","0","26","0","0.0714","0","0.9286","0","0.4653","MedialCandidate"
"070","38","38","6","4","6","15","Active20To99","28","3","0","25","0","0.1071","0","0.8929","0","0.5974","MedialCandidate"
"035","37","37","6","4","11","25","Active20To99","20","2","4","11","3","0.1","0.2","0.55","0.15","0.5057","Unclassified"
"745","36","36","4","3","4","23","Active20To99","18","7","0","11","0","0.3889","0","0.6111","0","0.2122","Unclassified"
"384","33","33","8","5","8","13","Active20To99","25","4","1","18","2","0.16","0.04","0.72","0.08","0.5258","Unclassified"
"632","32","31","9","4","7","17","Active20To99","16","6","0","10","0","0.375","0","0.625","0","0.2094","Unclassified"
"824","32","32","5","4","4","8","Active20To99","23","7","16","0","0","0.3043","0.6957","0","0","0.6957","Unclassified"
"165","31","31","4","3","8","12","Active20To99","21","6","7","8","0","0.2857","0.3333","0.381","0","0.5552","Unclassified"
"501","31","31","2","2","2","1","Active20To99","31","29","0","2","0","0.9355","0","0.0645","0","0.039","InitialCandidate"
"095","30","30","8","4","10","15","Active20To99","21","4","1","16","0","0.1905","0.0476","0.7619","0","0.448","Unclassified"
"495","30","30","9","3","6","14","Active20To99","19","10","0","9","0","0.5263","0","0.4737","0","0.2774","Unclassified"
"171","29","28","4","4","7","14","Active20To99","21","13","0","8","0","0.619","0","0.381","0","0.1478","Unclassified"
"091","28","28","9","6","7","13","Active20To99","19","17","0","1","1","0.8947","0","0.0526","0.0526","0.0474","Unclassified"
"463","28","27","7","4","5","14","Active20To99","16","0","1","14","1","0","0.0625","0.875","0.0625","0.4882","Unclassified"
"645","28","26","5","3","7","11","Active20To99","17","1","1","15","0","0.0588","0.0588","0.8824","0","0.377","Unclassified"
"175","27","27","5","3","6","13","Active20To99","18","9","0","9","0","0.5","0","0.5","0","0.2667","Unclassified"
"104","26","26","7","4","6","9","Active20To99","20","13","2","5","0","0.65","0.1","0.25","0","0.2283","Unclassified"
"236","26","26","8","4","6","9","Active20To99","23","3","8","11","1","0.1304","0.3478","0.4783","0.0435","0.6089","Unclassified"
"500","24","24","6","3","7","17","Active20To99","20","1","0","19","0","0.05","0","0.95","0","0.2244","MedialCandidate"
"555","24","24","4","4","4","10","Active20To99","18","1","1","16","0","0.0556","0.0556","0.8889","0","0.6661","Unclassified"
"540","22","19","5","3","9","6","Active20To99","14","2","0","5","7","0.1429","0","0.3571","0.5","0.4429","Unclassified"
"621","22","22","3","3","2","9","Active20To99","18","3","13","2","0","0.1667","0.7222","0.1111","0","0.787","Unclassified"
"636","22","22","3","2","3","9","Active20To99","16","0","0","16","0","0","0","1","0","0.5547","Unclassified"
"877","22","22","6","5","5","9","Active20To99","14","6","0","8","0","0.4286","0","0.5714","0","0.3243","Unclassified"
"382","21","18","5","4","6","12","Active20To99","11","4","1","6","0","0.3636","0.0909","0.5455","0","0.4123","Unclassified"
"711","21","21","1","1","2","10","Active20To99","13","0","0","13","0","0","0","1","0","0.6231","Unclassified"
"097","20","20","2","2","4","4","Active20To99","16","6","0","10","0","0.375","0","0.625","0","0.4201","Unclassified"
"320","20","20","4","3","7","11","Active20To99","13","3","0","10","0","0.2308","0","0.7692","0","0.3506","Unclassified"
"167","19","19","3","2","2","3","Low6To19","12","0","12","0","0","0","1","0","0","1","Unclassified"
"530","19","19","5","3","7","10","Low6To19","11","3","0","7","1","0.2727","0","0.6364","0.0909","0.2088","Unclassified"
"679","19","19","3","2","3","8","Low6To19","16","4","11","0","1","0.25","0.6875","0","0.0625","0.7188","Unclassified"
"838","19","19","6","3","5","8","Low6To19","13","5","0","8","0","0.3846","0","0.6154","0","0.2763","Unclassified"
"048","18","18","3","3","5","12","Low6To19","18","0","1","17","0","0","0.0556","0.9444","0","0.6806","Unclassified"
"066","18","18","7","5","8","11","Low6To19","7","3","1","3","0","0.4286","0.1429","0.4286","0","0.3452","Unclassified"
"365","18","18","7","4","7","10","Low6To19","10","0","2","8","0","0","0.2","0.8","0","0.4875","Unclassified"
"491","18","18","4","3","6","5","Low6To19","15","13","0","2","0","0.8667","0","0.1333","0","0.0767","Unclassified"
"515","18","18","6","3","6","12","Low6To19","8","0","1","3","4","0","0.125","0.375","0.5","0.525","Unclassified"
"831","18","18","4","4","8","4","Low6To19","16","9","1","6","0","0.5625","0.0625","0.375","0","0.1964","Unclassified"
"222","17","17","5","3","4","6","Low6To19","16","2","0","14","0","0.125","0","0.875","0","0.5742","Unclassified"
"436","17","17","3","2","3","4","Low6To19","15","0","1","14","0","0","0.0667","0.9333","0","0.5622","Unclassified"
"519","17","17","4","3","4","10","Low6To19","9","5","0","4","0","0.5556","0","0.4444","0","0.2685","Unclassified"
"999","17","17","4","2","4","16","EncodedSpace","0","0","0","0","0","0","0","0","0","0","EncodedSpace"
"130","16","16","5","4","4","9","Low6To19","10","1","3","6","0","0.1","0.3","0.6","0","0.5667","Unclassified"
"137","16","16","2","2","4","4","Low6To19","12","7","3","1","1","0.5833","0.25","0.0833","0.0833","0.3333","Unclassified"
"374","16","16","6","5","2","12","Low6To19","9","3","0","6","0","0.3333","0","0.6667","0","0.3039","Unclassified"
"906","16","16","5","4","6","8","Low6To19","8","2","1","5","0","0.25","0.125","0.625","0","0.215","Unclassified"
"921","16","16","4","4","4","4","Low6To19","13","4","1","8","0","0.3077","0.0769","0.6154","0","0.3888","Unclassified"
"065","15","15","4","3","3","7","Low6To19","11","0","1","10","0","0","0.0909","0.9091","0","0.3645","Unclassified"
"072","15","15","4","3","4","4","Low6To19","13","5","1","7","0","0.3846","0.0769","0.5385","0","0.3916","Unclassified"
"111","15","15","6","3","5","7","Low6To19","9","1","3","5","0","0.1111","0.3333","0.5556","0","0.5685","Unclassified"
"297","15","15","5","3","3","4","Low6To19","12","1","0","11","0","0.0833","0","0.9167","0","0.3917","Unclassified"
"321","15","15","2","2","2","4","Low6To19","15","1","0","14","0","0.0667","0","0.9333","0","0.7778","Unclassified"
"354","15","15","6","3","7","8","Low6To19","7","2","1","3","1","0.2857","0.1429","0.4286","0.1429","0.4667","Unclassified"
"554","15","15","5","3","6","6","Low6To19","10","3","0","7","0","0.3","0","0.7","0","0.4833","Unclassified"
"565","15","15","2","2","3","4","Low6To19","12","1","8","2","1","0.0833","0.6667","0.1667","0.0833","0.8345","Unclassified"
"605","15","15","3","3","4","5","Low6To19","12","8","0","4","0","0.6667","0","0.3333","0","0.2042","Unclassified"
"064","14","14","4","3","6","6","Low6To19","6","1","4","1","0","0.1667","0.6667","0.1667","0","0.75","Unclassified"
"337","14","14","3","2","4","6","Low6To19","10","1","0","9","0","0.1","0","0.9","0","0.5656","Unclassified"
"484","14","14","3","3","6","5","Low6To19","10","4","1","5","0","0.4","0.1","0.5","0","0.3561","Unclassified"
"821","14","14","5","4","6","4","Low6To19","12","5","2","5","0","0.4167","0.1667","0.4167","0","0.4831","Unclassified"
"844","14","14","4","2","5","7","Low6To19","8","2","0","6","0","0.25","0","0.75","0","0.5571","Unclassified"
"063","13","13","5","3","5","5","Low6To19","9","1","1","7","0","0.1111","0.1111","0.7778","0","0.5029","Unclassified"
"136","13","13","4","3","5","3","Low6To19","11","0","8","1","2","0","0.7273","0.0909","0.1818","0.8333","Unclassified"
"161","13","13","4","2","3","5","Low6To19","10","0","10","0","0","0","1","0","0","1","Unclassified"
"317","13","13","7","5","7","6","Low6To19","8","3","5","0","0","0.375","0.625","0","0","0.625","Unclassified"
"318","13","13","1","1","2","2","Low6To19","12","0","0","12","0","0","0","1","0","0.3167","Unclassified"
"406","13","12","4","3","5","7","Low6To19","9","1","3","5","0","0.1111","0.3333","0.5556","0","0.7053","Unclassified"
"510","13","13","5","4","4","6","Low6To19","8","4","0","4","0","0.5","0","0.5","0","0.2737","Unclassified"
"526","13","13","5","3","3","2","Low6To19","13","0","13","0","0","0","1","0","0","1","Unclassified"
"792","13","13","2","2","5","5","Low6To19","9","5","0","4","0","0.5556","0","0.4444","0","0.2074","Unclassified"
"794","13","13","4","3","6","6","Low6To19","9","2","0","7","0","0.2222","0","0.7778","0","0.3903","Unclassified"
"868","13","13","1","1","1","4","Low6To19","10","0","10","0","0","0","1","0","0","1","Unclassified"
"905","13","13","3","3","4","5","Low6To19","11","10","0","1","0","0.9091","0","0.0909","0","0.0545","Unclassified"
"241","12","12","2","2","2","4","Low6To19","11","0","9","2","0","0","0.8182","0.1818","0","0.9318","Unclassified"
"243","12","12","2","2","2","6","Low6To19","10","3","1","6","0","0.3","0.1","0.6","0","0.5267","Unclassified"
"360","12","12","4","3","7","7","Low6To19","8","4","1","3","0","0.5","0.125","0.375","0","0.2125","Unclassified"
"511","12","12","2","2","4","5","Low6To19","6","1","2","2","1","0.1667","0.3333","0.3333","0.1667","0.6","Unclassified"
"703","12","12","5","3","4","4","Low6To19","8","5","0","3","0","0.625","0","0.375","0","0.1292","Unclassified"
"890","12","12","3","2","3","3","Low6To19","11","0","0","11","0","0","0","1","0","0.7455","Unclassified"
"190","11","11","4","4","2","6","Low6To19","10","5","1","4","0","0.5","0.1","0.4","0","0.2679","Unclassified"
"215","11","11","4","3","4","3","Low6To19","9","3","4","1","1","0.3333","0.4444","0.1111","0.1111","0.5833","Unclassified"
"269","11","11","4","3","2","5","Low6To19","8","0","1","7","0","0","0.125","0.875","0","0.6314","Unclassified"
"315","11","11","3","3","3","5","Low6To19","8","3","0","5","0","0.375","0","0.625","0","0.1854","Unclassified"
"336","11","11","2","2","4","3","Low6To19","8","0","0","8","0","0","0","1","0","0.5208","Unclassified"
"371","11","11","3","3","3","2","Low6To19","9","6","0","3","0","0.6667","0","0.3333","0","0.1952","Unclassified"
"411","11","9","6","3","3","7","Low6To19","5","0","2","1","2","0","0.4","0.2","0.4","0.7667","Unclassified"
"525","11","11","2","2","2","2","Low6To19","10","0","1","9","0","0","0.1","0.9","0","0.705","Unclassified"
"556","11","11","3","2","7","7","Low6To19","7","5","1","0","1","0.7143","0.1429","0","0.1429","0.2143","Unclassified"
"592","11","11","4","3","3","4","Low6To19","9","2","4","1","2","0.2222","0.4444","0.1111","0.2222","0.6111","Unclassified"
"625","11","11","4","3","5","8","Low6To19","4","2","0","2","0","0.5","0","0.5","0","0.2708","Unclassified"
"776","11","11","5","3","5","6","Low6To19","8","1","2","5","0","0.125","0.25","0.625","0","0.4878","Unclassified"
"853","11","11","2","2","2","4","Low6To19","10","9","0","1","0","0.9","0","0.1","0","0.025","Unclassified"
"880","11","11","4","3","4","5","Low6To19","7","5","0","2","0","0.7143","0","0.2857","0","0.119","Unclassified"
"927","11","11","3","3","3","4","Low6To19","9","3","0","6","0","0.3333","0","0.6667","0","0.4537","Unclassified"
"056","10","10","3","2","3","2","Low6To19","10","1","0","9","0","0.1","0","0.9","0","0.1933","Unclassified"
"098","10","10","4","3","4","4","Low6To19","9","5","0","2","2","0.5556","0","0.2222","0.2222","0.2222","Unclassified"
"232","10","10","3","2","2","3","Low6To19","8","1","3","4","0","0.125","0.375","0.5","0","0.5923","Unclassified"
"257","10","10","5","3","3","5","Low6To19","5","0","1","4","0","0","0.2","0.8","0","0.3952","Unclassified"
"347","10","10","2","2","2","2","Low6To19","9","8","0","1","0","0.8889","0","0.1111","0","0.0556","Unclassified"
"353","10","10","3","3","4","7","Low6To19","4","3","0","1","0","0.75","0","0.25","0","0.15","Unclassified"
"370","10","10","3","3","5","4","Low6To19","6","5","1","0","0","0.8333","0.1667","0","0","0.1667","Unclassified"
"391","10","10","4","3","3","3","Low6To19","7","4","2","1","0","0.5714","0.2857","0.1429","0","0.3571","Unclassified"
"468","10","10","2","2","3","3","Low6To19","8","6","0","2","0","0.75","0","0.25","0","0.1667","Unclassified"
"545","10","10","2","2","1","2","Low6To19","8","8","0","0","0","1","0","0","0","0","Unclassified"
"552","10","10","5","3","4","8","Low6To19","3","0","0","3","0","0","0","1","0","0.4389","Unclassified"
"697","10","10","2","2","3","3","Low6To19","4","0","0","2","2","0","0","0.5","0.5","0.6667","Unclassified"
"698","10","10","2","2","3","5","Low6To19","8","4","0","0","4","0.5","0","0","0.5","0.25","Unclassified"
"702","10","10","4","3","3","5","Low6To19","7","2","0","4","1","0.2857","0","0.5714","0.1429","0.3619","Unclassified"
"772","10","10","2","2","2","3","Low6To19","8","0","0","8","0","0","0","1","0","0.6863","Unclassified"
"924","10","10","4","4","6","5","Low6To19","9","2","1","6","0","0.2222","0.1111","0.6667","0","0.3333","Unclassified"
"942","10","10","2","2","1","3","Low6To19","8","0","0","1","7","0","0","0.125","0.875","0.4792","Unclassified"
"234","9","9","5","4","4","3","Low6To19","8","3","2","1","2","0.375","0.25","0.125","0.25","0.45","Unclassified"
"250","9","9","5","2","3","2","Low6To19","8","3","2","3","0","0.375","0.25","0.375","0","0.3375","Unclassified"
"298","9","9","5","3","3","4","Low6To19","8","0","4","4","0","0","0.5","0.5","0","0.6708","Unclassified"
"408","9","9","3","3","7","2","Low6To19","7","4","3","0","0","0.5714","0.4286","0","0","0.4286","Unclassified"
"417","9","9","2","2","2","3","Low6To19","8","0","0","8","0","0","0","1","0","0.6","Unclassified"
"467","9","9","3","3","5","1","Low6To19","8","5","0","3","0","0.625","0","0.375","0","0.1667","Unclassified"
"504","9","9","3","2","2","2","Low6To19","8","0","4","4","0","0","0.5","0.5","0","0.6861","Unclassified"
"597","9","9","1","1","1","3","Low6To19","8","0","0","8","0","0","0","1","0","0.5375","Unclassified"
"746","9","9","3","3","3","5","Low6To19","4","2","0","2","0","0.5","0","0.5","0","0.1833","Unclassified"
"773","9","9","2","2","3","2","Low6To19","9","1","0","8","0","0.1111","0","0.8889","0","0.686","Unclassified"
"812","9","9","4","3","2","4","Low6To19","8","0","1","7","0","0","0.125","0.875","0","0.4001","Unclassified"
"014","8","8","5","4","4","4","Low6To19","6","3","0","3","0","0.5","0","0.5","0","0.1917","Unclassified"
"015","8","8","5","3","5","0","Low6To19","7","4","1","2","0","0.5714","0.1429","0.2857","0","0.3452","Unclassified"
"036","8","8","3","2","3","3","Low6To19","6","3","1","2","0","0.5","0.1667","0.3333","0","0.3413","Unclassified"
"067","8","8","5","3","5","4","Low6To19","4","1","0","3","0","0.25","0","0.75","0","0.4583","Unclassified"
"101","8","8","3","2","4","1","Low6To19","8","2","0","6","0","0.25","0","0.75","0","0.3333","Unclassified"
"155","8","8","3","3","4","3","Low6To19","5","0","3","2","0","0","0.6","0.4","0","0.7667","Unclassified"
"204","8","8","2","2","3","5","Low6To19","4","0","1","3","0","0","0.25","0.75","0","0.4833","Unclassified"
"260","8","8","2","2","1","2","Low6To19","8","5","0","3","0","0.625","0","0.375","0","0.282","Unclassified"
"380","8","8","3","3","3","1","Low6To19","4","3","0","1","0","0.75","0","0.25","0","0.1875","Unclassified"
"422","8","8","3","2","3","2","Low6To19","8","0","6","2","0","0","0.75","0.25","0","0.8125","Unclassified"
"626","8","8","4","3","3","4","Low6To19","5","1","0","4","0","0.2","0","0.8","0","0.36","Unclassified"
"642","8","8","2","2","3","2","Low6To19","6","0","0","6","0","0","0","1","0","0.6889","Unclassified"
"804","8","8","2","2","2","3","Low6To19","7","1","4","2","0","0.1429","0.5714","0.2857","0","0.75","Unclassified"
"808","8","8","3","3","4","4","Low6To19","5","4","1","0","0","0.8","0.2","0","0","0.2","Unclassified"
"849","8","8","4","2","3","7","Low6To19","1","1","0","0","0","1","0","0","0","0","Unclassified"
"930","8","8","2","2","2","6","Low6To19","4","0","3","0","1","0","0.75","0","0.25","0.875","Unclassified"
"006","7","7","5","4","3","2","Low6To19","4","1","0","1","2","0.25","0","0.25","0.5","0.4375","Unclassified"
"018","7","7","2","2","3","1","Low6To19","6","3","0","3","0","0.5","0","0.5","0","0.2833","Unclassified"
"093","7","7","5","5","2","3","Low6To19","7","0","2","5","0","0","0.2857","0.7143","0","0.6524","Unclassified"
"150","7","6","3","3","4","3","Low6To19","5","0","0","5","0","0","0","1","0","0.5514","Unclassified"
"219","7","7","2","2","2","2","Low6To19","7","5","0","2","0","0.7143","0","0.2857","0","0.2024","Unclassified"
"252","7","7","2","2","2","2","Low6To19","6","0","0","6","0","0","0","1","0","0.2042","Unclassified"
"267","7","7","4","4","3","3","Low6To19","5","0","1","4","0","0","0.2","0.8","0","0.6","Unclassified"
"323","7","7","2","2","4","1","Low6To19","7","5","1","1","0","0.7143","0.1429","0.1429","0","0.1905","Unclassified"
"326","7","7","3","3","5","4","Low6To19","4","3","0","1","0","0.75","0","0.25","0","0.2188","Unclassified"
"401","7","7","1","1","3","3","Low6To19","5","0","4","1","0","0","0.8","0.2","0","0.85","Unclassified"
"423","7","6","3","2","3","4","Low6To19","6","0","5","1","0","0","0.8333","0.1667","0","0.9167","Unclassified"
"426","7","7","5","5","4","3","Low6To19","5","1","4","0","0","0.2","0.8","0","0","0.8","Unclassified"
"518","7","7","2","2","1","3","Low6To19","6","3","0","3","0","0.5","0","0.5","0","0.3373","Unclassified"
"603","7","7","3","3","4","3","Low6To19","6","3","0","3","0","0.5","0","0.5","0","0.375","Unclassified"
"747","7","7","2","2","3","5","Low6To19","2","1","1","0","0","0.5","0.5","0","0","0.5","Unclassified"
"777","7","7","2","2","2","1","Low6To19","7","1","0","0","6","0.1429","0","0","0.8571","0.4286","Unclassified"
"851","7","7","1","1","2","2","Low6To19","6","3","3","0","0","0.5","0.5","0","0","0.5","Unclassified"
"007","6","6","4","3","4","2","Low6To19","4","0","0","3","1","0","0","0.75","0.25","0.625","Unclassified"
"019","6","6","3","3","3","2","Low6To19","4","3","0","1","0","0.75","0","0.25","0","0.125","Unclassified"
"027","6","6","1","1","1","1","Low6To19","5","5","0","0","0","1","0","0","0","0","Unclassified"
"049","6","6","3","3","5","3","Low6To19","4","2","0","2","0","0.5","0","0.5","0","0.25","Unclassified"
"110","6","6","2","2","2","4","Low6To19","2","0","0","0","2","0","0","0","1","0.5","Unclassified"
"159","6","6","2","2","2","1","Low6To19","5","0","3","2","0","0","0.6","0.4","0","0.8","Unclassified"
"221","6","6","4","3","3","0","Low6To19","6","3","0","3","0","0.5","0","0.5","0","0.2847","Unclassified"
"242","6","6","3","3","3","6","Low6To19","2","0","0","1","1","0","0","0.5","0.5","0.4","Unclassified"
"263","6","6","3","2","4","1","Low6To19","6","5","0","1","0","0.8333","0","0.1667","0","0.1","Unclassified"
"346","6","6","3","2","3","3","Low6To19","3","2","0","1","0","0.6667","0","0.3333","0","0.037","Unclassified"
"392","6","6","6","4","3","4","Low6To19","4","1","2","1","0","0.25","0.5","0.25","0","0.5556","Unclassified"
"420","6","6","2","2","4","3","Low6To19","4","0","0","4","0","0","0","1","0","0.5619","Unclassified"
"456","6","6","3","2","2","2","Low6To19","5","3","0","2","0","0.6","0","0.4","0","0.2667","Unclassified"
"465","6","6","2","2","2","0","Low6To19","6","5","0","1","0","0.8333","0","0.1667","0","0.1458","Unclassified"
"472","6","6","4","3","3","1","Low6To19","5","2","0","3","0","0.4","0","0.6","0","0.381","Unclassified"
"521","6","5","3","2","2","0","Low6To19","6","1","1","4","0","0.1667","0.1667","0.6667","0","0.5875","Unclassified"
"564","6","6","4","3","3","3","Low6To19","5","2","0","3","0","0.4","0","0.6","0","0.2833","Unclassified"
"572","6","6","4","4","1","2","Low6To19","5","1","0","4","0","0.2","0","0.8","0","0.1419","Unclassified"
"604","6","6","5","4","5","6","Low6To19","1","0","0","1","0","0","0","1","0","0.75","Unclassified"
"611","6","6","4","3","4","2","Low6To19","4","0","0","4","0","0","0","1","0","0.3378","Unclassified"
"749","6","6","1","1","1","3","Low6To19","5","0","2","0","3","0","0.4","0","0.6","0.7","Unclassified"
"791","6","6","4","2","3","2","Low6To19","5","2","1","2","0","0.4","0.2","0.4","0","0.3167","Unclassified"
"825","6","6","4","3","4","3","Low6To19","4","1","0","3","0","0.25","0","0.75","0","0.2634","Unclassified"
"869","6","6","2","2","2","2","Low6To19","4","0","3","1","0","0","0.75","0.25","0","0.9167","Unclassified"
"028","5","5","2","2","2","1","Rare3To5","4","4","0","0","0","1","0","0","0","0","RareOrAllographCandidate"
"103","5","5","3","3","2","1","Rare3To5","4","1","1","2","0","0.25","0.25","0.5","0","0.5","RareOrAllographCandidate"
"132","5","5","5","4","2","4","Rare3To5","4","2","0","2","0","0.5","0","0.5","0","0.2083","RareOrAllographCandidate"
"139","5","5","3","3","5","3","Rare3To5","3","2","1","0","0","0.6667","0.3333","0","0","0.3333","RareOrAllographCandidate"
"153","5","5","3","3","4","1","Rare3To5","4","0","3","1","0","0","0.75","0.25","0","0.875","RareOrAllographCandidate"
"160","5","5","5","5","3","3","Rare3To5","3","1","1","1","0","0.3333","0.3333","0.3333","0","0.5","RareOrAllographCandidate"
"200","5","5","2","2","3","2","Rare3To5","2","0","1","1","0","0","0.5","0.5","0","0.9167","RareOrAllographCandidate"
"201","5","5","2","2","2","1","Rare3To5","5","5","0","0","0","1","0","0","0","0","RareOrAllographCandidate"
"202","5","5","2","2","2","1","Rare3To5","4","0","0","4","0","0","0","1","0","0.6042","RareOrAllographCandidate"
"244","5","5","3","3","2","2","Rare3To5","4","1","2","1","0","0.25","0.5","0.25","0","0.5278","RareOrAllographCandidate"
"272","5","5","2","2","3","2","Rare3To5","4","3","0","1","0","0.75","0","0.25","0","0.125","RareOrAllographCandidate"
"279","5","5","3","3","1","3","Rare3To5","3","2","0","1","0","0.6667","0","0.3333","0","0.2667","RareOrAllographCandidate"
"285","5","5","4","4","2","1","Rare3To5","3","2","0","1","0","0.6667","0","0.3333","0","0.0556","RareOrAllographCandidate"
"352","5","5","2","2","2","0","Rare3To5","5","3","0","2","0","0.6","0","0.4","0","0.2933","RareOrAllographCandidate"
"362","5","5","3","2","5","2","Rare3To5","3","1","0","2","0","0.3333","0","0.6667","0","0.3905","RareOrAllographCandidate"
"421","5","5","2","2","2","1","Rare3To5","4","1","0","3","0","0.25","0","0.75","0","0.15","RareOrAllographCandidate"
"442","5","5","3","2","2","5","Rare3To5","0","0","0","0","0","0","0","0","0","0","RareOrAllographCandidate"
"443","5","5","3","2","3","1","Rare3To5","4","0","0","4","0","0","0","1","0","0.5643","RareOrAllographCandidate"
"531","5","5","4","2","1","1","Rare3To5","5","2","0","3","0","0.4","0","0.6","0","0.3333","RareOrAllographCandidate"
"578","5","5","1","1","1","0","Rare3To5","5","0","0","5","0","0","0","1","0","0.3333","RareOrAllographCandidate"
"600","5","5","2","2","2","1","Rare3To5","2","0","1","1","0","0","0.5","0.5","0","0.9286","RareOrAllographCandidate"
"634","5","5","4","3","1","3","Rare3To5","3","3","0","0","0","1","0","0","0","0","RareOrAllographCandidate"
"637","5","5","2","2","3","2","Rare3To5","4","2","0","2","0","0.5","0","0.5","0","0.2708","RareOrAllographCandidate"
"681","5","5","1","1","1","2","Rare3To5","3","3","0","0","0","1","0","0","0","0","RareOrAllographCandidate"
"687","5","5","1","1","1","4","Rare3To5","3","3","0","0","0","1","0","0","0","0","RareOrAllographCandidate"
"704","5","5","1","1","2","3","Rare3To5","5","2","0","3","0","0.4","0","0.6","0","0.2667","RareOrAllographCandidate"
"710","5","5","2","2","3","2","Rare3To5","3","1","1","1","0","0.3333","0.3333","0.3333","0","0.5","RareOrAllographCandidate"
"712","5","5","1","1","1","1","Rare3To5","4","0","4","0","0","0","1","0","0","1","RareOrAllographCandidate"
"744","5","5","3","3","4","2","Rare3To5","3","2","0","1","0","0.6667","0","0.3333","0","0.1111","RareOrAllographCandidate"
"842","5","5","2","1","1","2","Rare3To5","4","0","4","0","0","0","1","0","0","1","RareOrAllographCandidate"
"871","5","5","3","2","2","2","Rare3To5","4","1","2","1","0","0.25","0.5","0.25","0","0.7292","RareOrAllographCandidate"
"029","4","4","4","3","2","3","Rare3To5","2","1","0","1","0","0.5","0","0.5","0","0.25","RareOrAllographCandidate"
"071","4","4","2","2","3","3","Rare3To5","3","1","0","2","0","0.3333","0","0.6667","0","0.3333","RareOrAllographCandidate"
"081","4","4","2","2","2","2","Rare3To5","3","0","0","3","0","0","0","1","0","0.3722","RareOrAllographCandidate"
"096","4","4","2","2","3","2","Rare3To5","2","2","0","0","0","1","0","0","0","0","RareOrAllographCandidate"
"127","4","4","4","3","4","2","Rare3To5","3","1","1","0","1","0.3333","0.3333","0","0.3333","0.5","RareOrAllographCandidate"
"143","4","4","3","2","3","0","Rare3To5","2","0","1","1","0","0","0.5","0.5","0","0.75","RareOrAllographCandidate"
"144","4","4","2","2","2","1","Rare3To5","4","1","0","0","3","0.25","0","0","0.75","0.375","RareOrAllographCandidate"
"145","4","4","3","3","4","3","Rare3To5","3","1","0","0","2","0.3333","0","0","0.6667","0.3333","RareOrAllographCandidate"
"146","4","4","3","2","2","3","Rare3To5","3","3","0","0","0","1","0","0","0","0","RareOrAllographCandidate"
"192","4","4","3","2","2","2","Rare3To5","2","0","0","2","0","0","0","1","0","0.5417","RareOrAllographCandidate"
"216","4","4","3","2","2","2","Rare3To5","3","3","0","0","0","1","0","0","0","0","RareOrAllographCandidate"
"229","4","4","2","2","2","2","Rare3To5","3","3","0","0","0","1","0","0","0","0","RareOrAllographCandidate"
"268","4","4","2","2","3","2","Rare3To5","3","0","0","3","0","0","0","1","0","0.5889","RareOrAllographCandidate"
"292","4","4","3","3","2","1","Rare3To5","3","0","1","2","0","0","0.3333","0.6667","0","0.8222","RareOrAllographCandidate"
"319","4","4","3","3","3","3","Rare3To5","2","1","0","1","0","0.5","0","0.5","0","0.1429","RareOrAllographCandidate"
"322","4","4","2","2","3","1","Rare3To5","4","3","0","1","0","0.75","0","0.25","0","0.15","RareOrAllographCandidate"
"409","4","4","2","2","2","1","Rare3To5","4","0","4","0","0","0","1","0","0","1","RareOrAllographCandidate"
"470","4","4","1","1","2","1","Rare3To5","3","2","0","1","0","0.6667","0","0.3333","0","0.1667","RareOrAllographCandidate"
"502","4","4","1","1","2","0","Rare3To5","4","2","0","2","0","0.5","0","0.5","0","0.0714","RareOrAllographCandidate"
"543","4","4","2","2","1","2","Rare3To5","3","0","0","3","0","0","0","1","0","0.6138","RareOrAllographCandidate"
"643","4","4","3","3","1","2","Rare3To5","3","0","0","3","0","0","0","1","0","0.6759","RareOrAllographCandidate"
"685","4","4","3","3","2","3","Rare3To5","2","0","0","1","1","0","0","0.5","0.5","0.65","RareOrAllographCandidate"
"736","4","4","1","1","1","0","Rare3To5","4","4","0","0","0","1","0","0","0","0","RareOrAllographCandidate"
"775","4","4","1","1","1","1","Rare3To5","2","0","0","2","0","0","0","1","0","0.5","RareOrAllographCandidate"
"797","4","4","3","3","3","1","Rare3To5","3","2","0","1","0","0.6667","0","0.3333","0","0.1667","RareOrAllographCandidate"
"799","4","4","1","1","1","0","Rare3To5","4","4","0","0","0","1","0","0","0","0","RareOrAllographCandidate"
"879","4","4","2","2","1","1","Rare3To5","3","0","0","3","0","0","0","1","0","0.6528","RareOrAllographCandidate"
"893","4","4","2","2","3","2","Rare3To5","3","1","0","2","0","0.3333","0","0.6667","0","0.2444","RareOrAllographCandidate"
"898","4","4","2","2","4","0","Rare3To5","3","1","0","1","1","0.3333","0","0.3333","0.3333","0.2778","RareOrAllographCandidate"
"899","4","3","2","2","2","1","Rare3To5","0","0","0","0","0","0","0","0","0","0","RareOrAllographCandidate"
"903","4","3","1","1","2","0","Rare3To5","4","2","0","2","0","0.5","0","0.5","0","0.2357","RareOrAllographCandidate"
"910","4","4","2","2","1","1","Rare3To5","4","4","0","0","0","1","0","0","0","0","RareOrAllographCandidate"
"912","4","4","3","3","2","1","Rare3To5","3","2","0","1","0","0.6667","0","0.3333","0","0.25","RareOrAllographCandidate"
"922","4","4","3","2","3","1","Rare3To5","3","3","0","0","0","1","0","0","0","0","RareOrAllographCandidate"
"012","3","3","1","1","2","1","Rare3To5","2","1","0","1","0","0.5","0","0.5","0","0.1818","RareOrAllographCandidate"
"025","3","3","1","1","1","1","Rare3To5","3","3","0","0","0","1","0","0","0","0","RareOrAllographCandidate"
"046","3","3","1","1","2","1","Rare3To5","3","2","1","0","0","0.6667","0.3333","0","0","0.3333","RareOrAllographCandidate"
"062","3","3","2","2","3","2","Rare3To5","2","0","0","2","0","0","0","1","0","0.625","RareOrAllographCandidate"
"105","3","3","3","2","3","2","Rare3To5","1","0","1","0","0","0","1","0","0","1","RareOrAllographCandidate"
"117","3","3","3","3","2","0","Rare3To5","3","1","0","0","2","0.3333","0","0","0.6667","0.3333","RareOrAllographCandidate"
"118","3","3","2","2","2","1","Rare3To5","2","2","0","0","0","1","0","0","0","0","RareOrAllographCandidate"
"134","3","3","3","2","3","2","Rare3To5","1","0","0","1","0","0","0","1","0","0.6667","RareOrAllographCandidate"
"168","3","3","1","1","1","0","Rare3To5","3","0","0","3","0","0","0","1","0","0.2417","RareOrAllographCandidate"
"177","3","3","2","2","2","0","Rare3To5","3","1","0","2","0","0.3333","0","0.6667","0","0.2778","RareOrAllographCandidate"
"193","3","3","1","1","2","0","Rare3To5","3","2","0","1","0","0.6667","0","0.3333","0","0.2381","RareOrAllographCandidate"
"223","3","3","3","3","2","2","Rare3To5","1","0","0","1","0","0","0","1","0","0.2","RareOrAllographCandidate"
"230","3","3","2","1","2","1","Rare3To5","3","1","0","0","2","0.3333","0","0","0.6667","0.3333","RareOrAllographCandidate"
"264","3","3","1","1","2","2","Rare3To5","1","0","0","1","0","0","0","1","0","0.6667","RareOrAllographCandidate"
"278","3","3","2","2","1","0","Rare3To5","3","1","0","2","0","0.3333","0","0.6667","0","0.1944","RareOrAllographCandidate"
"286","3","3","1","1","1","2","Rare3To5","2","0","1","1","0","0","0.5","0.5","0","0.8182","RareOrAllographCandidate"
"296","3","3","3","2","1","2","Rare3To5","1","0","0","1","0","0","0","1","0","0.6667","RareOrAllographCandidate"
"300","3","3","2","2","2","3","Rare3To5","2","0","0","2","0","0","0","1","0","0.25","RareOrAllographCandidate"
"301","3","3","2","2","2","2","Rare3To5","2","0","0","2","0","0","0","1","0","0.1964","RareOrAllographCandidate"
"302","3","3","3","3","2","1","Rare3To5","2","0","0","2","0","0","0","1","0","0.6","RareOrAllographCandidate"
"308","3","3","2","2","2","1","Rare3To5","2","0","0","2","0","0","0","1","0","0.5417","RareOrAllographCandidate"
"310","3","3","3","1","2","2","Rare3To5","0","0","0","0","0","0","0","0","0","0","RareOrAllographCandidate"
"324","3","3","2","2","3","1","Rare3To5","3","1","1","1","0","0.3333","0.3333","0.3333","0","0.5556","RareOrAllographCandidate"
"330","3","3","2","1","2","1","Rare3To5","2","0","0","2","0","0","0","1","0","0.2","RareOrAllographCandidate"
"345","3","3","1","1","1","1","Rare3To5","3","2","0","1","0","0.6667","0","0.3333","0","0.1667","RareOrAllographCandidate"
"361","3","3","2","2","2","1","Rare3To5","2","2","0","0","0","1","0","0","0","0","RareOrAllographCandidate"
"367","3","3","2","2","3","1","Rare3To5","2","0","1","1","0","0","0.5","0.5","0","0.7","RareOrAllographCandidate"
"381","3","3","2","2","2","1","Rare3To5","2","1","0","1","0","0.5","0","0.5","0","0.4167","RareOrAllographCandidate"
"424","3","3","1","1","2","1","Rare3To5","2","1","1","0","0","0.5","0.5","0","0","0.5","RareOrAllographCandidate"
"452","3","3","3","2","2","2","Rare3To5","2","0","0","1","1","0","0","0.5","0.5","0.5","RareOrAllographCandidate"
"490","3","3","1","1","2","2","Rare3To5","1","1","0","0","0","1","0","0","0","0","RareOrAllographCandidate"
"513","3","3","2","2","1","2","Rare3To5","2","1","0","1","0","0.5","0","0.5","0","0.4167","RareOrAllographCandidate"
"516","3","3","1","1","1","0","Rare3To5","2","2","0","0","0","1","0","0","0","0","RareOrAllographCandidate"
"534","3","3","2","2","2","2","Rare3To5","2","0","1","1","0","0","0.5","0.5","0","0.6667","RareOrAllographCandidate"
"544","3","3","2","2","2","3","Rare3To5","2","1","0","1","0","0.5","0","0.5","0","0.4","RareOrAllographCandidate"
"551","3","3","3","2","2","3","Rare3To5","0","0","0","0","0","0","0","0","0","0","RareOrAllographCandidate"
"560","3","3","1","1","1","0","Rare3To5","2","1","0","1","0","0.5","0","0.5","0","0.4167","RareOrAllographCandidate"
"561","3","3","3","3","2","1","Rare3To5","3","1","1","1","0","0.3333","0.3333","0.3333","0","0.4","RareOrAllographCandidate"
"631","3","3","2","2","2","3","Rare3To5","0","0","0","0","0","0","0","0","0","0","RareOrAllographCandidate"
"678","3","3","2","2","2","1","Rare3To5","2","2","0","0","0","1","0","0","0","0","RareOrAllographCandidate"
"683","3","3","2","2","2","2","Rare3To5","2","2","0","0","0","1","0","0","0","0","RareOrAllographCandidate"
"688","3","3","3","3","3","1","Rare3To5","2","1","1","0","0","0.5","0.5","0","0","0.5","RareOrAllographCandidate"
"716","3","3","2","2","2","2","Rare3To5","1","1","0","0","0","1","0","0","0","0","RareOrAllographCandidate"
"720","3","3","3","3","3","2","Rare3To5","3","2","0","1","0","0.6667","0","0.3333","0","0.1667","RareOrAllographCandidate"
"748","3","3","2","2","1","3","Rare3To5","1","0","1","0","0","0","1","0","0","1","RareOrAllographCandidate"
"782","3","3","1","1","1","0","Rare3To5","3","0","0","0","3","0","0","0","1","0.5","RareOrAllographCandidate"
"786","3","3","1","1","2","0","Rare3To5","2","1","0","1","0","0.5","0","0.5","0","0.1","RareOrAllographCandidate"
"805","3","3","2","2","3","0","Rare3To5","3","1","0","2","0","0.3333","0","0.6667","0","0.2879","RareOrAllographCandidate"
"807","3","3","2","2","3","1","Rare3To5","2","0","0","2","0","0","0","1","0","0.7083","RareOrAllographCandidate"
"828","3","3","3","2","3","2","Rare3To5","1","1","0","0","0","1","0","0","0","0","RareOrAllographCandidate"
"829","3","3","1","1","2","0","Rare3To5","3","3","0","0","0","1","0","0","0","0","RareOrAllographCandidate"
"839","3","3","2","2","2","2","Rare3To5","1","0","0","0","1","0","0","0","1","0.5","RareOrAllographCandidate"
"843","3","3","3","2","2","0","Rare3To5","3","2","0","0","1","0.6667","0","0","0.3333","0.1667","RareOrAllographCandidate"
"852","3","3","1","1","2","2","Rare3To5","1","1","0","0","0","1","0","0","0","0","RareOrAllographCandidate"
"856","3","3","2","2","3","2","Rare3To5","0","0","0","0","0","0","0","0","0","0","RareOrAllographCandidate"
"865","3","3","3","2","2","1","Rare3To5","2","0","2","0","0","0","1","0","0","1","RareOrAllographCandidate"
"870","3","3","2","1","2","2","Rare3To5","1","1","0","0","0","1","0","0","0","0","RareOrAllographCandidate"
"908","3","3","2","2","2","1","Rare3To5","2","0","0","2","0","0","0","1","0","0.2083","RareOrAllographCandidate"
"909","3","3","1","1","3","1","Rare3To5","2","0","0","1","1","0","0","0.5","0.5","0.6071","RareOrAllographCandidate"
"956","3","3","2","2","3","1","Rare3To5","2","1","0","0","1","0.5","0","0","0.5","0.25","RareOrAllographCandidate"
"020","2","2","1","1","2","1","DisLegomenon","1","0","0","0","1","0","0","0","1","0.5","RareOrAllographCandidate"
"037","2","2","1","1","2","1","DisLegomenon","1","0","0","0","1","0","0","0","1","0.5","RareOrAllographCandidate"
"039","2","2","2","1","1","2","DisLegomenon","1","0","0","0","1","0","0","0","1","0.5","RareOrAllographCandidate"
"041","2","2","1","1","2","0","DisLegomenon","2","1","1","0","0","0.5","0.5","0","0","0.5","RareOrAllographCandidate"
"042","2","2","1","1","1","1","DisLegomenon","2","0","0","2","0","0","0","1","0","0.7083","RareOrAllographCandidate"
"045","2","2","2","2","2","1","DisLegomenon","1","0","1","0","0","0","1","0","0","1","RareOrAllographCandidate"
"059","2","2","1","1","1","0","DisLegomenon","2","2","0","0","0","1","0","0","0","0","RareOrAllographCandidate"
"073","2","2","2","2","1","0","DisLegomenon","1","1","0","0","0","1","0","0","0","0","RareOrAllographCandidate"
"080","2","2","1","1","2","2","DisLegomenon","0","0","0","0","0","0","0","0","0","0","RareOrAllographCandidate"
"082","2","2","2","2","1","1","DisLegomenon","2","1","0","1","0","0.5","0","0.5","0","0.125","RareOrAllographCandidate"
"092","2","2","2","2","2","1","DisLegomenon","2","0","0","2","0","0","0","1","0","0.4167","RareOrAllographCandidate"
"094","2","2","2","2","2","1","DisLegomenon","1","0","0","1","0","0","0","1","0","0.8","RareOrAllographCandidate"
"099","2","2","2","2","2","0","DisLegomenon","2","0","0","2","0","0","0","1","0","0.8333","RareOrAllographCandidate"
"112","2","2","1","1","1","0","DisLegomenon","2","2","0","0","0","1","0","0","0","0","RareOrAllographCandidate"
"121","2","2","2","2","2","0","DisLegomenon","2","1","0","1","0","0.5","0","0.5","0","0.3333","RareOrAllographCandidate"
"122","2","2","1","1","2","1","DisLegomenon","1","0","0","1","0","0","0","1","0","0.5","RareOrAllographCandidate"
"126","2","2","1","1","2","0","DisLegomenon","2","2","0","0","0","1","0","0","0","0","RareOrAllographCandidate"
"128","2","2","1","1","2","1","DisLegomenon","1","0","0","1","0","0","0","1","0","0.875","RareOrAllographCandidate"
"133","2","2","2","2","2","1","DisLegomenon","1","1","0","0","0","1","0","0","0","0","RareOrAllographCandidate"
"148","2","2","1","1","2","2","DisLegomenon","0","0","0","0","0","0","0","0","0","0","RareOrAllographCandidate"
"157","2","2","1","1","1","0","DisLegomenon","2","0","2","0","0","0","1","0","0","1","RareOrAllographCandidate"
"178","2","2","1","1","1","0","DisLegomenon","2","2","0","0","0","1","0","0","0","0","RareOrAllographCandidate"
"191","2","2","1","1","2","1","DisLegomenon","2","1","0","1","0","0.5","0","0.5","0","0.2","RareOrAllographCandidate"
"195","2","2","2","2","2","0","DisLegomenon","2","2","0","0","0","1","0","0","0","0","RareOrAllographCandidate"
"205","2","2","2","2","1","0","DisLegomenon","2","0","0","2","0","0","0","1","0","0.8167","RareOrAllographCandidate"
"217","2","2","1","1","2","2","DisLegomenon","0","0","0","0","0","0","0","0","0","0","RareOrAllographCandidate"
"227","2","2","2","2","2","2","DisLegomenon","0","0","0","0","0","0","0","0","0","0","RareOrAllographCandidate"
"262","2","2","2","2","2","0","DisLegomenon","2","2","0","0","0","1","0","0","0","0","RareOrAllographCandidate"
"266","2","2","2","1","2","0","DisLegomenon","1","1","0","0","0","1","0","0","0","0","RareOrAllographCandidate"
"277","2","2","1","1","1","1","DisLegomenon","1","0","0","1","0","0","0","1","0","0.5","RareOrAllographCandidate"
"281","2","2","2","2","1","1","DisLegomenon","2","1","0","0","1","0.5","0","0","0.5","0.25","RareOrAllographCandidate"
"287","2","2","2","1","1","0","DisLegomenon","2","0","0","2","0","0","0","1","0","0.1458","RareOrAllographCandidate"
"291","2","2","2","2","2","1","DisLegomenon","1","0","0","1","0","0","0","1","0","0.3333","RareOrAllographCandidate"
"294","2","2","2","2","2","1","DisLegomenon","1","0","1","0","0","0","1","0","0","1","RareOrAllographCandidate"
"299","2","2","2","2","2","0","DisLegomenon","2","0","0","2","0","0","0","1","0","0.35","RareOrAllographCandidate"
"304","2","2","2","2","2","0","DisLegomenon","2","0","0","2","0","0","0","1","0","0.65","RareOrAllographCandidate"
"307","2","2","2","2","1","1","DisLegomenon","1","0","1","0","0","0","1","0","0","1","RareOrAllographCandidate"
"309","2","2","1","1","1","1","DisLegomenon","1","1","0","0","0","1","0","0","0","0","RareOrAllographCandidate"
"311","2","2","2","2","1","1","DisLegomenon","1","0","0","1","0","0","0","1","0","0.5","RareOrAllographCandidate"
"328","2","2","2","2","2","1","DisLegomenon","1","0","0","1","0","0","0","1","0","0.6","RareOrAllographCandidate"
"341","2","2","1","1","1","0","DisLegomenon","2","0","0","0","2","0","0","0","1","0.5","RareOrAllographCandidate"
"343","2","2","1","1","2","1","DisLegomenon","1","0","0","1","0","0","0","1","0","0.5","RareOrAllographCandidate"
"351","2","2","1","1","1","1","DisLegomenon","2","1","0","1","0","0.5","0","0.5","0","0.25","RareOrAllographCandidate"
"373","2","2","1","1","1","1","DisLegomenon","2","1","0","1","0","0.5","0","0.5","0","0.4","RareOrAllographCandidate"
"386","2","2","2","1","1","0","DisLegomenon","2","1","0","0","1","0.5","0","0","0.5","0.25","RareOrAllographCandidate"
"402","2","2","2","2","2","1","DisLegomenon","2","0","1","0","1","0","0.5","0","0.5","0.75","RareOrAllographCandidate"
"410","2","2","1","1","1","0","DisLegomenon","2","0","2","0","0","0","1","0","0","1","RareOrAllographCandidate"
"425","2","2","2","2","2","2","DisLegomenon","0","0","0","0","0","0","0","0","0","0","RareOrAllographCandidate"
"441","2","2","2","1","1","1","DisLegomenon","1","0","0","1","0","0","0","1","0","0.75","RareOrAllographCandidate"
"444","2","2","1","1","1","1","DisLegomenon","1","0","0","1","0","0","0","1","0","0.5714","RareOrAllographCandidate"
"450","2","2","1","1","2","0","DisLegomenon","2","0","1","1","0","0","0.5","0.5","0","0.6","RareOrAllographCandidate"
"457","2","2","2","2","2","1","DisLegomenon","2","1","1","0","0","0.5","0.5","0","0","0.5","RareOrAllographCandidate"
"475","2","2","2","2","2","0","DisLegomenon","2","1","0","1","0","0.5","0","0.5","0","0.125","RareOrAllographCandidate"
"479","2","2","1","1","1","1","DisLegomenon","2","2","0","0","0","1","0","0","0","0","RareOrAllographCandidate"
"483","2","2","1","1","1","1","DisLegomenon","2","0","0","2","0","0","0","1","0","0.75","RareOrAllographCandidate"
"492","2","2","2","2","2","1","DisLegomenon","0","0","0","0","0","0","0","0","0","0","RareOrAllographCandidate"
"494","2","2","2","2","2","0","DisLegomenon","2","1","1","0","0","0.5","0.5","0","0","0.5","RareOrAllographCandidate"
"517","2","2","2","2","1","2","DisLegomenon","0","0","0","0","0","0","0","0","0","0","RareOrAllographCandidate"
"528","2","2","2","2","2","1","DisLegomenon","2","2","0","0","0","1","0","0","0","0","RareOrAllographCandidate"
"533","2","2","1","1","1","0","DisLegomenon","2","0","0","2","0","0","0","1","0","0.1288","RareOrAllographCandidate"
"541","2","2","2","2","2","1","DisLegomenon","1","1","0","0","0","1","0","0","0","0","RareOrAllographCandidate"
"570","2","2","1","1","2","1","DisLegomenon","1","1","0","0","0","1","0","0","0","0","RareOrAllographCandidate"
"579","2","2","2","1","1","0","DisLegomenon","2","2","0","0","0","1","0","0","0","0","RareOrAllographCandidate"
"586","2","2","2","2","1","1","DisLegomenon","2","1","0","0","1","0.5","0","0","0.5","0.25","RareOrAllographCandidate"
"596","2","2","1","1","2","1","DisLegomenon","1","0","0","1","0","0","0","1","0","0.6","RareOrAllographCandidate"
"610","2","2","2","2","1","1","DisLegomenon","2","0","0","2","0","0","0","1","0","0.4583","RareOrAllographCandidate"
"622","2","2","2","2","1","2","DisLegomenon","0","0","0","0","0","0","0","0","0","0","RareOrAllographCandidate"
"627","2","2","2","2","2","1","DisLegomenon","1","0","0","1","0","0","0","1","0","0.4286","RareOrAllographCandidate"
"647","2","2","2","2","1","0","DisLegomenon","2","0","0","1","1","0","0","0.5","0.5","0.375","RareOrAllographCandidate"
"680","2","2","1","1","2","1","DisLegomenon","2","0","1","1","0","0","0.5","0.5","0","0.875","RareOrAllographCandidate"
"689","2","2","1","1","1","2","DisLegomenon","1","1","0","0","0","1","0","0","0","0","RareOrAllographCandidate"
"721","2","2","1","1","1","1","DisLegomenon","2","0","0","2","0","0","0","1","0","0.75","RareOrAllographCandidate"
"727","2","2","1","1","2","2","DisLegomenon","1","0","0","1","0","0","0","1","0","0.25","RareOrAllographCandidate"
"732","2","2","1","1","1","1","DisLegomenon","2","1","0","1","0","0.5","0","0.5","0","0.2","RareOrAllographCandidate"
"743","2","2","1","1","2","2","DisLegomenon","0","0","0","0","0","0","0","0","0","0","RareOrAllographCandidate"
"753","2","2","1","1","1","0","DisLegomenon","2","0","0","0","2","0","0","0","1","0.5","RareOrAllographCandidate"
"759","2","2","2","2","1","1","DisLegomenon","1","1","0","0","0","1","0","0","0","0","RareOrAllographCandidate"
"767","2","2","2","2","2","0","DisLegomenon","2","1","0","1","0","0.5","0","0.5","0","0.25","RareOrAllographCandidate"
"770","2","2","2","2","2","0","DisLegomenon","2","0","0","2","0","0","0","1","0","0.5","RareOrAllographCandidate"
"780","2","2","1","1","2","1","DisLegomenon","1","0","0","0","1","0","0","0","1","0.5","RareOrAllographCandidate"
"781","2","2","1","1","1","0","DisLegomenon","2","0","0","0","2","0","0","0","1","0.5","RareOrAllographCandidate"
"783","2","2","1","1","1","0","DisLegomenon","2","0","0","2","0","0","0","1","0","0.5","RareOrAllographCandidate"
"785","2","2","2","1","2","0","DisLegomenon","2","0","0","2","0","0","0","1","0","0.3611","RareOrAllographCandidate"
"795","2","2","2","2","2","2","DisLegomenon","2","1","1","0","0","0.5","0.5","0","0","0.5","RareOrAllographCandidate"
"810","2","2","1","1","1","1","DisLegomenon","1","0","0","1","0","0","0","1","0","0.125","RareOrAllographCandidate"
"813","2","2","2","2","2","0","DisLegomenon","2","0","0","2","0","0","0","1","0","0.4444","RareOrAllographCandidate"
"814","2","2","1","1","1","0","DisLegomenon","2","0","0","2","0","0","0","1","0","0.2083","RareOrAllographCandidate"
"818","2","2","2","2","2","1","DisLegomenon","1","1","0","0","0","1","0","0","0","0","RareOrAllographCandidate"
"822","2","2","2","2","1","0","DisLegomenon","2","0","1","0","1","0","0.5","0","0.5","0.75","RareOrAllographCandidate"
"823","2","2","2","2","2","2","DisLegomenon","0","0","0","0","0","0","0","0","0","0","RareOrAllographCandidate"
"833","2","2","1","1","2","1","DisLegomenon","1","0","0","1","0","0","0","1","0","0.5","RareOrAllographCandidate"
"834","2","2","2","1","1","2","DisLegomenon","0","0","0","0","0","0","0","0","0","0","RareOrAllographCandidate"
"836","2","2","1","1","2","0","DisLegomenon","2","0","0","1","1","0","0","0.5","0.5","0.375","RareOrAllographCandidate"
"854","2","2","2","2","2","1","DisLegomenon","1","0","0","1","0","0","0","1","0","0.5","RareOrAllographCandidate"
"891","2","2","1","1","1","0","DisLegomenon","2","2","0","0","0","1","0","0","0","0","RareOrAllographCandidate"
"896","2","2","1","1","1","0","DisLegomenon","2","2","0","0","0","1","0","0","0","0","RareOrAllographCandidate"
"901","2","2","1","1","2","1","DisLegomenon","2","1","0","1","0","0.5","0","0.5","0","0.0833","RareOrAllographCandidate"
"913","2","2","2","2","2","1","DisLegomenon","0","0","0","0","0","0","0","0","0","0","RareOrAllographCandidate"
"919","2","2","1","1","2","1","DisLegomenon","2","0","0","2","0","0","0","1","0","0.1042","RareOrAllographCandidate"
"928","2","2","2","2","2","2","DisLegomenon","0","0","0","0","0","0","0","0","0","0","RareOrAllographCandidate"
"931","2","2","2","2","2","2","DisLegomenon","0","0","0","0","0","0","0","0","0","0","RareOrAllographCandidate"
"933","2","2","2","2","2","0","DisLegomenon","1","1","0","0","0","1","0","0","0","0","RareOrAllographCandidate"
"940","2","2","2","2","1","0","DisLegomenon","2","0","0","2","0","0","0","1","0","0.2","RareOrAllographCandidate"
"950","2","2","2","2","1","1","DisLegomenon","2","1","0","1","0","0.5","0","0.5","0","0.2857","RareOrAllographCandidate"
"957","2","2","1","1","1","0","DisLegomenon","2","0","0","0","2","0","0","0","1","0.5","RareOrAllographCandidate"
"026","1","1","1","1","1","0","Hapax","0","0","0","0","0","0","0","0","0","0","RareOrAllographCandidate"
"043","1","1","1","1","1","0","Hapax","1","0","0","0","1","0","0","0","1","0.5","RareOrAllographCandidate"
"044","1","1","1","1","1","1","Hapax","0","0","0","0","0","0","0","0","0","0","RareOrAllographCandidate"
"047","1","1","1","1","1","0","Hapax","1","0","0","0","1","0","0","0","1","0.5","RareOrAllographCandidate"
"050","1","1","1","1","1","0","Hapax","1","0","0","1","0","0","0","1","0","0.5","RareOrAllographCandidate"
"051","1","1","1","1","1","0","Hapax","1","1","0","0","0","1","0","0","0","0","RareOrAllographCandidate"
"057","1","1","1","1","1","0","Hapax","1","1","0","0","0","1","0","0","0","0","RareOrAllographCandidate"
"058","1","1","1","1","1","1","Hapax","1","1","0","0","0","1","0","0","0","0","RareOrAllographCandidate"
"068","1","1","1","1","1","1","Hapax","0","0","0","0","0","0","0","0","0","0","RareOrAllographCandidate"
"069","1","1","1","1","1","0","Hapax","1","1","0","0","0","1","0","0","0","0","RareOrAllographCandidate"
"074","1","1","1","1","1","0","Hapax","0","0","0","0","0","0","0","0","0","0","RareOrAllographCandidate"
"075","1","1","1","1","1","1","Hapax","0","0","0","0","0","0","0","0","0","0","RareOrAllographCandidate"
"083","1","1","1","1","1","0","Hapax","1","0","0","1","0","0","0","1","0","0.6667","RareOrAllographCandidate"
"084","1","1","1","1","1","0","Hapax","1","1","0","0","0","1","0","0","0","0","RareOrAllographCandidate"
"085","1","1","1","1","1","1","Hapax","0","0","0","0","0","0","0","0","0","0","RareOrAllographCandidate"
"102","1","1","1","1","1","0","Hapax","1","1","0","0","0","1","0","0","0","0","RareOrAllographCandidate"
"106","1","1","1","1","1","1","Hapax","1","0","1","0","0","0","1","0","0","1","RareOrAllographCandidate"
"107","1","1","1","1","1","1","Hapax","1","1","0","0","0","1","0","0","0","0","RareOrAllographCandidate"
"113","1","1","1","1","1","1","Hapax","0","0","0","0","0","0","0","0","0","0","RareOrAllographCandidate"
"115","1","1","1","1","1","1","Hapax","0","0","0","0","0","0","0","0","0","0","RareOrAllographCandidate"
"116","1","1","1","1","1","0","Hapax","1","0","1","0","0","0","1","0","0","1","RareOrAllographCandidate"
"119","1","1","1","1","1","1","Hapax","1","1","0","0","0","1","0","0","0","0","RareOrAllographCandidate"
"123","1","1","1","1","1","0","Hapax","1","1","0","0","0","1","0","0","0","0","RareOrAllographCandidate"
"129","1","1","1","1","1","0","Hapax","0","0","0","0","0","0","0","0","0","0","RareOrAllographCandidate"
"131","1","1","1","1","1","1","Hapax","1","1","0","0","0","1","0","0","0","0","RareOrAllographCandidate"
"135","1","1","1","1","1","1","Hapax","0","0","0","0","0","0","0","0","0","0","RareOrAllographCandidate"
"138","1","1","1","1","1","0","Hapax","1","0","1","0","0","0","1","0","0","1","RareOrAllographCandidate"
"141","1","1","1","1","1","0","Hapax","1","1","0","0","0","1","0","0","0","0","RareOrAllographCandidate"
"147","1","1","1","1","1","1","Hapax","1","0","0","0","1","0","0","0","1","0.5","RareOrAllographCandidate"
"152","1","1","1","1","1","0","Hapax","1","0","0","1","0","0","0","1","0","0.3333","RareOrAllographCandidate"
"166","1","1","1","1","1","0","Hapax","1","1","0","0","0","1","0","0","0","0","RareOrAllographCandidate"
"169","1","1","1","1","1","0","Hapax","1","0","0","0","1","0","0","0","1","0.5","RareOrAllographCandidate"
"170","1","1","1","1","1","0","Hapax","1","0","0","1","0","0","0","1","0","0.75","RareOrAllographCandidate"
"172","1","1","1","1","1","1","Hapax","1","0","0","1","0","0","0","1","0","0.2","RareOrAllographCandidate"
"173","1","1","1","1","1","0","Hapax","1","0","1","0","0","0","1","0","0","1","RareOrAllographCandidate"
"179","1","1","1","1","1","0","Hapax","1","0","0","1","0","0","0","1","0","0.6667","RareOrAllographCandidate"
"180","1","1","1","1","1","1","Hapax","1","1","0","0","0","1","0","0","0","0","RareOrAllographCandidate"
"194","1","1","1","1","1","0","Hapax","1","0","0","1","0","0","0","1","0","0.75","RareOrAllographCandidate"
"203","1","1","1","1","1","0","Hapax","1","0","1","0","0","0","1","0","0","1","RareOrAllographCandidate"
"206","1","1","1","1","1","1","Hapax","0","0","0","0","0","0","0","0","0","0","RareOrAllographCandidate"
"207","1","1","1","1","1","0","Hapax","1","0","0","1","0","0","0","1","0","0.4","RareOrAllographCandidate"
"208","1","1","1","1","1","1","Hapax","1","1","0","0","0","1","0","0","0","0","RareOrAllographCandidate"
"209","1","1","1","1","1","1","Hapax","1","1","0","0","0","1","0","0","0","0","RareOrAllographCandidate"
"224","1","1","1","1","1","0","Hapax","1","0","1","0","0","0","1","0","0","1","RareOrAllographCandidate"
"225","1","1","1","1","1","1","Hapax","0","0","0","0","0","0","0","0","0","0","RareOrAllographCandidate"
"228","1","1","1","1","1","1","Hapax","1","0","0","1","0","0","0","1","0","0.2","RareOrAllographCandidate"
"237","1","1","1","1","1","0","Hapax","1","0","0","0","1","0","0","0","1","0.5","RareOrAllographCandidate"
"251","1","1","1","1","1","0","Hapax","0","0","0","0","0","0","0","0","0","0","RareOrAllographCandidate"
"253","1","1","1","1","1","0","Hapax","1","0","0","1","0","0","0","1","0","0.5","RareOrAllographCandidate"
"256","1","1","1","1","1","0","Hapax","1","0","1","0","0","0","1","0","0","1","RareOrAllographCandidate"
"261","1","1","1","1","1","0","Hapax","0","0","0","0","0","0","0","0","0","0","RareOrAllographCandidate"
"265","1","1","1","1","1","1","Hapax","0","0","0","0","0","0","0","0","0","0","RareOrAllographCandidate"
"270","1","1","1","1","1","0","Hapax","1","0","0","1","0","0","0","1","0","0.2","RareOrAllographCandidate"
"271","1","1","1","1","1","1","Hapax","0","0","0","0","0","0","0","0","0","0","RareOrAllographCandidate"
"276","1","1","1","1","1","0","Hapax","1","1","0","0","0","1","0","0","0","0","RareOrAllographCandidate"
"280","1","1","1","1","1","0","Hapax","1","0","0","1","0","0","0","1","0","0.5","RareOrAllographCandidate"
"290","1","1","1","1","1","1","Hapax","0","0","0","0","0","0","0","0","0","0","RareOrAllographCandidate"
"293","1","1","1","1","1","0","Hapax","1","0","0","1","0","0","0","1","0","0.25","RareOrAllographCandidate"
"295","1","1","1","1","1","0","Hapax","1","0","0","1","0","0","0","1","0","0.25","RareOrAllographCandidate"
"303","1","1","1","1","1","1","Hapax","0","0","0","0","0","0","0","0","0","0","RareOrAllographCandidate"
"305","1","1","1","1","1","1","Hapax","1","0","0","1","0","0","0","1","0","0.2857","RareOrAllographCandidate"
"306","1","1","1","1","1","0","Hapax","1","0","0","1","0","0","0","1","0","0.6667","RareOrAllographCandidate"
"316","1","1","1","1","1","1","Hapax","1","1","0","0","0","1","0","0","0","0","RareOrAllographCandidate"
"325","1","1","1","1","1","0","Hapax","1","1","0","0","0","1","0","0","0","0","RareOrAllographCandidate"
"327","1","1","1","1","1","0","Hapax","1","1","0","0","0","1","0","0","0","0","RareOrAllographCandidate"
"329","1","1","1","1","1","0","Hapax","1","1","0","0","0","1","0","0","0","0","RareOrAllographCandidate"
"338","1","1","1","1","1","0","Hapax","1","0","0","1","0","0","0","1","0","0.8","RareOrAllographCandidate"
"340","1","1","1","1","1","1","Hapax","1","0","0","1","0","0","0","1","0","0.75","RareOrAllographCandidate"
"342","1","1","1","1","1","0","Hapax","1","0","0","1","0","0","0","1","0","0.25","RareOrAllographCandidate"
"344","1","1","1","1","1","0","Hapax","1","0","0","1","0","0","0","1","0","0.6667","RareOrAllographCandidate"
"348","1","1","1","1","1","1","Hapax","0","0","0","0","0","0","0","0","0","0","RareOrAllographCandidate"
"363","1","1","1","1","1","0","Hapax","1","1","0","0","0","1","0","0","0","0","RareOrAllographCandidate"
"372","1","1","1","1","1","0","Hapax","1","0","0","1","0","0","0","1","0","0.1667","RareOrAllographCandidate"
"375","1","1","1","1","1","1","Hapax","1","0","1","0","0","0","1","0","0","1","RareOrAllographCandidate"
"376","1","1","1","1","1","0","Hapax","1","1","0","0","0","1","0","0","0","0","RareOrAllographCandidate"
"383","1","1","1","1","1","0","Hapax","1","0","0","1","0","0","0","1","0","0.3333","RareOrAllographCandidate"
"385","1","1","1","1","1","0","Hapax","1","0","0","1","0","0","0","1","0","0.2","RareOrAllographCandidate"
"387","1","1","1","1","1","1","Hapax","1","0","0","0","1","0","0","0","1","0.5","RareOrAllographCandidate"
"389","1","1","1","1","1","0","Hapax","1","1","0","0","0","1","0","0","0","0","RareOrAllographCandidate"
"393","1","1","1","1","1","1","Hapax","1","1","0","0","0","1","0","0","0","0","RareOrAllographCandidate"
"394","1","1","1","1","1","1","Hapax","0","0","0","0","0","0","0","0","0","0","RareOrAllographCandidate"
"403","1","1","1","1","1","0","Hapax","0","0","0","0","0","0","0","0","0","0","RareOrAllographCandidate"
"404","1","1","1","1","1","1","Hapax","0","0","0","0","0","0","0","0","0","0","RareOrAllographCandidate"
"412","1","1","1","1","1","1","Hapax","1","1","0","0","0","1","0","0","0","0","RareOrAllographCandidate"
"418","1","1","1","1","1","1","Hapax","0","0","0","0","0","0","0","0","0","0","RareOrAllographCandidate"
"427","1","1","1","1","1","1","Hapax","1","0","1","0","0","0","1","0","0","1","RareOrAllographCandidate"
"428","1","1","1","1","1","0","Hapax","1","1","0","0","0","1","0","0","0","0","RareOrAllographCandidate"
"429","1","1","1","1","1","0","Hapax","1","0","1","0","0","0","1","0","0","1","RareOrAllographCandidate"
"430","1","1","1","1","1","0","Hapax","1","0","1","0","0","0","1","0","0","1","RareOrAllographCandidate"
"445","1","1","1","1","1","1","Hapax","1","1","0","0","0","1","0","0","0","0","RareOrAllographCandidate"
"451","1","1","1","1","1","0","Hapax","0","0","0","0","0","0","0","0","0","0","RareOrAllographCandidate"
"453","1","1","1","1","1","0","Hapax","0","0","0","0","0","0","0","0","0","0","RareOrAllographCandidate"
"454","1","1","1","1","1","1","Hapax","0","0","0","0","0","0","0","0","0","0","RareOrAllographCandidate"
"458","1","1","1","1","1","0","Hapax","0","0","0","0","0","0","0","0","0","0","RareOrAllographCandidate"
"461","1","1","1","1","1","0","Hapax","1","0","1","0","0","0","1","0","0","1","RareOrAllographCandidate"
"462","1","1","1","1","1","0","Hapax","1","0","0","0","1","0","0","0","1","0.5","RareOrAllographCandidate"
"466","1","1","1","1","1","0","Hapax","1","0","0","1","0","0","0","1","0","0.375","RareOrAllographCandidate"
"469","1","1","1","1","1","0","Hapax","1","0","0","1","0","0","0","1","0","0.6667","RareOrAllographCandidate"
"471","1","1","1","1","1","0","Hapax","1","0","0","1","0","0","0","1","0","0.75","RareOrAllographCandidate"
"473","1","1","1","1","1","0","Hapax","1","1","0","0","0","1","0","0","0","0","RareOrAllographCandidate"
"474","1","1","1","1","1","0","Hapax","1","0","0","1","0","0","0","1","0","0.5","RareOrAllographCandidate"
"481","1","1","1","1","1","1","Hapax","1","0","1","0","0","0","1","0","0","1","RareOrAllographCandidate"
"493","1","1","1","1","1","0","Hapax","1","1","0","0","0","1","0","0","0","0","RareOrAllographCandidate"
"505","1","1","1","1","1","1","Hapax","1","1","0","0","0","1","0","0","0","0","RareOrAllographCandidate"
"506","1","1","1","1","1","0","Hapax","1","0","1","0","0","0","1","0","0","1","RareOrAllographCandidate"
"512","1","1","1","1","1","1","Hapax","0","0","0","0","0","0","0","0","0","0","RareOrAllographCandidate"
"514","1","1","1","1","1","0","Hapax","1","1","0","0","0","1","0","0","0","0","RareOrAllographCandidate"
"532","1","1","1","1","1","1","Hapax","0","0","0","0","0","0","0","0","0","0","RareOrAllographCandidate"
"535","1","1","1","1","1","0","Hapax","1","0","0","1","0","0","0","1","0","0.9167","RareOrAllographCandidate"
"542","1","1","1","1","1","0","Hapax","1","0","0","1","0","0","0","1","0","0.2","RareOrAllographCandidate"
"546","1","1","1","1","1","1","Hapax","1","1","0","0","0","1","0","0","0","0","RareOrAllographCandidate"
"547","1","1","1","1","1","0","Hapax","1","1","0","0","0","1","0","0","0","0","RareOrAllographCandidate"
"562","1","1","1","1","1","1","Hapax","0","0","0","0","0","0","0","0","0","0","RareOrAllographCandidate"
"563","1","1","1","1","1","0","Hapax","1","1","0","0","0","1","0","0","0","0","RareOrAllographCandidate"
"571","1","1","1","1","1","0","Hapax","1","1","0","0","0","1","0","0","0","0","RareOrAllographCandidate"
"573","1","1","1","1","1","1","Hapax","1","1","0","0","0","1","0","0","0","0","RareOrAllographCandidate"
"576","1","1","1","1","1","0","Hapax","1","0","0","1","0","0","0","1","0","0.5","RareOrAllographCandidate"
"577","1","1","1","1","1","1","Hapax","1","1","0","0","0","1","0","0","0","0","RareOrAllographCandidate"
"591","1","1","1","1","1","1","Hapax","0","0","0","0","0","0","0","0","0","0","RareOrAllographCandidate"
"593","1","1","1","1","1","1","Hapax","0","0","0","0","0","0","0","0","0","0","RareOrAllographCandidate"
"599","1","1","1","1","1","1","Hapax","0","0","0","0","0","0","0","0","0","0","RareOrAllographCandidate"
"601","1","1","1","1","1","0","Hapax","1","1","0","0","0","1","0","0","0","0","RareOrAllographCandidate"
"602","1","1","1","1","1","1","Hapax","0","0","0","0","0","0","0","0","0","0","RareOrAllographCandidate"
"606","1","1","1","1","1","0","Hapax","1","0","0","1","0","0","0","1","0","0.5","RareOrAllographCandidate"
"616","1","1","1","1","1","1","Hapax","0","0","0","0","0","0","0","0","0","0","RareOrAllographCandidate"
"620","1","1","1","1","1","0","Hapax","1","1","0","0","0","1","0","0","0","0","RareOrAllographCandidate"
"623","1","1","1","1","1","1","Hapax","0","0","0","0","0","0","0","0","0","0","RareOrAllographCandidate"
"628","1","1","1","1","1","0","Hapax","0","0","0","0","0","0","0","0","0","0","RareOrAllographCandidate"
"629","1","1","1","1","1","0","Hapax","1","0","0","1","0","0","0","1","0","0.25","RareOrAllographCandidate"
"633","1","1","1","1","1","0","Hapax","1","0","0","1","0","0","0","1","0","0.1","RareOrAllographCandidate"
"635","1","1","1","1","1","0","Hapax","1","1","0","0","0","1","0","0","0","0","RareOrAllographCandidate"
"638","1","1","1","1","1","1","Hapax","0","0","0","0","0","0","0","0","0","0","RareOrAllographCandidate"
"639","1","1","1","1","1","0","Hapax","1","0","0","1","0","0","0","1","0","0.8333","RareOrAllographCandidate"
"640","1","1","1","1","1","0","Hapax","1","1","0","0","0","1","0","0","0","0","RareOrAllographCandidate"
"641","1","1","1","1","1","0","Hapax","0","0","0","0","0","0","0","0","0","0","RareOrAllographCandidate"
"646","1","1","1","1","1","1","Hapax","0","0","0","0","0","0","0","0","0","0","RareOrAllographCandidate"
"682","1","1","1","1","1","1","Hapax","1","0","1","0","0","0","1","0","0","1","RareOrAllographCandidate"
"684","1","1","1","1","1","0","Hapax","1","1","0","0","0","1","0","0","0","0","RareOrAllographCandidate"
"686","1","1","1","1","1","0","Hapax","1","0","0","1","0","0","0","1","0","0.8182","RareOrAllographCandidate"
"693","1","1","1","1","1","0","Hapax","1","1","0","0","0","1","0","0","0","0","RareOrAllographCandidate"
"694","1","1","1","1","1","1","Hapax","1","1","0","0","0","1","0","0","0","0","RareOrAllographCandidate"
"699","1","1","1","1","1","1","Hapax","1","0","0","0","1","0","0","0","1","0.5","RareOrAllographCandidate"
"701","1","1","1","1","1","1","Hapax","0","0","0","0","0","0","0","0","0","0","RareOrAllographCandidate"
"707","1","1","1","1","1","1","Hapax","1","1","0","0","0","1","0","0","0","0","RareOrAllographCandidate"
"708","1","1","1","1","1","1","Hapax","0","0","0","0","0","0","0","0","0","0","RareOrAllographCandidate"
"709","1","1","1","1","1","1","Hapax","0","0","0","0","0","0","0","0","0","0","RareOrAllographCandidate"
"713","1","1","1","1","1","0","Hapax","1","1","0","0","0","1","0","0","0","0","RareOrAllographCandidate"
"714","1","1","1","1","1","0","Hapax","1","0","0","1","0","0","0","1","0","0.6667","RareOrAllographCandidate"
"715","1","1","1","1","1","1","Hapax","0","0","0","0","0","0","0","0","0","0","RareOrAllographCandidate"
"718","1","1","1","1","1","0","Hapax","1","0","1","0","0","0","1","0","0","1","RareOrAllographCandidate"
"719","1","1","1","1","1","1","Hapax","0","0","0","0","0","0","0","0","0","0","RareOrAllographCandidate"
"722","1","1","1","1","1","1","Hapax","0","0","0","0","0","0","0","0","0","0","RareOrAllographCandidate"
"723","1","1","1","1","1","0","Hapax","1","0","1","0","0","0","1","0","0","1","RareOrAllographCandidate"
"725","1","1","1","1","1","1","Hapax","0","0","0","0","0","0","0","0","0","0","RareOrAllographCandidate"
"728","1","1","1","1","1","0","Hapax","1","1","0","0","0","1","0","0","0","0","RareOrAllographCandidate"
"729","1","1","1","1","1","0","Hapax","1","0","0","1","0","0","0","1","0","0.8571","RareOrAllographCandidate"
"731","1","1","1","1","1","1","Hapax","1","1","0","0","0","1","0","0","0","0","RareOrAllographCandidate"
"733","1","1","1","1","1","1","Hapax","0","0","0","0","0","0","0","0","0","0","RareOrAllographCandidate"
"734","1","1","1","1","1","0","Hapax","1","0","0","1","0","0","0","1","0","0.5","RareOrAllographCandidate"
"735","1","1","1","1","1","1","Hapax","0","0","0","0","0","0","0","0","0","0","RareOrAllographCandidate"
"750","1","1","1","1","1","0","Hapax","1","0","0","1","0","0","0","1","0","0.5","RareOrAllographCandidate"
"751","1","1","1","1","1","1","Hapax","1","1","0","0","0","1","0","0","0","0","RareOrAllographCandidate"
"761","1","1","1","1","1","1","Hapax","1","0","0","1","0","0","0","1","0","0.6","RareOrAllographCandidate"
"762","1","1","1","1","1","0","Hapax","0","0","0","0","0","0","0","0","0","0","RareOrAllographCandidate"
"763","1","1","1","1","1","1","Hapax","0","0","0","0","0","0","0","0","0","0","RareOrAllographCandidate"
"764","1","1","1","1","1","1","Hapax","1","1","0","0","0","1","0","0","0","0","RareOrAllographCandidate"
"765","1","1","1","1","1","0","Hapax","1","0","0","1","0","0","0","1","0","0.8","RareOrAllographCandidate"
"766","1","1","1","1","1","1","Hapax","0","0","0","0","0","0","0","0","0","0","RareOrAllographCandidate"
"768","1","1","1","1","1","0","Hapax","1","1","0","0","0","1","0","0","0","0","RareOrAllographCandidate"
"778","1","1","1","1","1","0","Hapax","1","0","0","1","0","0","0","1","0","0.3333","RareOrAllographCandidate"
"784","1","1","1","1","1","1","Hapax","0","0","0","0","0","0","0","0","0","0","RareOrAllographCandidate"
"793","1","1","1","1","1","0","Hapax","1","0","0","1","0","0","0","1","0","0.6364","RareOrAllographCandidate"
"796","1","1","1","1","1","0","Hapax","1","1","0","0","0","1","0","0","0","0","RareOrAllographCandidate"
"801","1","1","1","1","1","1","Hapax","0","0","0","0","0","0","0","0","0","0","RareOrAllographCandidate"
"809","1","1","1","1","1","0","Hapax","1","0","0","1","0","0","0","1","0","0.6875","RareOrAllographCandidate"
"811","1","1","1","1","1","0","Hapax","1","0","0","1","0","0","0","1","0","0.6","RareOrAllographCandidate"
"815","1","1","1","1","1","0","Hapax","1","1","0","0","0","1","0","0","0","0","RareOrAllographCandidate"
"816","1","1","1","1","1","1","Hapax","0","0","0","0","0","0","0","0","0","0","RareOrAllographCandidate"
"826","1","1","1","1","1","0","Hapax","1","1","0","0","0","1","0","0","0","0","RareOrAllographCandidate"
"827","1","1","1","1","1","0","Hapax","0","0","0","0","0","0","0","0","0","0","RareOrAllographCandidate"
"830","1","1","1","1","1","0","Hapax","1","0","0","1","0","0","0","1","0","0.5","RareOrAllographCandidate"
"835","1","1","1","1","1","1","Hapax","0","0","0","0","0","0","0","0","0","0","RareOrAllographCandidate"
"837","1","1","1","1","1","1","Hapax","0","0","0","0","0","0","0","0","0","0","RareOrAllographCandidate"
"841","1","1","1","1","1","0","Hapax","1","0","0","0","1","0","0","0","1","0.5","RareOrAllographCandidate"
"855","1","1","1","1","1","0","Hapax","1","0","1","0","0","0","1","0","0","1","RareOrAllographCandidate"
"857","1","1","1","1","1","0","Hapax","0","0","0","0","0","0","0","0","0","0","RareOrAllographCandidate"
"858","1","1","1","1","1","0","Hapax","1","0","1","0","0","0","1","0","0","1","RareOrAllographCandidate"
"859","1","1","1","1","1","0","Hapax","1","1","0","0","0","1","0","0","0","0","RareOrAllographCandidate"
"860","1","1","1","1","1","1","Hapax","0","0","0","0","0","0","0","0","0","0","RareOrAllographCandidate"
"862","1","1","1","1","1","0","Hapax","1","0","0","1","0","0","0","1","0","0.2","RareOrAllographCandidate"
"863","1","1","1","1","1","1","Hapax","1","1","0","0","0","1","0","0","0","0","RareOrAllographCandidate"
"864","1","1","1","1","1","0","Hapax","1","1","0","0","0","1","0","0","0","0","RareOrAllographCandidate"
"866","1","1","1","1","1","0","Hapax","1","0","1","0","0","0","1","0","0","1","RareOrAllographCandidate"
"872","1","1","1","1","1","0","Hapax","1","0","1","0","0","0","1","0","0","1","RareOrAllographCandidate"
"874","1","1","1","1","1","1","Hapax","1","0","1","0","0","0","1","0","0","1","RareOrAllographCandidate"
"875","1","1","1","1","1","0","Hapax","1","0","1","0","0","0","1","0","0","1","RareOrAllographCandidate"
"876","1","1","1","1","1","0","Hapax","1","0","1","0","0","0","1","0","0","1","RareOrAllographCandidate"
"878","1","1","1","1","1","0","Hapax","1","1","0","0","0","1","0","0","0","0","RareOrAllographCandidate"
"894","1","1","1","1","1","0","Hapax","1","0","0","1","0","0","0","1","0","0.5","RareOrAllographCandidate"
"895","1","1","1","1","1","0","Hapax","1","0","0","1","0","0","0","1","0","0.3333","RareOrAllographCandidate"
"897","1","1","1","1","1","1","Hapax","1","1","0","0","0","1","0","0","0","0","RareOrAllographCandidate"
"902","1","1","1","1","1","0","Hapax","1","1","0","0","0","1","0","0","0","0","RareOrAllographCandidate"
"907","1","1","1","1","1","1","Hapax","0","0","0","0","0","0","0","0","0","0","RareOrAllographCandidate"
"911","1","1","1","1","1","0","Hapax","0","0","0","0","0","0","0","0","0","0","RareOrAllographCandidate"
"914","1","1","1","1","1","0","Hapax","1","1","0","0","0","1","0","0","0","0","RareOrAllographCandidate"
"918","1","1","1","1","1","0","Hapax","1","1","0","0","0","1","0","0","0","0","RareOrAllographCandidate"
"925","1","1","1","1","1","1","Hapax","0","0","0","0","0","0","0","0","0","0","RareOrAllographCandidate"
"926","1","1","1","1","1","0","Hapax","1","1","0","0","0","1","0","0","0","0","RareOrAllographCandidate"
"932","1","1","1","1","1","0","Hapax","1","0","1","0","0","0","1","0","0","1","RareOrAllographCandidate"
"943","1","1","1","1","1","1","Hapax","1","0","0","0","1","0","0","0","1","0.5","RareOrAllographCandidate"
"944","1","1","1","1","1","1","Hapax","1","0","0","1","0","0","0","1","0","0.3333","RareOrAllographCandidate"
"945","1","1","1","1","1","1","Hapax","1","0","0","0","1","0","0","0","1","0.5","RareOrAllographCandidate"
"946","1","1","1","1","1","1","Hapax","1","0","0","0","1","0","0","0","1","0.5","RareOrAllographCandidate"
"947","1","1","1","1","1","0","Hapax","1","0","0","1","0","0","0","1","0","0.8889","RareOrAllographCandidate"
"951","1","1","1","1","1","0","Hapax","0","0","0","0","0","0","0","0","0","0","RareOrAllographCandidate"
"952","1","1","1","1","1","0","Hapax","1","0","0","1","0","0","0","1","0","0.2","RareOrAllographCandidate"
"953","1","1","1","1","1","0","Hapax","1","0","1","0","0","0","1","0","0","1","RareOrAllographCandidate"
"958","1","1","1","1","1","0","Hapax","1","0","0","1","0","0","0","1","0","0.2222","RareOrAllographCandidate"
