Frame,FillerA,CountA,FillerB,CountB,Relation,CombinedCount,Lead
001|<END>,760-740,4,031-740,3,Substitution@1:760>031,7,MinimalAlternation
001|<END>,354,3,416,3,Substitution@1:354>416,6,MinimalAlternation
001|<END>,354,3,520,3,Substitution@1:354>520,6,MinimalAlternation
001|<END>,354,3,821,3,Substitution@1:354>821,6,MinimalAlternation
001|<END>,416,3,520,3,Substitution@1:416>520,6,MinimalAlternation
001|<END>,416,3,821,3,Substitution@1:416>821,6,MinimalAlternation
001|<END>,520,3,821,3,Substitution@1:520>821,6,MinimalAlternation
001|<END>,760-740,4,061-740,2,Substitution@1:760>061,6,MinimalAlternation
001|<END>,760-740,4,176-740,2,Substitution@1:760>176,6,MinimalAlternation
001|<END>,760-740,4,752-740,2,Substitution@1:760>752,6,MinimalAlternation
001|<END>,031-740,3,904-031-740,2,PrefixAddition:904,5,MinimalAlternation
001|<END>,031-740,3,061-740,2,Substitution@1:031>061,5,MinimalAlternation
001|<END>,031-740,3,176-740,2,Substitution@1:031>176,5,MinimalAlternation
001|<END>,031-740,3,752-740,2,Substitution@1:031>752,5,MinimalAlternation
001|<END>,354,3,003,2,Substitution@1:354>003,5,MinimalAlternation
001|<END>,354,3,090,2,Substitution@1:354>090,5,MinimalAlternation
001|<END>,354,3,100,2,Substitution@1:354>100,5,MinimalAlternation
001|<END>,354,3,215,2,Substitution@1:354>215,5,MinimalAlternation
001|<END>,354,3,353,2,Substitution@1:354>353,5,MinimalAlternation
001|<END>,354,3,435,2,Substitution@1:354>435,5,MinimalAlternation
001|<END>,416,3,003,2,Substitution@1:416>003,5,MinimalAlternation
001|<END>,416,3,090,2,Substitution@1:416>090,5,MinimalAlternation
001|<END>,416,3,100,2,Substitution@1:416>100,5,MinimalAlternation
001|<END>,416,3,215,2,Substitution@1:416>215,5,MinimalAlternation
001|<END>,416,3,353,2,Substitution@1:416>353,5,MinimalAlternation
001|<END>,416,3,435,2,Substitution@1:416>435,5,MinimalAlternation
001|<END>,520,3,003,2,Substitution@1:520>003,5,MinimalAlternation
001|<END>,520,3,090,2,Substitution@1:520>090,5,MinimalAlternation
001|<END>,520,3,100,2,Substitution@1:520>100,5,MinimalAlternation
001|<END>,520,3,215,2,Substitution@1:520>215,5,MinimalAlternation
001|<END>,520,3,353,2,Substitution@1:520>353,5,MinimalAlternation
001|<END>,520,3,435,2,Substitution@1:520>435,5,MinimalAlternation
001|<END>,821,3,003,2,Substitution@1:821>003,5,MinimalAlternation
001|<END>,821,3,090,2,Substitution@1:821>090,5,MinimalAlternation
001|<END>,821,3,100,2,Substitution@1:821>100,5,MinimalAlternation
001|<END>,821,3,215,2,Substitution@1:821>215,5,MinimalAlternation
001|<END>,821,3,353,2,Substitution@1:821>353,5,MinimalAlternation
001|<END>,821,3,435,2,Substitution@1:821>435,5,MinimalAlternation
001|<END>,003,2,090,2,Substitution@1:003>090,4,MinimalAlternation
001|<END>,003,2,100,2,Substitution@1:003>100,4,MinimalAlternation
001|<END>,003,2,215,2,Substitution@1:003>215,4,MinimalAlternation
001|<END>,003,2,353,2,Substitution@1:003>353,4,MinimalAlternation
001|<END>,003,2,435,2,Substitution@1:003>435,4,MinimalAlternation
001|<END>,061-740,2,176-740,2,Substitution@1:061>176,4,MinimalAlternation
001|<END>,061-740,2,752-740,2,Substitution@1:061>752,4,MinimalAlternation
001|<END>,090,2,100,2,Substitution@1:090>100,4,MinimalAlternation
001|<END>,090,2,215,2,Substitution@1:090>215,4,MinimalAlternation
001|<END>,090,2,353,2,Substitution@1:090>353,4,MinimalAlternation
001|<END>,090,2,435,2,Substitution@1:090>435,4,MinimalAlternation
001|<END>,100,2,215,2,Substitution@1:100>215,4,MinimalAlternation
001|<END>,100,2,353,2,Substitution@1:100>353,4,MinimalAlternation
001|<END>,100,2,435,2,Substitution@1:100>435,4,MinimalAlternation
001|<END>,176-740,2,752-740,2,Substitution@1:176>752,4,MinimalAlternation
001|<END>,215,2,353,2,Substitution@1:215>353,4,MinimalAlternation
001|<END>,215,2,435,2,Substitution@1:215>435,4,MinimalAlternation
001|<END>,353,2,435,2,Substitution@1:353>435,4,MinimalAlternation
001|<END>,003,2,003-423,2,SuffixAddition:423,4,MinimalAlternation
002|740,048,11,176,9,Substitution@1:048>176,20,MinimalAlternation
002|740,048,11,061,8,Substitution@1:048>061,19,MinimalAlternation
002|740,176,9,061,8,Substitution@1:176>061,17,MinimalAlternation
002|740,048,11,222,3,Substitution@1:048>222,14,MinimalAlternation
002|740,048,11,384,3,Substitution@1:048>384,14,MinimalAlternation
002|740,048,11,519,3,Substitution@1:048>519,14,MinimalAlternation
002|740,048,11,016,2,Substitution@1:048>016,13,MinimalAlternation
002|740,048,11,100,2,Substitution@1:048>100,13,MinimalAlternation
002|740,048,11,101,2,Substitution@1:048>101,13,MinimalAlternation
002|740,048,11,240,2,Substitution@1:048>240,13,MinimalAlternation
002|740,048,11,335,2,Substitution@1:048>335,13,MinimalAlternation
002|740,048,11,540,2,Substitution@1:048>540,13,MinimalAlternation
002|740,048,11,760,2,Substitution@1:048>760,13,MinimalAlternation
002|740,048,11,772,2,Substitution@1:048>772,13,MinimalAlternation
002|740,048,11,798,2,Substitution@1:048>798,13,MinimalAlternation
002|740,048,11,904,2,Substitution@1:048>904,13,MinimalAlternation
002|740,176,9,222,3,Substitution@1:176>222,12,MinimalAlternation
002|740,176,9,384,3,Substitution@1:176>384,12,MinimalAlternation
002|740,176,9,519,3,Substitution@1:176>519,12,MinimalAlternation
002|740,176,9,240-176,2,PrefixAddition:240,11,MinimalAlternation
002|740,415-100,7,240-415-100,4,PrefixAddition:240,11,MinimalAlternation
002|740,061,8,222,3,Substitution@1:061>222,11,MinimalAlternation
002|740,061,8,384,3,Substitution@1:061>384,11,MinimalAlternation
002|740,061,8,519,3,Substitution@1:061>519,11,MinimalAlternation
002|740,176,9,016,2,Substitution@1:176>016,11,MinimalAlternation
002|740,176,9,100,2,Substitution@1:176>100,11,MinimalAlternation
002|740,176,9,101,2,Substitution@1:176>101,11,MinimalAlternation
002|740,176,9,240,2,Substitution@1:176>240,11,MinimalAlternation
002|740,176,9,335,2,Substitution@1:176>335,11,MinimalAlternation
002|740,176,9,540,2,Substitution@1:176>540,11,MinimalAlternation
002|740,176,9,760,2,Substitution@1:176>760,11,MinimalAlternation
002|740,176,9,772,2,Substitution@1:176>772,11,MinimalAlternation
002|740,176,9,798,2,Substitution@1:176>798,11,MinimalAlternation
002|740,176,9,904,2,Substitution@1:176>904,11,MinimalAlternation
002|740,240-482,8,240-904,3,Substitution@2:482>904,11,MinimalAlternation
002|740,176,9,176-100,2,SuffixAddition:100,11,MinimalAlternation
002|740,061,8,016,2,Substitution@1:061>016,10,MinimalAlternation
002|740,061,8,100,2,Substitution@1:061>100,10,MinimalAlternation
002|740,061,8,101,2,Substitution@1:061>101,10,MinimalAlternation
002|740,061,8,240,2,Substitution@1:061>240,10,MinimalAlternation
002|740,061,8,335,2,Substitution@1:061>335,10,MinimalAlternation
002|740,061,8,540,2,Substitution@1:061>540,10,MinimalAlternation
002|740,061,8,760,2,Substitution@1:061>760,10,MinimalAlternation
002|740,061,8,772,2,Substitution@1:061>772,10,MinimalAlternation
002|740,061,8,798,2,Substitution@1:061>798,10,MinimalAlternation
002|740,061,8,904,2,Substitution@1:061>904,10,MinimalAlternation
002|740,240-482,8,240-176,2,Substitution@2:482>176,10,MinimalAlternation
002|740,240-482,8,240-773,2,Substitution@2:482>773,10,MinimalAlternation
002|740,061,8,061-142,2,SuffixAddition:142,10,MinimalAlternation
002|740,061,8,061-702,2,SuffixAddition:702,10,MinimalAlternation
002|740,240-482,8,240,2,SuffixDeletion:482,10,MinimalAlternation
002|740,415-100,7,100,2,PrefixDeletion:415,9,MinimalAlternation
002|740,415-100,7,176-100,2,Substitution@1:415>176,9,MinimalAlternation
002|740,590-390,5,235-590-390,2,PrefixAddition:235,7,MinimalAlternation
002|740,222,3,235-222,3,PrefixAddition:235,6,MinimalAlternation
002|740,222,3,384,3,Substitution@1:222>384,6,MinimalAlternation
002|740,222,3,519,3,Substitution@1:222>519,6,MinimalAlternation
002|740,384,3,519,3,Substitution@1:384>519,6,MinimalAlternation
002|740,017-585,4,017-575,2,Substitution@2:585>575,6,MinimalAlternation
002|740,840-032,3,235-840-032,2,PrefixAddition:235,5,MinimalAlternation
002|740,032-760,3,760,2,PrefixDeletion:032,5,MinimalAlternation
002|740,240-904,3,904,2,PrefixDeletion:240,5,MinimalAlternation
002|740,032-760,3,235-760,2,Substitution@1:032>235,5,MinimalAlternation
002|740,032-760,3,440-760,2,Substitution@1:032>440,5,MinimalAlternation
002|740,032-760,3,605-760,2,Substitution@1:032>605,5,MinimalAlternation
002|740,222,3,016,2,Substitution@1:222>016,5,MinimalAlternation
002|740,222,3,100,2,Substitution@1:222>100,5,MinimalAlternation
002|740,222,3,101,2,Substitution@1:222>101,5,MinimalAlternation
002|740,222,3,240,2,Substitution@1:222>240,5,MinimalAlternation
002|740,222,3,335,2,Substitution@1:222>335,5,MinimalAlternation
002|740,222,3,540,2,Substitution@1:222>540,5,MinimalAlternation
002|740,222,3,760,2,Substitution@1:222>760,5,MinimalAlternation
002|740,222,3,772,2,Substitution@1:222>772,5,MinimalAlternation
002|740,222,3,798,2,Substitution@1:222>798,5,MinimalAlternation
002|740,222,3,904,2,Substitution@1:222>904,5,MinimalAlternation
002|740,384,3,016,2,Substitution@1:384>016,5,MinimalAlternation
002|740,384,3,100,2,Substitution@1:384>100,5,MinimalAlternation
002|740,384,3,101,2,Substitution@1:384>101,5,MinimalAlternation
002|740,384,3,240,2,Substitution@1:384>240,5,MinimalAlternation
002|740,384,3,335,2,Substitution@1:384>335,5,MinimalAlternation
002|740,384,3,540,2,Substitution@1:384>540,5,MinimalAlternation
002|740,384,3,760,2,Substitution@1:384>760,5,MinimalAlternation
002|740,384,3,772,2,Substitution@1:384>772,5,MinimalAlternation
002|740,384,3,798,2,Substitution@1:384>798,5,MinimalAlternation
002|740,384,3,904,2,Substitution@1:384>904,5,MinimalAlternation
002|740,519,3,016,2,Substitution@1:519>016,5,MinimalAlternation
002|740,519,3,100,2,Substitution@1:519>100,5,MinimalAlternation
002|740,519,3,101,2,Substitution@1:519>101,5,MinimalAlternation
002|740,519,3,240,2,Substitution@1:519>240,5,MinimalAlternation
002|740,519,3,335,2,Substitution@1:519>335,5,MinimalAlternation
002|740,519,3,540,2,Substitution@1:519>540,5,MinimalAlternation
002|740,519,3,760,2,Substitution@1:519>760,5,MinimalAlternation
002|740,519,3,772,2,Substitution@1:519>772,5,MinimalAlternation
002|740,519,3,798,2,Substitution@1:519>798,5,MinimalAlternation
002|740,519,3,904,2,Substitution@1:519>904,5,MinimalAlternation
002|740,235-222,3,235-760,2,Substitution@2:222>760,5,MinimalAlternation
002|740,032-760,3,032-205,2,Substitution@2:760>205,5,MinimalAlternation
002|740,240-904,3,240-176,2,Substitution@2:904>176,5,MinimalAlternation
002|740,240-904,3,240-773,2,Substitution@2:904>773,5,MinimalAlternation
002|740,240-904,3,240,2,SuffixDeletion:904,5,MinimalAlternation
002|740,100,2,176-100,2,PrefixAddition:176,4,MinimalAlternation
002|740,798,2,803-798,2,PrefixAddition:803,4,MinimalAlternation
002|740,231-798,2,798,2,PrefixDeletion:231,4,MinimalAlternation
002|740,235-760,2,760,2,PrefixDeletion:235,4,MinimalAlternation
002|740,440-760,2,760,2,PrefixDeletion:440,4,MinimalAlternation
002|740,605-760,2,760,2,PrefixDeletion:605,4,MinimalAlternation
002|740,003-900,2,005-900,2,Substitution@1:003>005,4,MinimalAlternation
002|740,016,2,100,2,Substitution@1:016>100,4,MinimalAlternation
002|740,016,2,101,2,Substitution@1:016>101,4,MinimalAlternation
002|740,016,2,240,2,Substitution@1:016>240,4,MinimalAlternation
002|740,016,2,335,2,Substitution@1:016>335,4,MinimalAlternation
002|740,016,2,540,2,Substitution@1:016>540,4,MinimalAlternation
002|740,016,2,760,2,Substitution@1:016>760,4,MinimalAlternation
002|740,016,2,772,2,Substitution@1:016>772,4,MinimalAlternation
002|740,016,2,798,2,Substitution@1:016>798,4,MinimalAlternation
002|740,016,2,904,2,Substitution@1:016>904,4,MinimalAlternation
002|740,100,2,101,2,Substitution@1:100>101,4,MinimalAlternation
002|740,100,2,240,2,Substitution@1:100>240,4,MinimalAlternation
002|740,100,2,335,2,Substitution@1:100>335,4,MinimalAlternation
002|740,100,2,540,2,Substitution@1:100>540,4,MinimalAlternation
002|740,100,2,760,2,Substitution@1:100>760,4,MinimalAlternation
002|740,100,2,772,2,Substitution@1:100>772,4,MinimalAlternation
002|740,100,2,798,2,Substitution@1:100>798,4,MinimalAlternation
002|740,100,2,904,2,Substitution@1:100>904,4,MinimalAlternation
002|740,101,2,240,2,Substitution@1:101>240,4,MinimalAlternation
002|740,101,2,335,2,Substitution@1:101>335,4,MinimalAlternation
002|740,101,2,540,2,Substitution@1:101>540,4,MinimalAlternation
002|740,101,2,760,2,Substitution@1:101>760,4,MinimalAlternation
002|740,101,2,772,2,Substitution@1:101>772,4,MinimalAlternation
002|740,101,2,798,2,Substitution@1:101>798,4,MinimalAlternation
002|740,101,2,904,2,Substitution@1:101>904,4,MinimalAlternation
002|740,231-798,2,803-798,2,Substitution@1:231>803,4,MinimalAlternation
002|740,235-760,2,440-760,2,Substitution@1:235>440,4,MinimalAlternation
002|740,235-760,2,605-760,2,Substitution@1:235>605,4,MinimalAlternation
002|740,240,2,335,2,Substitution@1:240>335,4,MinimalAlternation
002|740,240,2,540,2,Substitution@1:240>540,4,MinimalAlternation
002|740,240,2,760,2,Substitution@1:240>760,4,MinimalAlternation
002|740,240,2,772,2,Substitution@1:240>772,4,MinimalAlternation
002|740,240,2,798,2,Substitution@1:240>798,4,MinimalAlternation
002|740,240,2,904,2,Substitution@1:240>904,4,MinimalAlternation
002|740,335,2,540,2,Substitution@1:335>540,4,MinimalAlternation
002|740,335,2,760,2,Substitution@1:335>760,4,MinimalAlternation
002|740,335,2,772,2,Substitution@1:335>772,4,MinimalAlternation
002|740,335,2,798,2,Substitution@1:335>798,4,MinimalAlternation
002|740,335,2,904,2,Substitution@1:335>904,4,MinimalAlternation
002|740,440-760,2,605-760,2,Substitution@1:440>605,4,MinimalAlternation
002|740,540,2,760,2,Substitution@1:540>760,4,MinimalAlternation
002|740,540,2,772,2,Substitution@1:540>772,4,MinimalAlternation
002|740,540,2,798,2,Substitution@1:540>798,4,MinimalAlternation
002|740,540,2,904,2,Substitution@1:540>904,4,MinimalAlternation
002|740,760,2,772,2,Substitution@1:760>772,4,MinimalAlternation
002|740,760,2,798,2,Substitution@1:760>798,4,MinimalAlternation
002|740,760,2,904,2,Substitution@1:760>904,4,MinimalAlternation
002|740,772,2,798,2,Substitution@1:772>798,4,MinimalAlternation
002|740,772,2,904,2,Substitution@1:772>904,4,MinimalAlternation
002|740,798,2,904,2,Substitution@1:798>904,4,MinimalAlternation
002|740,061-142,2,061-702,2,Substitution@2:142>702,4,MinimalAlternation
002|740,240-176,2,240-773,2,Substitution@2:176>773,4,MinimalAlternation
002|740,240,2,240-176,2,SuffixAddition:176,4,MinimalAlternation
002|740,016,2,016-220,2,SuffixAddition:220,4,MinimalAlternation
002|740,240,2,240-773,2,SuffixAddition:773,4,MinimalAlternation
002|<END>,240-520,29,240,4,SuffixDeletion:520,33,MinimalAlternation
002|<END>,240-520,29,520,3,PrefixDeletion:240,32,MinimalAlternation
002|<END>,240-520,29,220-520,3,Substitution@1:240>220,32,MinimalAlternation
002|<END>,240-520,29,231-520,3,Substitution@1:240>231,32,MinimalAlternation
002|<END>,003-390,14,004-390,10,Substitution@1:003>004,24,MinimalAlternation
002|<END>,003-390,14,005-390,4,Substitution@1:003>005,18,MinimalAlternation
002|<END>,003-390,14,016-390,4,Substitution@1:003>016,18,MinimalAlternation
002|<END>,048-740,11,061-740,7,Substitution@1:048>061,18,MinimalAlternation
002|<END>,003-390,14,003,2,SuffixDeletion:390,16,MinimalAlternation
002|<END>,048-740,11,740,4,PrefixDeletion:048,15,MinimalAlternation
002|<END>,004-390,10,005-390,4,Substitution@1:004>005,14,MinimalAlternation
002|<END>,004-390,10,016-390,4,Substitution@1:004>016,14,MinimalAlternation
002|<END>,048-740,11,176-740,3,Substitution@1:048>176,14,MinimalAlternation
002|<END>,048-740,11,222-740,3,Substitution@1:048>222,14,MinimalAlternation
002|<END>,048-740,11,519-740,3,Substitution@1:048>519,14,MinimalAlternation
002|<END>,004-390,10,004-407,4,Substitution@2:390>407,14,MinimalAlternation
002|<END>,048-740,11,016-740,2,Substitution@1:048>016,13,MinimalAlternation
002|<END>,048-740,11,384-740,2,Substitution@1:048>384,13,MinimalAlternation
002|<END>,048-740,11,540-740,2,Substitution@1:048>540,13,MinimalAlternation
002|<END>,048-740,11,760-740,2,Substitution@1:048>760,13,MinimalAlternation
002|<END>,048-740,11,772-740,2,Substitution@1:048>772,13,MinimalAlternation
002|<END>,004-390,10,004-405,2,Substitution@2:390>405,12,MinimalAlternation
002|<END>,061-740,7,740,4,PrefixDeletion:061,11,MinimalAlternation
002|<END>,236,6,220,5,Substitution@1:236>220,11,MinimalAlternation
002|<END>,240-482-740,8,240-904-740,3,Substitution@2:482>904,11,MinimalAlternation
002|<END>,061-740,7,176-740,3,Substitution@1:061>176,10,MinimalAlternation
002|<END>,061-740,7,222-740,3,Substitution@1:061>222,10,MinimalAlternation
002|<END>,061-740,7,519-740,3,Substitution@1:061>519,10,MinimalAlternation
002|<END>,236,6,032,4,Substitution@1:236>032,10,MinimalAlternation
002|<END>,236,6,235,4,Substitution@1:236>235,10,MinimalAlternation
002|<END>,236,6,240,4,Substitution@1:236>240,10,MinimalAlternation
002|<END>,236,6,740,4,Substitution@1:236>740,10,MinimalAlternation
002|<END>,240-482-740,8,240-176-740,2,Substitution@2:482>176,10,MinimalAlternation
002|<END>,240-482-740,8,240-773-740,2,Substitution@2:482>773,10,MinimalAlternation
002|<END>,061-740,7,061-142-740,2,InfixAddition@2:142,9,MinimalAlternation
002|<END>,061-740,7,061-702-740,2,InfixAddition@2:702,9,MinimalAlternation
002|<END>,061-740,7,016-740,2,Substitution@1:061>016,9,MinimalAlternation
002|<END>,061-740,7,384-740,2,Substitution@1:061>384,9,MinimalAlternation
002|<END>,061-740,7,540-740,2,Substitution@1:061>540,9,MinimalAlternation
002|<END>,061-740,7,760-740,2,Substitution@1:061>760,9,MinimalAlternation
002|<END>,061-740,7,772-740,2,Substitution@1:061>772,9,MinimalAlternation
002|<END>,220,5,032,4,Substitution@1:220>032,9,MinimalAlternation
002|<END>,220,5,235,4,Substitution@1:220>235,9,MinimalAlternation
002|<END>,220,5,240,4,Substitution@1:220>240,9,MinimalAlternation
002|<END>,220,5,740,4,Substitution@1:220>740,9,MinimalAlternation
002|<END>,236,6,520,3,Substitution@1:236>520,9,MinimalAlternation
002|<END>,236,6,806,3,Substitution@1:236>806,9,MinimalAlternation
002|<END>,236,6,832,3,Substitution@1:236>832,9,MinimalAlternation
002|<END>,220,5,032-220,3,PrefixAddition:032,8,MinimalAlternation
002|<END>,415-100-740,6,240-415-100-740,2,PrefixAddition:240,8,MinimalAlternation
002|<END>,005-390,4,016-390,4,Substitution@1:005>016,8,MinimalAlternation
002|<END>,032,4,235,4,Substitution@1:032>235,8,MinimalAlternation
002|<END>,032,4,240,4,Substitution@1:032>240,8,MinimalAlternation
002|<END>,032,4,740,4,Substitution@1:032>740,8,MinimalAlternation
002|<END>,220,5,520,3,Substitution@1:220>520,8,MinimalAlternation
002|<END>,220,5,806,3,Substitution@1:220>806,8,MinimalAlternation
002|<END>,220,5,832,3,Substitution@1:220>832,8,MinimalAlternation
002|<END>,235,4,240,4,Substitution@1:235>240,8,MinimalAlternation
002|<END>,235,4,740,4,Substitution@1:235>740,8,MinimalAlternation
002|<END>,236,6,003,2,Substitution@1:236>003,8,MinimalAlternation
002|<END>,236,6,016,2,Substitution@1:236>016,8,MinimalAlternation
002|<END>,236,6,031,2,Substitution@1:236>031,8,MinimalAlternation
002|<END>,236,6,136,2,Substitution@1:236>136,8,MinimalAlternation
002|<END>,236,6,226,2,Substitution@1:236>226,8,MinimalAlternation
002|<END>,236,6,231,2,Substitution@1:236>231,8,MinimalAlternation
002|<END>,236,6,233,2,Substitution@1:236>233,8,MinimalAlternation
002|<END>,236,6,391,2,Substitution@1:236>391,8,MinimalAlternation
002|<END>,236,6,416,2,Substitution@1:236>416,8,MinimalAlternation
002|<END>,240,4,740,4,Substitution@1:240>740,8,MinimalAlternation
002|<END>,415-100-740,6,176-100-740,2,Substitution@1:415>176,8,MinimalAlternation
002|<END>,220,5,220-520,3,SuffixAddition:520,8,MinimalAlternation
002|<END>,740,4,176-740,3,PrefixAddition:176,7,MinimalAlternation
002|<END>,740,4,222-740,3,PrefixAddition:222,7,MinimalAlternation
002|<END>,740,4,519-740,3,PrefixAddition:519,7,MinimalAlternation
002|<END>,032,4,520,3,Substitution@1:032>520,7,MinimalAlternation
002|<END>,032,4,806,3,Substitution@1:032>806,7,MinimalAlternation
002|<END>,032,4,832,3,Substitution@1:032>832,7,MinimalAlternation
002|<END>,220,5,003,2,Substitution@1:220>003,7,MinimalAlternation
002|<END>,220,5,016,2,Substitution@1:220>016,7,MinimalAlternation
002|<END>,220,5,031,2,Substitution@1:220>031,7,MinimalAlternation
002|<END>,220,5,136,2,Substitution@1:220>136,7,MinimalAlternation
002|<END>,220,5,226,2,Substitution@1:220>226,7,MinimalAlternation
002|<END>,220,5,231,2,Substitution@1:220>231,7,MinimalAlternation
002|<END>,220,5,233,2,Substitution@1:220>233,7,MinimalAlternation
002|<END>,220,5,391,2,Substitution@1:220>391,7,MinimalAlternation
002|<END>,220,5,416,2,Substitution@1:220>416,7,MinimalAlternation
002|<END>,235,4,520,3,Substitution@1:235>520,7,MinimalAlternation
002|<END>,235,4,806,3,Substitution@1:235>806,7,MinimalAlternation
002|<END>,235,4,832,3,Substitution@1:235>832,7,MinimalAlternation
002|<END>,240,4,520,3,Substitution@1:240>520,7,MinimalAlternation
002|<END>,240,4,806,3,Substitution@1:240>806,7,MinimalAlternation
002|<END>,240,4,832,3,Substitution@1:240>832,7,MinimalAlternation
002|<END>,740,4,520,3,Substitution@1:740>520,7,MinimalAlternation
002|<END>,740,4,806,3,Substitution@1:740>806,7,MinimalAlternation
002|<END>,740,4,832,3,Substitution@1:740>832,7,MinimalAlternation
002|<END>,032,4,032-220,3,SuffixAddition:220,7,MinimalAlternation
002|<END>,740,4,016-740,2,PrefixAddition:016,6,MinimalAlternation
002|<END>,590-390-740,4,235-590-390-740,2,PrefixAddition:235,6,MinimalAlternation
002|<END>,740,4,384-740,2,PrefixAddition:384,6,MinimalAlternation
002|<END>,740,4,540-740,2,PrefixAddition:540,6,MinimalAlternation
002|<END>,740,4,760-740,2,PrefixAddition:760,6,MinimalAlternation
002|<END>,740,4,772-740,2,PrefixAddition:772,6,MinimalAlternation
002|<END>,220-520,3,520,3,PrefixDeletion:220,6,MinimalAlternation
002|<END>,231-520,3,520,3,PrefixDeletion:231,6,MinimalAlternation
002|<END>,032,4,003,2,Substitution@1:032>003,6,MinimalAlternation
002|<END>,032,4,016,2,Substitution@1:032>016,6,MinimalAlternation
002|<END>,032,4,031,2,Substitution@1:032>031,6,MinimalAlternation
002|<END>,032,4,136,2,Substitution@1:032>136,6,MinimalAlternation
002|<END>,032,4,226,2,Substitution@1:032>226,6,MinimalAlternation
002|<END>,032,4,231,2,Substitution@1:032>231,6,MinimalAlternation
002|<END>,032,4,233,2,Substitution@1:032>233,6,MinimalAlternation
002|<END>,032,4,391,2,Substitution@1:032>391,6,MinimalAlternation
002|<END>,032,4,416,2,Substitution@1:032>416,6,MinimalAlternation
002|<END>,176-740,3,222-740,3,Substitution@1:176>222,6,MinimalAlternation
002|<END>,176-740,3,519-740,3,Substitution@1:176>519,6,MinimalAlternation
002|<END>,220-520,3,231-520,3,Substitution@1:220>231,6,MinimalAlternation
002|<END>,222-740,3,519-740,3,Substitution@1:222>519,6,MinimalAlternation
002|<END>,235,4,003,2,Substitution@1:235>003,6,MinimalAlternation
002|<END>,235,4,016,2,Substitution@1:235>016,6,MinimalAlternation
002|<END>,235,4,031,2,Substitution@1:235>031,6,MinimalAlternation
002|<END>,235,4,136,2,Substitution@1:235>136,6,MinimalAlternation
002|<END>,235,4,226,2,Substitution@1:235>226,6,MinimalAlternation
002|<END>,235,4,231,2,Substitution@1:235>231,6,MinimalAlternation
002|<END>,235,4,233,2,Substitution@1:235>233,6,MinimalAlternation
002|<END>,235,4,391,2,Substitution@1:235>391,6,MinimalAlternation
002|<END>,235,4,416,2,Substitution@1:235>416,6,MinimalAlternation
002|<END>,240,4,003,2,Substitution@1:240>003,6,MinimalAlternation
002|<END>,240,4,016,2,Substitution@1:240>016,6,MinimalAlternation
002|<END>,240,4,031,2,Substitution@1:240>031,6,MinimalAlternation
002|<END>,240,4,136,2,Substitution@1:240>136,6,MinimalAlternation
002|<END>,240,4,226,2,Substitution@1:240>226,6,MinimalAlternation
002|<END>,240,4,231,2,Substitution@1:240>231,6,MinimalAlternation
002|<END>,240,4,233,2,Substitution@1:240>233,6,MinimalAlternation
002|<END>,240,4,391,2,Substitution@1:240>391,6,MinimalAlternation
002|<END>,240,4,416,2,Substitution@1:240>416,6,MinimalAlternation
002|<END>,520,3,806,3,Substitution@1:520>806,6,MinimalAlternation
002|<END>,520,3,832,3,Substitution@1:520>832,6,MinimalAlternation
002|<END>,740,4,003,2,Substitution@1:740>003,6,MinimalAlternation
002|<END>,740,4,016,2,Substitution@1:740>016,6,MinimalAlternation
002|<END>,740,4,031,2,Substitution@1:740>031,6,MinimalAlternation
002|<END>,740,4,136,2,Substitution@1:740>136,6,MinimalAlternation
002|<END>,740,4,226,2,Substitution@1:740>226,6,MinimalAlternation
002|<END>,740,4,231,2,Substitution@1:740>231,6,MinimalAlternation
002|<END>,740,4,233,2,Substitution@1:740>233,6,MinimalAlternation
002|<END>,740,4,391,2,Substitution@1:740>391,6,MinimalAlternation
002|<END>,740,4,416,2,Substitution@1:740>416,6,MinimalAlternation
002|<END>,806,3,832,3,Substitution@1:806>832,6,MinimalAlternation
002|<END>,016-390,4,016-740,2,Substitution@2:390>740,6,MinimalAlternation
002|<END>,004-407,4,004-405,2,Substitution@2:407>405,6,MinimalAlternation
002|<END>,016-390,4,016,2,SuffixDeletion:390,6,MinimalAlternation
002|<END>,176-740,3,176-100-740,2,InfixAddition@2:100,5,MinimalAlternation
002|<END>,840-032-740,3,235-840-032-740,2,PrefixAddition:235,5,MinimalAlternation
002|<END>,176-740,3,240-176-740,2,PrefixAddition:240,5,MinimalAlternation
002|<END>,032-760-740,3,760-740,2,PrefixDeletion:032,5,MinimalAlternation
002|<END>,032-760-740,3,235-760-740,2,Substitution@1:032>235,5,MinimalAlternation
002|<END>,032-760-740,3,440-760-740,2,Substitution@1:032>440,5,MinimalAlternation
002|<END>,032-760-740,3,605-760-740,2,Substitution@1:032>605,5,MinimalAlternation
002|<END>,176-740,3,016-740,2,Substitution@1:176>016,5,MinimalAlternation
002|<END>,176-740,3,384-740,2,Substitution@1:176>384,5,MinimalAlternation
002|<END>,176-740,3,540-740,2,Substitution@1:176>540,5,MinimalAlternation
002|<END>,176-740,3,760-740,2,Substitution@1:176>760,5,MinimalAlternation
002|<END>,176-740,3,772-740,2,Substitution@1:176>772,5,MinimalAlternation
002|<END>,222-740,3,016-740,2,Substitution@1:222>016,5,MinimalAlternation
002|<END>,222-740,3,384-740,2,Substitution@1:222>384,5,MinimalAlternation
002|<END>,222-740,3,540-740,2,Substitution@1:222>540,5,MinimalAlternation
002|<END>,222-740,3,760-740,2,Substitution@1:222>760,5,MinimalAlternation
002|<END>,222-740,3,772-740,2,Substitution@1:222>772,5,MinimalAlternation
002|<END>,519-740,3,016-740,2,Substitution@1:519>016,5,MinimalAlternation
002|<END>,519-740,3,384-740,2,Substitution@1:519>384,5,MinimalAlternation
002|<END>,519-740,3,540-740,2,Substitution@1:519>540,5,MinimalAlternation
002|<END>,519-740,3,760-740,2,Substitution@1:519>760,5,MinimalAlternation
002|<END>,519-740,3,772-740,2,Substitution@1:519>772,5,MinimalAlternation
002|<END>,520,3,003,2,Substitution@1:520>003,5,MinimalAlternation
002|<END>,520,3,016,2,Substitution@1:520>016,5,MinimalAlternation
002|<END>,520,3,031,2,Substitution@1:520>031,5,MinimalAlternation
002|<END>,520,3,136,2,Substitution@1:520>136,5,MinimalAlternation
002|<END>,520,3,226,2,Substitution@1:520>226,5,MinimalAlternation
002|<END>,520,3,231,2,Substitution@1:520>231,5,MinimalAlternation
002|<END>,520,3,233,2,Substitution@1:520>233,5,MinimalAlternation
002|<END>,520,3,391,2,Substitution@1:520>391,5,MinimalAlternation
002|<END>,520,3,416,2,Substitution@1:520>416,5,MinimalAlternation
002|<END>,806,3,003,2,Substitution@1:806>003,5,MinimalAlternation
002|<END>,806,3,016,2,Substitution@1:806>016,5,MinimalAlternation
002|<END>,806,3,031,2,Substitution@1:806>031,5,MinimalAlternation
002|<END>,806,3,136,2,Substitution@1:806>136,5,MinimalAlternation
002|<END>,806,3,226,2,Substitution@1:806>226,5,MinimalAlternation
002|<END>,806,3,231,2,Substitution@1:806>231,5,MinimalAlternation
002|<END>,806,3,233,2,Substitution@1:806>233,5,MinimalAlternation
002|<END>,806,3,391,2,Substitution@1:806>391,5,MinimalAlternation
002|<END>,806,3,416,2,Substitution@1:806>416,5,MinimalAlternation
002|<END>,832,3,003,2,Substitution@1:832>003,5,MinimalAlternation
002|<END>,832,3,016,2,Substitution@1:832>016,5,MinimalAlternation
002|<END>,832,3,031,2,Substitution@1:832>031,5,MinimalAlternation
002|<END>,832,3,136,2,Substitution@1:832>136,5,MinimalAlternation
002|<END>,832,3,226,2,Substitution@1:832>226,5,MinimalAlternation
002|<END>,832,3,231,2,Substitution@1:832>231,5,MinimalAlternation
002|<END>,832,3,233,2,Substitution@1:832>233,5,MinimalAlternation
002|<END>,832,3,391,2,Substitution@1:832>391,5,MinimalAlternation
002|<END>,832,3,416,2,Substitution@1:832>416,5,MinimalAlternation
002|<END>,032-760-740,3,032-205-740,2,Substitution@2:760>205,5,MinimalAlternation
002|<END>,240-904-740,3,240-176-740,2,Substitution@2:904>176,5,MinimalAlternation
002|<END>,240-904-740,3,240-773-740,2,Substitution@2:904>773,5,MinimalAlternation
002|<END>,231-520,3,231,2,SuffixDeletion:520,5,MinimalAlternation
002|<END>,235-760-740,2,760-740,2,PrefixDeletion:235,4,MinimalAlternation
002|<END>,440-760-740,2,760-740,2,PrefixDeletion:440,4,MinimalAlternation
002|<END>,605-760-740,2,760-740,2,PrefixDeletion:605,4,MinimalAlternation
002|<END>,003,2,016,2,Substitution@1:003>016,4,MinimalAlternation
002|<END>,003,2,031,2,Substitution@1:003>031,4,MinimalAlternation
002|<END>,003,2,136,2,Substitution@1:003>136,4,MinimalAlternation
002|<END>,003,2,226,2,Substitution@1:003>226,4,MinimalAlternation
002|<END>,003,2,231,2,Substitution@1:003>231,4,MinimalAlternation
002|<END>,003,2,233,2,Substitution@1:003>233,4,MinimalAlternation
002|<END>,003,2,391,2,Substitution@1:003>391,4,MinimalAlternation
002|<END>,003,2,416,2,Substitution@1:003>416,4,MinimalAlternation
002|<END>,016,2,031,2,Substitution@1:016>031,4,MinimalAlternation
002|<END>,016,2,136,2,Substitution@1:016>136,4,MinimalAlternation
002|<END>,016,2,226,2,Substitution@1:016>226,4,MinimalAlternation
002|<END>,016,2,231,2,Substitution@1:016>231,4,MinimalAlternation
002|<END>,016,2,233,2,Substitution@1:016>233,4,MinimalAlternation
002|<END>,016-740,2,384-740,2,Substitution@1:016>384,4,MinimalAlternation
002|<END>,016,2,391,2,Substitution@1:016>391,4,MinimalAlternation
002|<END>,016,2,416,2,Substitution@1:016>416,4,MinimalAlternation
002|<END>,016-740,2,540-740,2,Substitution@1:016>540,4,MinimalAlternation
002|<END>,016-740,2,760-740,2,Substitution@1:016>760,4,MinimalAlternation
002|<END>,016-740,2,772-740,2,Substitution@1:016>772,4,MinimalAlternation
002|<END>,031,2,136,2,Substitution@1:031>136,4,MinimalAlternation
002|<END>,031,2,226,2,Substitution@1:031>226,4,MinimalAlternation
002|<END>,031,2,231,2,Substitution@1:031>231,4,MinimalAlternation
002|<END>,031,2,233,2,Substitution@1:031>233,4,MinimalAlternation
002|<END>,031,2,391,2,Substitution@1:031>391,4,MinimalAlternation
002|<END>,031,2,416,2,Substitution@1:031>416,4,MinimalAlternation
002|<END>,136,2,226,2,Substitution@1:136>226,4,MinimalAlternation
002|<END>,136,2,231,2,Substitution@1:136>231,4,MinimalAlternation
002|<END>,136,2,233,2,Substitution@1:136>233,4,MinimalAlternation
002|<END>,136,2,391,2,Substitution@1:136>391,4,MinimalAlternation
002|<END>,136,2,416,2,Substitution@1:136>416,4,MinimalAlternation
002|<END>,226,2,231,2,Substitution@1:226>231,4,MinimalAlternation
002|<END>,226,2,233,2,Substitution@1:226>233,4,MinimalAlternation
002|<END>,226,2,391,2,Substitution@1:226>391,4,MinimalAlternation
002|<END>,226,2,416,2,Substitution@1:226>416,4,MinimalAlternation
002|<END>,231,2,233,2,Substitution@1:231>233,4,MinimalAlternation
002|<END>,231,2,391,2,Substitution@1:231>391,4,MinimalAlternation
002|<END>,231,2,416,2,Substitution@1:231>416,4,MinimalAlternation
002|<END>,231-798-740,2,803-798-740,2,Substitution@1:231>803,4,MinimalAlternation
002|<END>,233,2,391,2,Substitution@1:233>391,4,MinimalAlternation
002|<END>,233,2,416,2,Substitution@1:233>416,4,MinimalAlternation
002|<END>,235-760-740,2,440-760-740,2,Substitution@1:235>440,4,MinimalAlternation
002|<END>,235-760-740,2,605-760-740,2,Substitution@1:235>605,4,MinimalAlternation
002|<END>,384-740,2,540-740,2,Substitution@1:384>540,4,MinimalAlternation
002|<END>,384-740,2,760-740,2,Substitution@1:384>760,4,MinimalAlternation
002|<END>,384-740,2,772-740,2,Substitution@1:384>772,4,MinimalAlternation
002|<END>,391,2,416,2,Substitution@1:391>416,4,MinimalAlternation
002|<END>,440-760-740,2,605-760-740,2,Substitution@1:440>605,4,MinimalAlternation
002|<END>,540-740,2,760-740,2,Substitution@1:540>760,4,MinimalAlternation
002|<END>,540-740,2,772-740,2,Substitution@1:540>772,4,MinimalAlternation
002|<END>,705-033-520,2,706-033-520,2,Substitution@1:705>706,4,MinimalAlternation
002|<END>,760-740,2,772-740,2,Substitution@1:760>772,4,MinimalAlternation
002|<END>,061-142-740,2,061-702-740,2,Substitution@2:142>702,4,MinimalAlternation
002|<END>,240-176-740,2,240-773-740,2,Substitution@2:176>773,4,MinimalAlternation
002|<END>,240-415-100-740,2,240-415-100-740-090,2,SuffixAddition:090,4,MinimalAlternation
002|<END>,016,2,016-740,2,SuffixAddition:740,4,MinimalAlternation
031|<END>,156,11,740,9,Substitution@1:156>740,20,MinimalAlternation
031|<END>,156,11,032,8,Substitution@1:156>032,19,MinimalAlternation
031|<END>,740,9,032,8,Substitution@1:740>032,17,MinimalAlternation
031|<END>,156,11,520,5,Substitution@1:156>520,16,MinimalAlternation
031|<END>,156,11,700,5,Substitution@1:156>700,16,MinimalAlternation
031|<END>,156,11,136,4,Substitution@1:156>136,15,MinimalAlternation
031|<END>,156,11,151,3,Substitution@1:156>151,14,MinimalAlternation
031|<END>,740,9,520,5,Substitution@1:740>520,14,MinimalAlternation
031|<END>,740,9,700,5,Substitution@1:740>700,14,MinimalAlternation
031|<END>,032,8,520,5,Substitution@1:032>520,13,MinimalAlternation
031|<END>,032,8,700,5,Substitution@1:032>700,13,MinimalAlternation
031|<END>,156,11,001,2,Substitution@1:156>001,13,MinimalAlternation
031|<END>,156,11,031,2,Substitution@1:156>031,13,MinimalAlternation
031|<END>,156,11,592,2,Substitution@1:156>592,13,MinimalAlternation
031|<END>,740,9,136,4,Substitution@1:740>136,13,MinimalAlternation
031|<END>,032,8,136,4,Substitution@1:032>136,12,MinimalAlternation
031|<END>,740,9,151,3,Substitution@1:740>151,12,MinimalAlternation
031|<END>,740,9,176-740,2,PrefixAddition:176,11,MinimalAlternation
031|<END>,740,9,384-740,2,PrefixAddition:384,11,MinimalAlternation
031|<END>,740,9,388-740,2,PrefixAddition:388,11,MinimalAlternation
031|<END>,032,8,151,3,Substitution@1:032>151,11,MinimalAlternation
031|<END>,740,9,001,2,Substitution@1:740>001,11,MinimalAlternation
031|<END>,740,9,031,2,Substitution@1:740>031,11,MinimalAlternation
031|<END>,740,9,592,2,Substitution@1:740>592,11,MinimalAlternation
031|<END>,032,8,001,2,Substitution@1:032>001,10,MinimalAlternation
031|<END>,032,8,031,2,Substitution@1:032>031,10,MinimalAlternation
031|<END>,032,8,592,2,Substitution@1:032>592,10,MinimalAlternation
031|<END>,520,5,700,5,Substitution@1:520>700,10,MinimalAlternation
031|<END>,520,5,136,4,Substitution@1:520>136,9,MinimalAlternation
031|<END>,700,5,136,4,Substitution@1:700>136,9,MinimalAlternation
031|<END>,520,5,151,3,Substitution@1:520>151,8,MinimalAlternation
031|<END>,700,5,151,3,Substitution@1:700>151,8,MinimalAlternation
031|<END>,136,4,151,3,Substitution@1:136>151,7,MinimalAlternation
031|<END>,520,5,001,2,Substitution@1:520>001,7,MinimalAlternation
031|<END>,520,5,031,2,Substitution@1:520>031,7,MinimalAlternation
031|<END>,520,5,592,2,Substitution@1:520>592,7,MinimalAlternation
031|<END>,700,5,001,2,Substitution@1:700>001,7,MinimalAlternation
031|<END>,700,5,031,2,Substitution@1:700>031,7,MinimalAlternation
031|<END>,700,5,592,2,Substitution@1:700>592,7,MinimalAlternation
031|<END>,136,4,001,2,Substitution@1:136>001,6,MinimalAlternation
031|<END>,136,4,031,2,Substitution@1:136>031,6,MinimalAlternation
031|<END>,136,4,592,2,Substitution@1:136>592,6,MinimalAlternation
031|<END>,151,3,001,2,Substitution@1:151>001,5,MinimalAlternation
031|<END>,151,3,031,2,Substitution@1:151>031,5,MinimalAlternation
031|<END>,151,3,592,2,Substitution@1:151>592,5,MinimalAlternation
031|<END>,001,2,031,2,Substitution@1:001>031,4,MinimalAlternation
031|<END>,001,2,592,2,Substitution@1:001>592,4,MinimalAlternation
031|<END>,031,2,592,2,Substitution@1:031>592,4,MinimalAlternation
031|<END>,176-740,2,384-740,2,Substitution@1:176>384,4,MinimalAlternation
031|<END>,176-740,2,388-740,2,Substitution@1:176>388,4,MinimalAlternation
031|<END>,384-740,2,388-740,2,Substitution@1:384>388,4,MinimalAlternation
032|740,877,7,760,5,Substitution@1:877>760,12,MinimalAlternation
032|740,877,7,904,5,Substitution@1:877>904,12,MinimalAlternation
032|740,877,7,220,4,Substitution@1:877>220,11,MinimalAlternation
032|740,760,5,904,5,Substitution@1:760>904,10,MinimalAlternation
032|740,877,7,384,3,Substitution@1:877>384,10,MinimalAlternation
032|740,760,5,220,4,Substitution@1:760>220,9,MinimalAlternation
032|740,877,7,205,2,Substitution@1:877>205,9,MinimalAlternation
032|740,904,5,220,4,Substitution@1:904>220,9,MinimalAlternation
032|740,760,5,384,3,Substitution@1:760>384,8,MinimalAlternation
032|740,904,5,384,3,Substitution@1:904>384,8,MinimalAlternation
032|740,220,4,384,3,Substitution@1:220>384,7,MinimalAlternation
032|740,760,5,205,2,Substitution@1:760>205,7,MinimalAlternation
032|740,904,5,205,2,Substitution@1:904>205,7,MinimalAlternation
032|740,220,4,220-923,3,SuffixAddition:923,7,MinimalAlternation
032|740,220,4,205,2,Substitution@1:220>205,6,MinimalAlternation
032|740,220,4,220-176,2,SuffixAddition:176,6,MinimalAlternation
032|740,590-390,3,070-590-390,2,PrefixAddition:070,5,MinimalAlternation
032|740,384,3,205,2,Substitution@1:384>205,5,MinimalAlternation
032|740,220-923,3,220-176,2,Substitution@2:923>176,5,MinimalAlternation
060|740,690,5,803,4,Substitution@1:690>803,9,MinimalAlternation
060|740,690,5,240,2,Substitution@1:690>240,7,MinimalAlternation
060|740,690,5,482,2,Substitution@1:690>482,7,MinimalAlternation
060|740,690,5,531,2,Substitution@1:690>531,7,MinimalAlternation
060|740,803,4,240,2,Substitution@1:803>240,6,MinimalAlternation
060|740,803,4,482,2,Substitution@1:803>482,6,MinimalAlternation
060|740,803,4,531,2,Substitution@1:803>531,6,MinimalAlternation
060|740,240-603,3,240-636,2,Substitution@2:603>636,5,MinimalAlternation
060|740,240-603,3,240-642,2,Substitution@2:603>642,5,MinimalAlternation
060|740,240-603,3,240,2,SuffixDeletion:603,5,MinimalAlternation
060|740,240,2,482,2,Substitution@1:240>482,4,MinimalAlternation
060|740,240,2,531,2,Substitution@1:240>531,4,MinimalAlternation
060|740,482,2,531,2,Substitution@1:482>531,4,MinimalAlternation
060|740,240-636,2,240-642,2,Substitution@2:636>642,4,MinimalAlternation
060|740,240,2,240-636,2,SuffixAddition:636,4,MinimalAlternation
060|740,240,2,240-642,2,SuffixAddition:642,4,MinimalAlternation
060|<END>,690-740,5,803-740,2,Substitution@1:690>803,7,MinimalAlternation
060|<END>,240-603-740,3,240-636-740,2,Substitution@2:603>636,5,MinimalAlternation
060|<END>,240-603-740,3,240-642-740,2,Substitution@2:603>642,5,MinimalAlternation
060|<END>,741,2,869,2,Substitution@1:741>869,4,MinimalAlternation
060|<END>,240-636-740,2,240-642-740,2,Substitution@2:636>642,4,MinimalAlternation
060|<END>,741,2,741-592,2,SuffixAddition:592,4,MinimalAlternation
233|<END>,520,20,520-400,4,SuffixAddition:400,24,MinimalAlternation
233|<END>,520,20,740,3,Substitution@1:520>740,23,MinimalAlternation
233|<END>,520,20,550,2,Substitution@1:520>550,22,MinimalAlternation
233|<END>,520,20,590,2,Substitution@1:520>590,22,MinimalAlternation
233|<END>,176-740,7,222-740,5,Substitution@1:176>222,12,MinimalAlternation
233|<END>,176-740,7,384-740,4,Substitution@1:176>384,11,MinimalAlternation
233|<END>,176-740,7,740,3,PrefixDeletion:176,10,MinimalAlternation
233|<END>,176-740,7,798-740,3,Substitution@1:176>798,10,MinimalAlternation
233|<END>,176-740,7,803-740,3,Substitution@1:176>803,10,MinimalAlternation
233|<END>,176-740,7,100-740,2,Substitution@1:176>100,9,MinimalAlternation
233|<END>,176-740,7,717-740,2,Substitution@1:176>717,9,MinimalAlternation
233|<END>,222-740,5,384-740,4,Substitution@1:222>384,9,MinimalAlternation
233|<END>,222-740,5,740,3,PrefixDeletion:222,8,MinimalAlternation
233|<END>,222-740,5,798-740,3,Substitution@1:222>798,8,MinimalAlternation
233|<END>,222-740,5,803-740,3,Substitution@1:222>803,8,MinimalAlternation
233|<END>,384-740,4,740,3,PrefixDeletion:384,7,MinimalAlternation
233|<END>,222-740,5,100-740,2,Substitution@1:222>100,7,MinimalAlternation
233|<END>,222-740,5,717-740,2,Substitution@1:222>717,7,MinimalAlternation
233|<END>,384-740,4,798-740,3,Substitution@1:384>798,7,MinimalAlternation
233|<END>,384-740,4,803-740,3,Substitution@1:384>803,7,MinimalAlternation
233|<END>,705-033-520,5,706-033-520,2,Substitution@1:705>706,7,MinimalAlternation
233|<END>,740,3,798-740,3,PrefixAddition:798,6,MinimalAlternation
233|<END>,740,3,803-740,3,PrefixAddition:803,6,MinimalAlternation
233|<END>,384-740,4,100-740,2,Substitution@1:384>100,6,MinimalAlternation
233|<END>,384-740,4,717-740,2,Substitution@1:384>717,6,MinimalAlternation
233|<END>,520-400,4,804-400,2,Substitution@1:520>804,6,MinimalAlternation
233|<END>,798-740,3,803-740,3,Substitution@1:798>803,6,MinimalAlternation
233|<END>,740,3,100-740,2,PrefixAddition:100,5,MinimalAlternation
233|<END>,740,3,717-740,2,PrefixAddition:717,5,MinimalAlternation
233|<END>,740,3,550,2,Substitution@1:740>550,5,MinimalAlternation
233|<END>,740,3,590,2,Substitution@1:740>590,5,MinimalAlternation
233|<END>,798-740,3,100-740,2,Substitution@1:798>100,5,MinimalAlternation
233|<END>,798-740,3,717-740,2,Substitution@1:798>717,5,MinimalAlternation
233|<END>,803-740,3,100-740,2,Substitution@1:803>100,5,MinimalAlternation
233|<END>,803-740,3,717-740,2,Substitution@1:803>717,5,MinimalAlternation
233|<END>,740,3,740-090,2,SuffixAddition:090,5,MinimalAlternation
233|<END>,320-920-740-400,3,320-920-740,2,SuffixDeletion:400,5,MinimalAlternation
233|<END>,100-740,2,717-740,2,Substitution@1:100>717,4,MinimalAlternation
233|<END>,388-527,2,550-527,2,Substitution@1:388>550,4,MinimalAlternation
233|<END>,550,2,590,2,Substitution@1:550>590,4,MinimalAlternation
233|<END>,550-526,2,550-527,2,Substitution@2:526>527,4,MinimalAlternation
233|<END>,550,2,550-526,2,SuffixAddition:526,4,MinimalAlternation
233|<END>,550,2,550-527,2,SuffixAddition:527,4,MinimalAlternation
235|<END>,240-740-090,13,740-090,2,PrefixDeletion:240,15,MinimalAlternation
235|<END>,520,10,740,3,Substitution@1:520>740,13,MinimalAlternation
235|<END>,590-405-740-400,9,590-405-740,2,SuffixDeletion:400,11,MinimalAlternation
235|<END>,590-390-740,6,590-405-740,2,Substitution@2:390>405,8,MinimalAlternation
235|<END>,482-740,4,740,3,PrefixDeletion:482,7,MinimalAlternation
235|<END>,482-740,4,760-740,3,Substitution@1:482>760,7,MinimalAlternation
235|<END>,482-740,4,798-740,3,Substitution@1:482>798,7,MinimalAlternation
235|<END>,705-033-520,4,233-705-033-520,2,PrefixAddition:233,6,MinimalAlternation
235|<END>,740,3,760-740,3,PrefixAddition:760,6,MinimalAlternation
235|<END>,740,3,798-740,3,PrefixAddition:798,6,MinimalAlternation
235|<END>,482-740,4,100-740,2,Substitution@1:482>100,6,MinimalAlternation
235|<END>,482-740,4,242-740,2,Substitution@1:482>242,6,MinimalAlternation
235|<END>,482-740,4,388-740,2,Substitution@1:482>388,6,MinimalAlternation
235|<END>,482-740,4,803-740,2,Substitution@1:482>803,6,MinimalAlternation
235|<END>,482-740,4,923-740,2,Substitution@1:482>923,6,MinimalAlternation
235|<END>,760-740,3,798-740,3,Substitution@1:760>798,6,MinimalAlternation
235|<END>,555-526,3,555-527,3,Substitution@2:526>527,6,MinimalAlternation
235|<END>,705-033-520,4,705-033,2,SuffixDeletion:520,6,MinimalAlternation
235|<END>,740,3,100-740,2,PrefixAddition:100,5,MinimalAlternation
235|<END>,740,3,242-740,2,PrefixAddition:242,5,MinimalAlternation
235|<END>,740,3,388-740,2,PrefixAddition:388,5,MinimalAlternation
235|<END>,740,3,803-740,2,PrefixAddition:803,5,MinimalAlternation
235|<END>,740,3,923-740,2,PrefixAddition:923,5,MinimalAlternation
235|<END>,555-527,3,550-527,2,Substitution@1:555>550,5,MinimalAlternation
235|<END>,760-740,3,100-740,2,Substitution@1:760>100,5,MinimalAlternation
235|<END>,760-740,3,242-740,2,Substitution@1:760>242,5,MinimalAlternation
235|<END>,760-740,3,388-740,2,Substitution@1:760>388,5,MinimalAlternation
235|<END>,760-740,3,803-740,2,Substitution@1:760>803,5,MinimalAlternation
235|<END>,760-740,3,923-740,2,Substitution@1:760>923,5,MinimalAlternation
235|<END>,798-740,3,100-740,2,Substitution@1:798>100,5,MinimalAlternation
235|<END>,798-740,3,242-740,2,Substitution@1:798>242,5,MinimalAlternation
235|<END>,798-740,3,388-740,2,Substitution@1:798>388,5,MinimalAlternation
235|<END>,798-740,3,803-740,2,Substitution@1:798>803,5,MinimalAlternation
235|<END>,798-740,3,923-740,2,Substitution@1:798>923,5,MinimalAlternation
235|<END>,740,3,740-090,2,SuffixAddition:090,5,MinimalAlternation
235|<END>,240-923-740,2,923-740,2,PrefixDeletion:240,4,MinimalAlternation
235|<END>,100-740,2,242-740,2,Substitution@1:100>242,4,MinimalAlternation
235|<END>,100-740,2,388-740,2,Substitution@1:100>388,4,MinimalAlternation
235|<END>,100-740,2,803-740,2,Substitution@1:100>803,4,MinimalAlternation
235|<END>,100-740,2,923-740,2,Substitution@1:100>923,4,MinimalAlternation
235|<END>,242-740,2,388-740,2,Substitution@1:242>388,4,MinimalAlternation
235|<END>,242-740,2,803-740,2,Substitution@1:242>803,4,MinimalAlternation
235|<END>,242-740,2,923-740,2,Substitution@1:242>923,4,MinimalAlternation
235|<END>,388-740,2,803-740,2,Substitution@1:388>803,4,MinimalAlternation
235|<END>,388-740,2,923-740,2,Substitution@1:388>923,4,MinimalAlternation
235|<END>,803-740,2,923-740,2,Substitution@1:803>923,4,MinimalAlternation
235|<END>,240-455-740,2,240-923-740,2,Substitution@2:455>923,4,MinimalAlternation
741|<END>,176-740-090,8,176-740,3,SuffixDeletion:090,11,MinimalAlternation
741|<END>,048-740,5,176-740,3,Substitution@1:048>176,8,MinimalAlternation
741|<END>,590-390-740,4,590-390-151,3,Substitution@3:740>151,7,MinimalAlternation
741|<END>,590-390-740,4,590-406-740,2,Substitution@2:390>406,6,MinimalAlternation
741|<END>,003,2,240,2,Substitution@1:003>240,4,MinimalAlternation
741|<END>,003,2,592,2,Substitution@1:003>592,4,MinimalAlternation
741|<END>,240,2,592,2,Substitution@1:240>592,4,MinimalAlternation
817|<END>,002,13,368,4,Substitution@1:002>368,17,MinimalAlternation
817|<END>,002,13,740,4,Substitution@1:002>740,17,MinimalAlternation
817|<END>,002,13,002-832,2,SuffixAddition:832,15,MinimalAlternation
817|<END>,002-048-740,11,002-061-740,2,Substitution@2:048>061,13,MinimalAlternation
817|<END>,368-690,6,368,4,SuffixDeletion:690,10,MinimalAlternation
817|<END>,740-400,5,740,4,SuffixDeletion:400,9,MinimalAlternation
817|<END>,368,4,740,4,Substitution@1:368>740,8,MinimalAlternation
817|<END>,002-004-390,4,002-003-390,3,Substitution@2:004>003,7,MinimalAlternation
817|<END>,002-004-390,4,002-005-390,2,Substitution@2:004>005,6,MinimalAlternation
817|<END>,002-003-390,3,002-005-390,2,Substitution@2:003>005,5,MinimalAlternation
820|<END>,002,10,032,5,Substitution@1:002>032,15,MinimalAlternation
820|<END>,002,10,595,3,Substitution@1:002>595,13,MinimalAlternation
820|<END>,002,10,002-032,2,SuffixAddition:032,12,MinimalAlternation
820|<END>,002,10,002-520,2,SuffixAddition:520,12,MinimalAlternation
820|<END>,002,10,002-740,2,SuffixAddition:740,12,MinimalAlternation
820|<END>,032,5,595,3,Substitution@1:032>595,8,MinimalAlternation
820|<END>,032,5,002-032,2,PrefixAddition:002,7,MinimalAlternation
820|<END>,032,5,032-130,2,SuffixAddition:130,7,MinimalAlternation
820|<END>,002-032,2,002-520,2,Substitution@2:032>520,4,MinimalAlternation
820|<END>,002-032,2,002-740,2,Substitution@2:032>740,4,MinimalAlternation
820|<END>,002-520,2,002-740,2,Substitution@2:520>740,4,MinimalAlternation
861|<END>,002,20,740,9,Substitution@1:002>740,29,MinimalAlternation
861|<END>,002,20,368,4,Substitution@1:002>368,24,MinimalAlternation
861|<END>,002,20,002-236,3,SuffixAddition:236,23,MinimalAlternation
861|<END>,002,20,002-235,2,SuffixAddition:235,22,MinimalAlternation
861|<END>,740,9,368,4,Substitution@1:740>368,13,MinimalAlternation
861|<END>,002-003-390,3,002-004-390,2,Substitution@2:003>004,5,MinimalAlternation
861|<END>,002-003-390,3,002-016-390,2,Substitution@2:003>016,5,MinimalAlternation
861|<END>,002-236,3,002-235,2,Substitution@2:236>235,5,MinimalAlternation
861|<END>,002-004-390,2,002-016-390,2,Substitution@2:004>016,4,MinimalAlternation
861|<END>,002-004-390,2,002-004-407,2,Substitution@3:390>407,4,MinimalAlternation
<START>|001,820,15,480,4,Substitution@1:820>480,19,MinimalAlternation
<START>|001,820,15,692,4,Substitution@1:820>692,19,MinimalAlternation
<START>|001,820,15,140,3,Substitution@1:820>140,18,MinimalAlternation
<START>|001,820,15,031,2,Substitution@1:820>031,17,MinimalAlternation
<START>|001,820,15,032,2,Substitution@1:820>032,17,MinimalAlternation
<START>|001,820,15,090,2,Substitution@1:820>090,17,MinimalAlternation
<START>|001,820,15,920,2,Substitution@1:820>920,17,MinimalAlternation
<START>|001,480,4,692,4,Substitution@1:480>692,8,MinimalAlternation
<START>|001,480,4,140,3,Substitution@1:480>140,7,MinimalAlternation
<START>|001,692,4,140,3,Substitution@1:692>140,7,MinimalAlternation
<START>|001,480,4,031,2,Substitution@1:480>031,6,MinimalAlternation
<START>|001,480,4,032,2,Substitution@1:480>032,6,MinimalAlternation
<START>|001,480,4,090,2,Substitution@1:480>090,6,MinimalAlternation
<START>|001,480,4,920,2,Substitution@1:480>920,6,MinimalAlternation
<START>|001,692,4,031,2,Substitution@1:692>031,6,MinimalAlternation
<START>|001,692,4,032,2,Substitution@1:692>032,6,MinimalAlternation
<START>|001,692,4,090,2,Substitution@1:692>090,6,MinimalAlternation
<START>|001,692,4,920,2,Substitution@1:692>920,6,MinimalAlternation
<START>|001,140,3,031,2,Substitution@1:140>031,5,MinimalAlternation
<START>|001,140,3,032,2,Substitution@1:140>032,5,MinimalAlternation
<START>|001,140,3,090,2,Substitution@1:140>090,5,MinimalAlternation
<START>|001,140,3,920,2,Substitution@1:140>920,5,MinimalAlternation
<START>|001,031,2,032,2,Substitution@1:031>032,4,MinimalAlternation
<START>|001,031,2,090,2,Substitution@1:031>090,4,MinimalAlternation
<START>|001,031,2,920,2,Substitution@1:031>920,4,MinimalAlternation
<START>|001,032,2,090,2,Substitution@1:032>090,4,MinimalAlternation
<START>|001,032,2,920,2,Substitution@1:032>920,4,MinimalAlternation
<START>|001,090,2,920,2,Substitution@1:090>920,4,MinimalAlternation
<START>|233,235,9,240,9,Substitution@1:235>240,18,MinimalAlternation
<START>|233,235,9,803,6,Substitution@1:235>803,15,MinimalAlternation
<START>|233,235,9,806,6,Substitution@1:235>806,15,MinimalAlternation
<START>|233,240,9,803,6,Substitution@1:240>803,15,MinimalAlternation
<START>|233,240,9,806,6,Substitution@1:240>806,15,MinimalAlternation
<START>|233,240,9,798-240,3,PrefixAddition:798,12,MinimalAlternation
<START>|233,235,9,806-235,3,PrefixAddition:806,12,MinimalAlternation
<START>|233,803,6,806,6,Substitution@1:803>806,12,MinimalAlternation
<START>|233,235,9,803-235,2,PrefixAddition:803,11,MinimalAlternation
<START>|233,817-002,7,861-002,3,Substitution@1:817>861,10,MinimalAlternation
<START>|233,806,6,806-235,3,SuffixAddition:235,9,MinimalAlternation
<START>|233,817-002,7,817-002-803,2,SuffixAddition:803,9,MinimalAlternation
<START>|233,803,6,803-235,2,SuffixAddition:235,8,MinimalAlternation
<START>|233,806-235,3,803-235,2,Substitution@1:806>803,5,MinimalAlternation
<START>|240,235,15,798,12,Substitution@1:235>798,27,MinimalAlternation
<START>|240,861-002,15,817-002,9,Substitution@1:861>817,24,MinimalAlternation
<START>|240,861-002,15,820-002,5,Substitution@1:861>820,20,MinimalAlternation
<START>|240,861-002,15,002,3,PrefixDeletion:861,18,MinimalAlternation
<START>|240,235,15,002,3,Substitution@1:235>002,18,MinimalAlternation
<START>|240,235,15,031,3,Substitution@1:235>031,18,MinimalAlternation
<START>|240,235,15,803,3,Substitution@1:235>803,18,MinimalAlternation
<START>|240,235,15,806-235,2,PrefixAddition:806,17,MinimalAlternation
<START>|240,235,15,032,2,Substitution@1:235>032,17,MinimalAlternation
<START>|240,235,15,220,2,Substitution@1:235>220,17,MinimalAlternation
<START>|240,861-002,15,031-002,2,Substitution@1:861>031,17,MinimalAlternation
<START>|240,861-002,15,861-002-798,2,SuffixAddition:798,17,MinimalAlternation
<START>|240,798,12,002,3,Substitution@1:798>002,15,MinimalAlternation
<START>|240,798,12,031,3,Substitution@1:798>031,15,MinimalAlternation
<START>|240,798,12,803,3,Substitution@1:798>803,15,MinimalAlternation
<START>|240,798,12,032,2,Substitution@1:798>032,14,MinimalAlternation
<START>|240,798,12,220,2,Substitution@1:798>220,14,MinimalAlternation
<START>|240,817-002,9,820-002,5,Substitution@1:817>820,14,MinimalAlternation
<START>|240,817-002,9,002,3,PrefixDeletion:817,12,MinimalAlternation
<START>|240,817-002,9,031-002,2,Substitution@1:817>031,11,MinimalAlternation
<START>|240,692-060,8,820-060,2,Substitution@1:692>820,10,MinimalAlternation
<START>|240,692-060,8,692-001,2,Substitution@2:060>001,10,MinimalAlternation
<START>|240,692-060,8,692-060-235,2,SuffixAddition:235,10,MinimalAlternation
<START>|240,692-060,8,692-060-798,2,SuffixAddition:798,10,MinimalAlternation
<START>|240,820-002,5,002,3,PrefixDeletion:820,8,MinimalAlternation
<START>|240,820-002,5,031-002,2,Substitution@1:820>031,7,MinimalAlternation
<START>|240,820-002,5,820-060,2,Substitution@2:002>060,7,MinimalAlternation
<START>|240,002,3,031,3,Substitution@1:002>031,6,MinimalAlternation
<START>|240,002,3,803,3,Substitution@1:002>803,6,MinimalAlternation
<START>|240,031,3,803,3,Substitution@1:031>803,6,MinimalAlternation
<START>|240,002,3,031-002,2,PrefixAddition:031,5,MinimalAlternation
<START>|240,032-220,3,220,2,PrefixDeletion:032,5,MinimalAlternation
<START>|240,002,3,032,2,Substitution@1:002>032,5,MinimalAlternation
<START>|240,002,3,220,2,Substitution@1:002>220,5,MinimalAlternation
<START>|240,031,3,032,2,Substitution@1:031>032,5,MinimalAlternation
<START>|240,031,3,220,2,Substitution@1:031>220,5,MinimalAlternation
<START>|240,803,3,032,2,Substitution@1:803>032,5,MinimalAlternation
<START>|240,803,3,220,2,Substitution@1:803>220,5,MinimalAlternation
<START>|240,031,3,031-002,2,SuffixAddition:002,5,MinimalAlternation
<START>|240,032-220,3,032,2,SuffixDeletion:220,5,MinimalAlternation
<START>|240,032,2,220,2,Substitution@1:032>220,4,MinimalAlternation
<START>|240,692-060-235,2,820-060-235,2,Substitution@1:692>820,4,MinimalAlternation
<START>|240,692-060-235,2,692-060-798,2,Substitution@3:235>798,4,MinimalAlternation
<START>|240,820-060,2,820-060-235,2,SuffixAddition:235,4,MinimalAlternation
<START>|390,590,14,003,9,Substitution@1:590>003,23,MinimalAlternation
<START>|390,590,14,016,6,Substitution@1:590>016,20,MinimalAlternation
<START>|390,590,14,004,4,Substitution@1:590>004,18,MinimalAlternation
<START>|390,590,14,240-590,3,PrefixAddition:240,17,MinimalAlternation
<START>|390,590,14,125,3,Substitution@1:590>125,17,MinimalAlternation
<START>|390,590,14,390,3,Substitution@1:590>390,17,MinimalAlternation
<START>|390,590,14,790,3,Substitution@1:590>790,17,MinimalAlternation
<START>|390,590,14,032-590,2,PrefixAddition:032,16,MinimalAlternation
<START>|390,590,14,235-590,2,PrefixAddition:235,16,MinimalAlternation
<START>|390,590,14,005,2,Substitution@1:590>005,16,MinimalAlternation
<START>|390,590,14,017,2,Substitution@1:590>017,16,MinimalAlternation
<START>|390,590,14,032,2,Substitution@1:590>032,16,MinimalAlternation
<START>|390,590,14,034,2,Substitution@1:590>034,16,MinimalAlternation
<START>|390,590,14,095,2,Substitution@1:590>095,16,MinimalAlternation
<START>|390,590,14,140,2,Substitution@1:590>140,16,MinimalAlternation
<START>|390,590,14,370,2,Substitution@1:590>370,16,MinimalAlternation
<START>|390,590,14,371,2,Substitution@1:590>371,16,MinimalAlternation
<START>|390,590,14,705,2,Substitution@1:590>705,16,MinimalAlternation
<START>|390,590,14,844,2,Substitution@1:590>844,16,MinimalAlternation
<START>|390,003,9,016,6,Substitution@1:003>016,15,MinimalAlternation
<START>|390,003,9,004,4,Substitution@1:003>004,13,MinimalAlternation
<START>|390,003,9,125,3,Substitution@1:003>125,12,MinimalAlternation
<START>|390,003,9,390,3,Substitution@1:003>390,12,MinimalAlternation
<START>|390,003,9,790,3,Substitution@1:003>790,12,MinimalAlternation
<START>|390,003,9,005,2,Substitution@1:003>005,11,MinimalAlternation
<START>|390,003,9,017,2,Substitution@1:003>017,11,MinimalAlternation
<START>|390,003,9,032,2,Substitution@1:003>032,11,MinimalAlternation
<START>|390,003,9,034,2,Substitution@1:003>034,11,MinimalAlternation
<START>|390,003,9,095,2,Substitution@1:003>095,11,MinimalAlternation
<START>|390,003,9,140,2,Substitution@1:003>140,11,MinimalAlternation
<START>|390,003,9,370,2,Substitution@1:003>370,11,MinimalAlternation
<START>|390,003,9,371,2,Substitution@1:003>371,11,MinimalAlternation
<START>|390,003,9,705,2,Substitution@1:003>705,11,MinimalAlternation
<START>|390,003,9,844,2,Substitution@1:003>844,11,MinimalAlternation
<START>|390,016,6,004,4,Substitution@1:016>004,10,MinimalAlternation
<START>|390,016,6,125,3,Substitution@1:016>125,9,MinimalAlternation
<START>|390,016,6,390,3,Substitution@1:016>390,9,MinimalAlternation
<START>|390,016,6,790,3,Substitution@1:016>790,9,MinimalAlternation
<START>|390,016,6,005,2,Substitution@1:016>005,8,MinimalAlternation
<START>|390,016,6,017,2,Substitution@1:016>017,8,MinimalAlternation
<START>|390,016,6,032,2,Substitution@1:016>032,8,MinimalAlternation
<START>|390,016,6,034,2,Substitution@1:016>034,8,MinimalAlternation
<START>|390,016,6,095,2,Substitution@1:016>095,8,MinimalAlternation
<START>|390,016,6,140,2,Substitution@1:016>140,8,MinimalAlternation
<START>|390,016,6,370,2,Substitution@1:016>370,8,MinimalAlternation
<START>|390,016,6,371,2,Substitution@1:016>371,8,MinimalAlternation
<START>|390,016,6,705,2,Substitution@1:016>705,8,MinimalAlternation
<START>|390,016,6,844,2,Substitution@1:016>844,8,MinimalAlternation
<START>|390,817-002-004,5,817-002-003,3,Substitution@3:004>003,8,MinimalAlternation
<START>|390,004,4,125,3,Substitution@1:004>125,7,MinimalAlternation
<START>|390,004,4,390,3,Substitution@1:004>390,7,MinimalAlternation
<START>|390,004,4,790,3,Substitution@1:004>790,7,MinimalAlternation
<START>|390,820-002-003,4,817-002-003,3,Substitution@1:820>817,7,MinimalAlternation
<START>|390,820-002-003,4,861-002-003,3,Substitution@1:820>861,7,MinimalAlternation
<START>|390,817-002-004,5,817-002-005,2,Substitution@3:004>005,7,MinimalAlternation
<START>|390,817-002-004,5,817-002-590,2,Substitution@3:004>590,7,MinimalAlternation
<START>|390,004,4,005,2,Substitution@1:004>005,6,MinimalAlternation
<START>|390,004,4,017,2,Substitution@1:004>017,6,MinimalAlternation
<START>|390,004,4,032,2,Substitution@1:004>032,6,MinimalAlternation
<START>|390,004,4,034,2,Substitution@1:004>034,6,MinimalAlternation
<START>|390,004,4,095,2,Substitution@1:004>095,6,MinimalAlternation
<START>|390,004,4,140,2,Substitution@1:004>140,6,MinimalAlternation
<START>|390,004,4,370,2,Substitution@1:004>370,6,MinimalAlternation
<START>|390,004,4,371,2,Substitution@1:004>371,6,MinimalAlternation
<START>|390,004,4,705,2,Substitution@1:004>705,6,MinimalAlternation
<START>|390,004,4,844,2,Substitution@1:004>844,6,MinimalAlternation
<START>|390,125,3,390,3,Substitution@1:125>390,6,MinimalAlternation
<START>|390,125,3,790,3,Substitution@1:125>790,6,MinimalAlternation
<START>|390,390,3,790,3,Substitution@1:390>790,6,MinimalAlternation
<START>|390,817-002-003,3,861-002-003,3,Substitution@1:817>861,6,MinimalAlternation
<START>|390,861-002-003,3,861-002-590,3,Substitution@3:003>590,6,MinimalAlternation
<START>|390,125,3,005,2,Substitution@1:125>005,5,MinimalAlternation
<START>|390,125,3,017,2,Substitution@1:125>017,5,MinimalAlternation
<START>|390,125,3,032,2,Substitution@1:125>032,5,MinimalAlternation
<START>|390,125,3,034,2,Substitution@1:125>034,5,MinimalAlternation
<START>|390,125,3,095,2,Substitution@1:125>095,5,MinimalAlternation
<START>|390,125,3,140,2,Substitution@1:125>140,5,MinimalAlternation
<START>|390,125,3,370,2,Substitution@1:125>370,5,MinimalAlternation
<START>|390,125,3,371,2,Substitution@1:125>371,5,MinimalAlternation
<START>|390,125,3,705,2,Substitution@1:125>705,5,MinimalAlternation
<START>|390,125,3,844,2,Substitution@1:125>844,5,MinimalAlternation
<START>|390,240-590,3,032-590,2,Substitution@1:240>032,5,MinimalAlternation
<START>|390,240-590,3,235-590,2,Substitution@1:240>235,5,MinimalAlternation
<START>|390,390,3,005,2,Substitution@1:390>005,5,MinimalAlternation
<START>|390,390,3,017,2,Substitution@1:390>017,5,MinimalAlternation
<START>|390,390,3,032,2,Substitution@1:390>032,5,MinimalAlternation
<START>|390,390,3,034,2,Substitution@1:390>034,5,MinimalAlternation
<START>|390,390,3,095,2,Substitution@1:390>095,5,MinimalAlternation
<START>|390,390,3,140,2,Substitution@1:390>140,5,MinimalAlternation
<START>|390,390,3,370,2,Substitution@1:390>370,5,MinimalAlternation
<START>|390,390,3,371,2,Substitution@1:390>371,5,MinimalAlternation
<START>|390,390,3,705,2,Substitution@1:390>705,5,MinimalAlternation
<START>|390,390,3,844,2,Substitution@1:390>844,5,MinimalAlternation
<START>|390,790,3,005,2,Substitution@1:790>005,5,MinimalAlternation
<START>|390,790,3,017,2,Substitution@1:790>017,5,MinimalAlternation
<START>|390,790,3,032,2,Substitution@1:790>032,5,MinimalAlternation
<START>|390,790,3,034,2,Substitution@1:790>034,5,MinimalAlternation
<START>|390,790,3,095,2,Substitution@1:790>095,5,MinimalAlternation
<START>|390,790,3,140,2,Substitution@1:790>140,5,MinimalAlternation
<START>|390,790,3,370,2,Substitution@1:790>370,5,MinimalAlternation
<START>|390,790,3,371,2,Substitution@1:790>371,5,MinimalAlternation
<START>|390,790,3,705,2,Substitution@1:790>705,5,MinimalAlternation
<START>|390,790,3,844,2,Substitution@1:790>844,5,MinimalAlternation
<START>|390,861-002-590,3,817-002-590,2,Substitution@1:861>817,5,MinimalAlternation
<START>|390,817-002-003,3,817-002-005,2,Substitution@3:003>005,5,MinimalAlternation
<START>|390,861-002-003,3,861-002-016,2,Substitution@3:003>016,5,MinimalAlternation
<START>|390,817-002-003,3,817-002-590,2,Substitution@3:003>590,5,MinimalAlternation
<START>|390,861-002-590,3,861-002-016,2,Substitution@3:590>016,5,MinimalAlternation
<START>|390,002-032-590,2,032-590,2,PrefixDeletion:002,4,MinimalAlternation
<START>|390,005,2,017,2,Substitution@1:005>017,4,MinimalAlternation
<START>|390,005,2,032,2,Substitution@1:005>032,4,MinimalAlternation
<START>|390,005,2,034,2,Substitution@1:005>034,4,MinimalAlternation
<START>|390,005,2,095,2,Substitution@1:005>095,4,MinimalAlternation
<START>|390,005,2,140,2,Substitution@1:005>140,4,MinimalAlternation
<START>|390,005,2,370,2,Substitution@1:005>370,4,MinimalAlternation
<START>|390,005,2,371,2,Substitution@1:005>371,4,MinimalAlternation
<START>|390,005,2,705,2,Substitution@1:005>705,4,MinimalAlternation
<START>|390,005,2,844,2,Substitution@1:005>844,4,MinimalAlternation
<START>|390,017,2,032,2,Substitution@1:017>032,4,MinimalAlternation
<START>|390,017,2,034,2,Substitution@1:017>034,4,MinimalAlternation
<START>|390,017,2,095,2,Substitution@1:017>095,4,MinimalAlternation
<START>|390,017,2,140,2,Substitution@1:017>140,4,MinimalAlternation
<START>|390,017,2,370,2,Substitution@1:017>370,4,MinimalAlternation
<START>|390,017,2,371,2,Substitution@1:017>371,4,MinimalAlternation
<START>|390,017,2,705,2,Substitution@1:017>705,4,MinimalAlternation
<START>|390,017,2,844,2,Substitution@1:017>844,4,MinimalAlternation
<START>|390,032,2,034,2,Substitution@1:032>034,4,MinimalAlternation
<START>|390,032,2,095,2,Substitution@1:032>095,4,MinimalAlternation
<START>|390,032,2,140,2,Substitution@1:032>140,4,MinimalAlternation
<START>|390,032-590,2,235-590,2,Substitution@1:032>235,4,MinimalAlternation
<START>|390,032,2,370,2,Substitution@1:032>370,4,MinimalAlternation
<START>|390,032,2,371,2,Substitution@1:032>371,4,MinimalAlternation
<START>|390,032,2,705,2,Substitution@1:032>705,4,MinimalAlternation
<START>|390,032,2,844,2,Substitution@1:032>844,4,MinimalAlternation
<START>|390,034,2,095,2,Substitution@1:034>095,4,MinimalAlternation
<START>|390,034,2,140,2,Substitution@1:034>140,4,MinimalAlternation
<START>|390,034,2,370,2,Substitution@1:034>370,4,MinimalAlternation
<START>|390,034,2,371,2,Substitution@1:034>371,4,MinimalAlternation
<START>|390,034,2,705,2,Substitution@1:034>705,4,MinimalAlternation
<START>|390,034,2,844,2,Substitution@1:034>844,4,MinimalAlternation
<START>|390,095,2,140,2,Substitution@1:095>140,4,MinimalAlternation
<START>|390,095,2,370,2,Substitution@1:095>370,4,MinimalAlternation
<START>|390,095,2,371,2,Substitution@1:095>371,4,MinimalAlternation
<START>|390,095,2,705,2,Substitution@1:095>705,4,MinimalAlternation
<START>|390,095,2,844,2,Substitution@1:095>844,4,MinimalAlternation
<START>|390,140,2,370,2,Substitution@1:140>370,4,MinimalAlternation
<START>|390,140,2,371,2,Substitution@1:140>371,4,MinimalAlternation
<START>|390,140,2,705,2,Substitution@1:140>705,4,MinimalAlternation
<START>|390,140,2,844,2,Substitution@1:140>844,4,MinimalAlternation
<START>|390,370,2,371,2,Substitution@1:370>371,4,MinimalAlternation
<START>|390,370,2,705,2,Substitution@1:370>705,4,MinimalAlternation
<START>|390,370,2,844,2,Substitution@1:370>844,4,MinimalAlternation
<START>|390,371,2,705,2,Substitution@1:371>705,4,MinimalAlternation
<START>|390,371,2,844,2,Substitution@1:371>844,4,MinimalAlternation
<START>|390,705,2,844,2,Substitution@1:705>844,4,MinimalAlternation
<START>|390,817-002-005,2,817-002-590,2,Substitution@3:005>590,4,MinimalAlternation
<START>|390,032,2,032-590,2,SuffixAddition:590,4,MinimalAlternation
<START>|520,415-220,18,220,7,PrefixDeletion:415,25,MinimalAlternation
<START>|520,415-220,18,016-220,4,Substitution@1:415>016,22,MinimalAlternation
<START>|520,240,8,220,7,Substitution@1:240>220,15,MinimalAlternation
<START>|520,240,8,233,7,Substitution@1:240>233,15,MinimalAlternation
<START>|520,220,7,233,7,Substitution@1:220>233,14,MinimalAlternation
<START>|520,240,8,235,5,Substitution@1:240>235,13,MinimalAlternation
<START>|520,220,7,235,5,Substitution@1:220>235,12,MinimalAlternation
<START>|520,233,7,235,5,Substitution@1:233>235,12,MinimalAlternation
<START>|520,240,8,031,4,Substitution@1:240>031,12,MinimalAlternation
<START>|520,220,7,016-220,4,PrefixAddition:016,11,MinimalAlternation
<START>|520,220,7,031,4,Substitution@1:220>031,11,MinimalAlternation
<START>|520,233,7,031,4,Substitution@1:233>031,11,MinimalAlternation
<START>|520,240,8,175,3,Substitution@1:240>175,11,MinimalAlternation
<START>|520,220,7,175,3,Substitution@1:220>175,10,MinimalAlternation
<START>|520,231-017-585-095,8,220-017-585-095,2,Substitution@1:231>220,10,MinimalAlternation
<START>|520,233,7,175,3,Substitution@1:233>175,10,MinimalAlternation
<START>|520,240,8,001,2,Substitution@1:240>001,10,MinimalAlternation
<START>|520,240,8,095,2,Substitution@1:240>095,10,MinimalAlternation
<START>|520,240,8,400,2,Substitution@1:240>400,10,MinimalAlternation
<START>|520,240,8,460,2,Substitution@1:240>460,10,MinimalAlternation
<START>|520,220,7,001,2,Substitution@1:220>001,9,MinimalAlternation
<START>|520,220,7,095,2,Substitution@1:220>095,9,MinimalAlternation
<START>|520,220,7,400,2,Substitution@1:220>400,9,MinimalAlternation
<START>|520,220,7,460,2,Substitution@1:220>460,9,MinimalAlternation
<START>|520,233,7,001,2,Substitution@1:233>001,9,MinimalAlternation
<START>|520,233,7,095,2,Substitution@1:233>095,9,MinimalAlternation
<START>|520,233,7,400,2,Substitution@1:233>400,9,MinimalAlternation
<START>|520,233,7,460,2,Substitution@1:233>460,9,MinimalAlternation
<START>|520,235,5,031,4,Substitution@1:235>031,9,MinimalAlternation
<START>|520,705-033,5,033-033,4,Substitution@1:705>033,9,MinimalAlternation
<START>|520,235,5,175,3,Substitution@1:235>175,8,MinimalAlternation
<START>|520,705-033,5,240-705-033,2,PrefixAddition:240,7,MinimalAlternation
<START>|520,031,4,175,3,Substitution@1:031>175,7,MinimalAlternation
<START>|520,235,5,001,2,Substitution@1:235>001,7,MinimalAlternation
<START>|520,235,5,095,2,Substitution@1:235>095,7,MinimalAlternation
<START>|520,235,5,400,2,Substitution@1:235>400,7,MinimalAlternation
<START>|520,235,5,460,2,Substitution@1:235>460,7,MinimalAlternation
<START>|520,705-033,5,706-033,2,Substitution@1:705>706,7,MinimalAlternation
<START>|520,031,4,001,2,Substitution@1:031>001,6,MinimalAlternation
<START>|520,031,4,095,2,Substitution@1:031>095,6,MinimalAlternation
<START>|520,031,4,400,2,Substitution@1:031>400,6,MinimalAlternation
<START>|520,031,4,460,2,Substitution@1:031>460,6,MinimalAlternation
<START>|520,033-033,4,706-033,2,Substitution@1:033>706,6,MinimalAlternation
<START>|520,175,3,001,2,Substitution@1:175>001,5,MinimalAlternation
<START>|520,175,3,095,2,Substitution@1:175>095,5,MinimalAlternation
<START>|520,175,3,400,2,Substitution@1:175>400,5,MinimalAlternation
<START>|520,175,3,460,2,Substitution@1:175>460,5,MinimalAlternation
<START>|520,460,2,495-460,2,PrefixAddition:495,4,MinimalAlternation
<START>|520,352-400,2,400,2,PrefixDeletion:352,4,MinimalAlternation
<START>|520,001,2,095,2,Substitution@1:001>095,4,MinimalAlternation
<START>|520,001,2,400,2,Substitution@1:001>400,4,MinimalAlternation
<START>|520,001,2,460,2,Substitution@1:001>460,4,MinimalAlternation
<START>|520,095,2,400,2,Substitution@1:095>400,4,MinimalAlternation
<START>|520,095,2,460,2,Substitution@1:095>460,4,MinimalAlternation
<START>|520,400,2,460,2,Substitution@1:400>460,4,MinimalAlternation
<START>|741,347,9,851,3,Substitution@1:347>851,12,MinimalAlternation
<START>|741,347,9,861,3,Substitution@1:347>861,12,MinimalAlternation
<START>|741,347,9,066,2,Substitution@1:347>066,11,MinimalAlternation
<START>|741,347,9,345,2,Substitution@1:347>345,11,MinimalAlternation
<START>|741,347,9,361,2,Substitution@1:347>361,11,MinimalAlternation
<START>|741,347,9,575,2,Substitution@1:347>575,11,MinimalAlternation
<START>|741,347,9,590,2,Substitution@1:347>590,11,MinimalAlternation
<START>|741,347,9,617,2,Substitution@1:347>617,11,MinimalAlternation
<START>|741,347,9,630,2,Substitution@1:347>630,11,MinimalAlternation
<START>|741,851,3,861,3,Substitution@1:851>861,6,MinimalAlternation
<START>|741,851,3,066,2,Substitution@1:851>066,5,MinimalAlternation
<START>|741,851,3,345,2,Substitution@1:851>345,5,MinimalAlternation
<START>|741,851,3,361,2,Substitution@1:851>361,5,MinimalAlternation
<START>|741,851,3,575,2,Substitution@1:851>575,5,MinimalAlternation
<START>|741,851,3,590,2,Substitution@1:851>590,5,MinimalAlternation
<START>|741,851,3,617,2,Substitution@1:851>617,5,MinimalAlternation
<START>|741,851,3,630,2,Substitution@1:851>630,5,MinimalAlternation
<START>|741,861,3,066,2,Substitution@1:861>066,5,MinimalAlternation
<START>|741,861,3,345,2,Substitution@1:861>345,5,MinimalAlternation
<START>|741,861,3,361,2,Substitution@1:861>361,5,MinimalAlternation
<START>|741,861,3,575,2,Substitution@1:861>575,5,MinimalAlternation
<START>|741,861,3,590,2,Substitution@1:861>590,5,MinimalAlternation
<START>|741,861,3,617,2,Substitution@1:861>617,5,MinimalAlternation
<START>|741,861,3,630,2,Substitution@1:861>630,5,MinimalAlternation
<START>|741,066,2,345,2,Substitution@1:066>345,4,MinimalAlternation
<START>|741,066,2,361,2,Substitution@1:066>361,4,MinimalAlternation
<START>|741,066,2,575,2,Substitution@1:066>575,4,MinimalAlternation
<START>|741,066,2,590,2,Substitution@1:066>590,4,MinimalAlternation
<START>|741,066,2,617,2,Substitution@1:066>617,4,MinimalAlternation
<START>|741,066,2,630,2,Substitution@1:066>630,4,MinimalAlternation
<START>|741,345,2,361,2,Substitution@1:345>361,4,MinimalAlternation
<START>|741,345,2,575,2,Substitution@1:345>575,4,MinimalAlternation
<START>|741,345,2,590,2,Substitution@1:345>590,4,MinimalAlternation
<START>|741,345,2,617,2,Substitution@1:345>617,4,MinimalAlternation
<START>|741,345,2,630,2,Substitution@1:345>630,4,MinimalAlternation
<START>|741,361,2,575,2,Substitution@1:361>575,4,MinimalAlternation
<START>|741,361,2,590,2,Substitution@1:361>590,4,MinimalAlternation
<START>|741,361,2,617,2,Substitution@1:361>617,4,MinimalAlternation
<START>|741,361,2,630,2,Substitution@1:361>630,4,MinimalAlternation
<START>|741,575,2,590,2,Substitution@1:575>590,4,MinimalAlternation
<START>|741,575,2,617,2,Substitution@1:575>617,4,MinimalAlternation
<START>|741,575,2,630,2,Substitution@1:575>630,4,MinimalAlternation
<START>|741,590,2,617,2,Substitution@1:590>617,4,MinimalAlternation
<START>|741,590,2,630,2,Substitution@1:590>630,4,MinimalAlternation
<START>|741,617,2,630,2,Substitution@1:617>630,4,MinimalAlternation
<START>|741,368-330,2,368-572,2,Substitution@2:330>572,4,MinimalAlternation
