"Sign","Id","Cisi","Site","Region","Type","Complete","Direction","Position","TextLength","PositionClass","PreviousSign","NextSign","ReadingOrderText","SourceText","ArtifactReviewStatus","ReviewQuestion"
"705","117.1","C-35","Chanhu-daro","Lower Indus","TAB:B","?","-","2","3","Medial","167","031","167-705-031","+031-705-167[","Queued","Does the artifact image support a 705/706 allograph or variant-link interpretation?"
"705","4276.1","-","Dholavira","Gujarat/Kutch","SEAL:R","?","R/L","1","3","Initial","","090","705-090-705","]705-090-705+","Queued","Does the artifact image support a 705/706 allograph or variant-link interpretation?"
"705","4276.1","-","Dholavira","Gujarat/Kutch","SEAL:R","?","R/L","3","3","Terminal","090","","705-090-705","]705-090-705+","Queued","Does the artifact image support a 705/706 allograph or variant-link interpretation?"
"705","4210.1","-","Dholavira","Gujarat/Kutch","SEAL:S","?","R/L","3","5","Medial","235","033","803-235-705-033-520","+520-033-705-235-803[","Queued","Does the artifact image support a 705/706 allograph or variant-link interpretation?"
"705","171.1","H-1502","Harappa","Inter-Riverine","MISC","?","-","1","2","Initial","","035","705-035","]035-705+","Queued","Does the artifact image support a 705/706 allograph or variant-link interpretation?"
"705","336.1","-","Harappa","Inter-Riverine","POT:T:g","?","NR","1","1","Initial","","","705","]705+","Queued","Does the artifact image support a 705/706 allograph or variant-link interpretation?"
"705","1502.1","H-531","Harappa","Inter-Riverine","SEAL:S","?","R/L","1","4","Initial","","033","705-033-520-482","]482-520-033-705[","Queued","Does the artifact image support a 705/706 allograph or variant-link interpretation?"
"705","1661.1","H-769","Harappa","Inter-Riverine","TAB:B","?","R/L","4","4","Terminal","233","","803-235-233-705","]705-233-235-803+","Queued","Does the artifact image support a 705/706 allograph or variant-link interpretation?"
"705","1761.1","H-878","Harappa","Inter-Riverine","TAB:B","?","R/L","2","2","Terminal","692","","692-705","]705-692[","Queued","Does the artifact image support a 705/706 allograph or variant-link interpretation?"
"705","412.1","H-2014","Harappa","Inter-Riverine","TAB:B","?","L/R","2","3","Medial","235","033","235-705-033","+033-705-235[","Queued","Does the artifact image support a 705/706 allograph or variant-link interpretation?"
"705","1768.1","H-885","Harappa","Inter-Riverine","TAB:I","?","L/R","1","2","Initial","","400","705-400","]400-705[","Queued","Does the artifact image support a 705/706 allograph or variant-link interpretation?"
"705","734.2","H-2157","Harappa","Inter-Riverine","TAB:I","?","-","1","1","Initial","","","705","+705[","Queued","Does the artifact image support a 705/706 allograph or variant-link interpretation?"
"705","2919.1","H-2584","Harappa","Inter-Riverine","TAG:R","?","R/L","1","6","Initial","","033","705-033-095-520-468-806","]806-468-520-095-033-705[","Queued","Does the artifact image support a 705/706 allograph or variant-link interpretation?"
"705","2107.1","L-183","Lothal","Gujarat/Kutch","TAG","?","-","2","3","Medial","002","717","002-705-717","]717-705-002[","Queued","Does the artifact image support a 705/706 allograph or variant-link interpretation?"
"705","2200.1","M-2003","Mohenjo-daro","Lower Indus","POT:T:s","?","R/L","1","4","Initial","","820","705-820-831-740","]740-831-820-705+","Queued","Does the artifact image support a 705/706 allograph or variant-link interpretation?"
"705","2211.1","-","Mohenjo-daro","Lower Indus","SEAL","?","R/L","1","2","Initial","","140","705-140","+140-705[","Queued","Does the artifact image support a 705/706 allograph or variant-link interpretation?"
"705","2326.1","M-1967","Mohenjo-daro","Lower Indus","SEAL:R","?","R/L","3","5","Medial","002","033","585-002-705-033-520","+520-033-705-002-585[","Queued","Does the artifact image support a 705/706 allograph or variant-link interpretation?"
"705","3633.1","M-1328","Mohenjo-daro","Lower Indus","SEAL:R","?","R/L","2","6","Medial","233","033","233-705-033-807-388-740","+740-388-807-033-705-233[","Queued","Does the artifact image support a 705/706 allograph or variant-link interpretation?"
"705","2245.1","M-1890","Mohenjo-daro","Lower Indus","SEAL:S","?","R/L","3","5","Medial","240","033","235-240-705-033-520","+520-033-705-240-235[","Queued","Does the artifact image support a 705/706 allograph or variant-link interpretation?"
"705","2567.1","M-39","Mohenjo-daro","Lower Indus","SEAL:S","?","R/L","6","6","Terminal","240","","346-204-013-235-240-705","]705-240-235-013-204-346+","Queued","Does the artifact image support a 705/706 allograph or variant-link interpretation?"
"705","3399.1","M-1014","Mohenjo-daro","Lower Indus","SEAL:S","?","R/L","2","5","Medial","717","297","717-705-297-391-842","+842-391-297-705-717[","Queued","Does the artifact image support a 705/706 allograph or variant-link interpretation?"
"705","3441.1","M-1067","Mohenjo-daro","Lower Indus","SEAL:S","?","R/L","1","2","Initial","","140","705-140","+140-705[","Queued","Does the artifact image support a 705/706 allograph or variant-link interpretation?"
"705","3442.1","M-1068","Mohenjo-daro","Lower Indus","SEAL:S","?","R/L","2","4","Medial","240","033","240-705-033-520","+520-033-705-240[","Queued","Does the artifact image support a 705/706 allograph or variant-link interpretation?"
"705","53.1","Ch-1","Chandigarh","Eastern Headwaters","POT:T:g","N","-","1","4","Initial","","550","705-550-740-220","+220-000-740-550-705+","Queued","Does the artifact image support a 705/706 allograph or variant-link interpretation?"
"705","63.1","C-64","Chanhu-daro","Lower Indus","SEAL:S","N","R/L","2","5","Medial","240","033","240-705-033-838-220","]000-220-838-033-705-240+","Queued","Does the artifact image support a 705/706 allograph or variant-link interpretation?"
"705","95.1","C-7","Chanhu-daro","Lower Indus","SEAL:S","N","R/L","4","6","Medial","240","033","002-798-240-705-033-520","+520-033-705-240-798-002-000[","Queued","Does the artifact image support a 705/706 allograph or variant-link interpretation?"
"705","4249.1","-","Dholavira","Gujarat/Kutch","SEAL:S","N","R/L","1","1","Initial","","","705","+705-000-000+","Queued","Does the artifact image support a 705/706 allograph or variant-link interpretation?"
"705","4312.1","-","Dholavira","Gujarat/Kutch","TAG","N","R/L","2","3","Medial","906","229","906-705-229","]000-229-705-906+","Queued","Does the artifact image support a 705/706 allograph or variant-link interpretation?"
"705","4330.1","-","Dholavira","Gujarat/Kutch","TAG","N","R/L","3","3","Terminal","906","","550-906-705","]000-705-906-550+","Queued","Does the artifact image support a 705/706 allograph or variant-link interpretation?"
"705","4345.1","-","Dholavira","Gujarat/Kutch","TAG","N","R/L","3","3","Terminal","002","","861-002-705","+000-705-002-861+","Queued","Does the artifact image support a 705/706 allograph or variant-link interpretation?"
"705","5584.1","-","Dholavira","Gujarat/Kutch","TAG","N","-","1","1","Initial","","","705","]705-000[","Queued","Does the artifact image support a 705/706 allograph or variant-link interpretation?"
"705","1177.1","H-136","Harappa","Inter-Riverine","SEAL:R","N","R/L","2","5","Medial","235","033","235-705-033-585-405","+405-585-033-705-235-000[","Queued","Does the artifact image support a 705/706 allograph or variant-link interpretation?"
"705","1554.1","H-639","Harappa","Inter-Riverine","SEAL:R","N","R/L","8","9","Medial","832","407","747-717-002-235-845-904-832-705-407","+407-000-000-705-832-904-845-235-002-717-747+","Queued","Does the artifact image support a 705/706 allograph or variant-link interpretation?"
"705","1556.1","H-641","Harappa","Inter-Riverine","SEAL:R","N","R/L","1","6","Initial","","503","705-503-100-740-061-405","+405-061-740-100-503-705-000[","Queued","Does the artifact image support a 705/706 allograph or variant-link interpretation?"
"705","1088.1","H-28","Harappa","Inter-Riverine","SEAL:S","N","R/L","2","3","Medial","634","595","634-705-595","+595-000-705-634+","Queued","Does the artifact image support a 705/706 allograph or variant-link interpretation?"
"705","1398.1","H-383","Harappa","Inter-Riverine","SEAL:S","N","R/L","2","6","Medial","002","033","002-705-033-017-585-740","+740-585-017-033-705-002-000+","Queued","Does the artifact image support a 705/706 allograph or variant-link interpretation?"
"705","1660.1","H-768","Harappa","Inter-Riverine","TAB:B","N","R/L","3","6","Medial","233","033","235-233-705-033-740-400","+400-740-033-705-233-235-000+","Queued","Does the artifact image support a 705/706 allograph or variant-link interpretation?"
"705","3968.1","H-1120","Harappa","Inter-Riverine","TAB:B","N","R/L","1","2","Initial","","740","705-740","+740-000-000-705+","Queued","Does the artifact image support a 705/706 allograph or variant-link interpretation?"
"705","402.1","H-2015","Harappa","Inter-Riverine","TAB:B","N","L/R","2","3","Medial","235","033","235-705-033","+033-705-235-000+","Queued","Does the artifact image support a 705/706 allograph or variant-link interpretation?"
"705","561.1","H-1815","Harappa","Inter-Riverine","TAB:B","N","L/R","1","4","Initial","","033","705-033-550-525","]525-550-033-705-000+","Queued","Does the artifact image support a 705/706 allograph or variant-link interpretation?"
"705","661.2","H-2007","Harappa","Inter-Riverine","TAB:B","N","-","2","2","Terminal","590","","590-705","+000-705-590+","Queued","Does the artifact image support a 705/706 allograph or variant-link interpretation?"
"705","947.2","H-1805","Harappa","Inter-Riverine","TAB:B","N","-","2","2","Terminal","220","","220-705","]705-220-000[","Queued","Does the artifact image support a 705/706 allograph or variant-link interpretation?"
"705","4078.1","H-1305","Harappa","Inter-Riverine","TAB:I","N","R/L","1","2","Initial","","400","705-400","+400-000-705+","Queued","Does the artifact image support a 705/706 allograph or variant-link interpretation?"
"705","5564.1","-","Juna Khatiya","Gujarat/Kutch","POT:T:g","N","-","1","2","Initial","","032","705-032","+000-032-705[","Queued","Does the artifact image support a 705/706 allograph or variant-link interpretation?"
"705","1944.2","K-89","Kalibangan","Inter-Riverine","TAG:L","N","R/L","2","3","Medial","002","033","002-705-033","+000-033-705-000-002-000+","Queued","Does the artifact image support a 705/706 allograph or variant-link interpretation?"
"705","5243.1","-","Lakhanjo-daro","Lower Indus","TAG","N","R/L","1","2","Initial","","740","705-740","+740-705-000-000+","Queued","Does the artifact image support a 705/706 allograph or variant-link interpretation?"
"705","1989.1","L-10","Lothal","Gujarat/Kutch","SEAL:S","N","R/L","6","8","Medial","233","033","002-491-460-240-233-705-033-520","+520-033-705-233-240-460-491-002-000+","Queued","Does the artifact image support a 705/706 allograph or variant-link interpretation?"
"705","2201.1","M-2004","Mohenjo-daro","Lower Indus","POT:T:s","N","R/L","1","2","Initial","","035","705-035","+000-035-705+","Queued","Does the artifact image support a 705/706 allograph or variant-link interpretation?"
"705","2915.1","M-421","Mohenjo-daro","Lower Indus","POT:T:s","N","-","1","2","Initial","","590","705-590","+000-000-590-705+","Queued","Does the artifact image support a 705/706 allograph or variant-link interpretation?"
"705","5406.1","M-2105","Mohenjo-daro","Lower Indus","ROD","N","-","1","1","Initial","","","705","]000-705-000-+","Queued","Does the artifact image support a 705/706 allograph or variant-link interpretation?"
"705","3655.1","M-1355","Mohenjo-daro","Lower Indus","SEAL:R","N","R/L","2","4","Medial","838","033","838-705-033-727","]000-727-033-705-838+","Queued","Does the artifact image support a 705/706 allograph or variant-link interpretation?"
"705","3663.2","M-1364","Mohenjo-daro","Lower Indus","SEAL:R","N","R/L","1","4","Initial","","033","705-033-923-740","+740-923-033-705-000[","Queued","Does the artifact image support a 705/706 allograph or variant-link interpretation?"
"705","2257.1","M-656","Mohenjo-daro","Lower Indus","SEAL:S","N","R/L","4","5","Medial","803","920","861-002-803-705-920","]000-920-705-803-002-861+","Queued","Does the artifact image support a 705/706 allograph or variant-link interpretation?"
"705","2497.1","M-1679","Mohenjo-daro","Lower Indus","SEAL:S","N","R/L","4","7","Medial","741","585","353-460-741-705-585-176-740","+740-176-585-000-705-741-460-353+","Queued","Does the artifact image support a 705/706 allograph or variant-link interpretation?"
"705","2693.1","M-168","Mohenjo-daro","Lower Indus","SEAL:S","N","R/L","3","5","Medial","060","277","920-060-705-277-031","+031-277-705-000-060-920+","Queued","Does the artifact image support a 705/706 allograph or variant-link interpretation?"
"705","3211.1","M-797","Mohenjo-daro","Lower Indus","SEAL:S","N","R/L","2","2","Terminal","803","","803-705","]000-705-803+","Queued","Does the artifact image support a 705/706 allograph or variant-link interpretation?"
"705","3275.1","M-864","Mohenjo-daro","Lower Indus","SEAL:S","N","R/L","2","2","Terminal","632","","632-705","]000-705-632+","Queued","Does the artifact image support a 705/706 allograph or variant-link interpretation?"
"705","3431.1","M-1057","Mohenjo-daro","Lower Indus","SEAL:S","N","R/L","1","7","Initial","","220","705-220-440-001-350-090-353","+353-090-350-001-440-220-705-000[","Queued","Does the artifact image support a 705/706 allograph or variant-link interpretation?"
"705","3542.1","M-1191","Mohenjo-daro","Lower Indus","SEAL:S","N","R/L","2","6","Medial","455","810","455-705-810-595-257-455","+455-257-000/595-810-705-455+","Queued","Does the artifact image support a 705/706 allograph or variant-link interpretation?"
"705","2416.1","-","Mohenjo-daro","Lower Indus","TAB:B","N","R/L","1","5","Initial","","033","705-033-590-390-740","+740-390-590-033-705-000+","Queued","Does the artifact image support a 705/706 allograph or variant-link interpretation?"
"705","2924.1","M-430","Mohenjo-daro","Lower Indus","TAB:B","N","R/L","1","5","Initial","","033","705-033-590-390-740","+740-390-590-033-705-000+","Queued","Does the artifact image support a 705/706 allograph or variant-link interpretation?"
"705","2927.1","M-433","Mohenjo-daro","Lower Indus","TAB:B","N","R/L","1","5","Initial","","033","705-033-590-390-740","+740-390-590-033-705-000+","Queued","Does the artifact image support a 705/706 allograph or variant-link interpretation?"
"705","3689.2","M-1397","Mohenjo-daro","Lower Indus","TAB:B","N","R/L","2","3","Medial","360","167","360-705-167","+167-705-000-360+","Queued","Does the artifact image support a 705/706 allograph or variant-link interpretation?"
"705","3691.2","M-1400","Mohenjo-daro","Lower Indus","TAB:B","N","R/L","2","2","Terminal","700","","700-705","+705-700-000+","Queued","Does the artifact image support a 705/706 allograph or variant-link interpretation?"
"705","2920.1","M-426","Mohenjo-daro","Lower Indus","TAG:W","N","-","1","2","Initial","","595","705-595","+595-705-000[","Queued","Does the artifact image support a 705/706 allograph or variant-link interpretation?"
"705","2920.2","M-426","Mohenjo-daro","Lower Indus","TAG:W","N","-","1","2","Initial","","595","705-595","+595-705-000[","Queued","Does the artifact image support a 705/706 allograph or variant-link interpretation?"
"705","3867.1","Rgr-2","Rakhigarhi","Eastern Headwaters","SEAL:R","N","R/L","1","5","Initial","","892","705-892-060-554-527","+527-554-000-000-060-892-705+","Queued","Does the artifact image support a 705/706 allograph or variant-link interpretation?"
"705","8.1","Ad-3","Allahdino","Lower Indus","SEAL:S","Y","R/L","2","5","Medial","235","033","235-705-033-904-740","+740-904-033-705-235+","Queued","Does the artifact image support a 705/706 allograph or variant-link interpretation?"
"705","54.1","Ch-2","Chandigarh","Eastern Headwaters","POT:T:g","Y","R/L","1","3","Initial","","050","705-050-740","+740-050-705+","Queued","Does the artifact image support a 705/706 allograph or variant-link interpretation?"
"705","97.1","C-9","Chanhu-daro","Lower Indus","SEAL:S","Y","R/L","2","6","Medial","240","033","240-705-033-803-233-151","+151-233-803-033-705-240+","Queued","Does the artifact image support a 705/706 allograph or variant-link interpretation?"
"705","56.1","C-88","Chanhu-daro","Lower Indus","TAB:B","Y","-","2","3","Medial","167","031","167-705-031","+031-705-167+","Queued","Does the artifact image support a 705/706 allograph or variant-link interpretation?"
"705","4244.1","-","Dholavira","Gujarat/Kutch","MISC","Y","R/L","5","6","Medial","233","033","457-002-235-233-705-033","+033-705-233-235-002-457+","Queued","Does the artifact image support a 705/706 allograph or variant-link interpretation?"
"705","134.1","-","Dholavira","Gujarat/Kutch","SEAL:R","Y","R/L","1","4","Initial","","717","705-717-388-154","+154-388-717-705+","Queued","Does the artifact image support a 705/706 allograph or variant-link interpretation?"
"705","4182.1","-","Dholavira","Gujarat/Kutch","SEAL:S","Y","R/L","3","8","Medial","530","002","904-530-705-002-231-590-390-740","+740-390-590-231-002-705-530-904+","Queued","Does the artifact image support a 705/706 allograph or variant-link interpretation?"
"705","4237.1","-","Dholavira","Gujarat/Kutch","SEAL:S","Y","R/L","1","6","Initial","","390","705-390-002-388-032-151","+151-032-388-002-390-705+","Queued","Does the artifact image support a 705/706 allograph or variant-link interpretation?"
"705","609.1","-","Harappa","Inter-Riverine","POsT:T:g","Y","R/L","1","2","Initial","","034","705-034","+034-705+","Queued","Does the artifact image support a 705/706 allograph or variant-link interpretation?"
"705","1388.1","H-369","Harappa","Inter-Riverine","SEAL:CY","Y","L/R","5","7","Medial","031","033","741-390-741-031-705-033-368","+368-033-705-031-741-390-741+","Queued","Does the artifact image support a 705/706 allograph or variant-link interpretation?"
"705","1171.1","H-130","Harappa","Inter-Riverine","SEAL:R","Y","R/L","8","12","Medial","231","033","717-125-812-595-002-806-231-705-033-845-032-409","+409-032-845-033-705-231-806-002-595-812-125-717+","Queued","Does the artifact image support a 705/706 allograph or variant-link interpretation?"
"705","1178.1","H-137","Harappa","Inter-Riverine","SEAL:R","Y","R/L","4","8","Medial","233","033","817-002-233-705-033-388-443-740","+740-443-388-033-705-233-002-817+","Queued","Does the artifact image support a 705/706 allograph or variant-link interpretation?"
"705","1564.1","H-649","Harappa","Inter-Riverine","SEAL:R","Y","R/L","6","8","Medial","233","033","820-002-806-240-233-705-033-520","+520-033-705-233-240-806-002-820+","Queued","Does the artifact image support a 705/706 allograph or variant-link interpretation?"
"705","1084.1","H-24","Harappa","Inter-Riverine","SEAL:S","Y","R/L","2","6","Medial","233","033","233-705-033-176-626-740","+740-626-176-033-705-233+","Queued","Does the artifact image support a 705/706 allograph or variant-link interpretation?"
"705","1085.1","H-25","Harappa","Inter-Riverine","SEAL:S","Y","R/L","3","8","Medial","235","033","055-235-705-033-806-003-900-740","+740-900-003-806-033-705-235-055+","Queued","Does the artifact image support a 705/706 allograph or variant-link interpretation?"
"705","1169.1","H-103","Harappa","Inter-Riverine","SEAL:S","Y","R/L","6","10","Medial","740","033","806-415-220-717-740-705-033-520-097-159","+159-097/520-033-705/740-717-220-415-806+","Queued","Does the artifact image support a 705/706 allograph or variant-link interpretation?"
"705","1445.1","H-455","Harappa","Inter-Riverine","SEAL:S","Y","R/L","4","6","Medial","002","033","032-172-002-705-033-520","+520-033-705-002-172-032+","Queued","Does the artifact image support a 705/706 allograph or variant-link interpretation?"
"705","1456.1","H-468","Harappa","Inter-Riverine","SEAL:S","Y","R/L","1","6","Initial","","940","705-940-002-003-900-740","+740-900-003-002-940-705+","Queued","Does the artifact image support a 705/706 allograph or variant-link interpretation?"
"705","1209.1","H-175","Harappa","Inter-Riverine","TAB:B","Y","R/L","6","7","Medial","368","167","920-060-741-005-368-705-167","+167-705-368-005-741-060-920+","Queued","Does the artifact image support a 705/706 allograph or variant-link interpretation?"
"705","1237.1","H-206","Harappa","Inter-Riverine","TAB:B","Y","R/L","2","6","Medial","621","204","621-705-204-240-642-740","+740-642-240-204-705-621+","Queued","Does the artifact image support a 705/706 allograph or variant-link interpretation?"
"705","1620.1","H-717","Harappa","Inter-Riverine","TAB:B","Y","R/L","2","2","Terminal","904","","904-705","+705-904+","Queued","Does the artifact image support a 705/706 allograph or variant-link interpretation?"
"705","1666.1","H-774","Harappa","Inter-Riverine","TAB:B","Y","R/L","2","6","Medial","240","033","240-705-033-550-525-400","+400-525-550-033-705-240+","Queued","Does the artifact image support a 705/706 allograph or variant-link interpretation?"
"705","1732.1","H-846","Harappa","Inter-Riverine","TAB:B","Y","R/L","1","5","Initial","","031","705-031-100-740-400","+400-740-100-031-705+","Queued","Does the artifact image support a 705/706 allograph or variant-link interpretation?"
"705","1759.1","H-876","Harappa","Inter-Riverine","TAB:B","Y","R/L","2","3","Medial","380","200","380-705-200","+200-705-380+","Queued","Does the artifact image support a 705/706 allograph or variant-link interpretation?"
"705","270.1","H-1156","Harappa","Inter-Riverine","TAB:B","Y","-","2","3","Medial","380","200","380-705-200","+200-705-380+","Queued","Does the artifact image support a 705/706 allograph or variant-link interpretation?"
"705","377.2","H-1878","Harappa","Inter-Riverine","TAB:B","Y","R/L","1","2","Initial","","167","705-167","+167-705+","Queued","Does the artifact image support a 705/706 allograph or variant-link interpretation?"
"705","395.2","H-1994","Harappa","Inter-Riverine","TAB:B","Y","-","2","3","Medial","380","200","380-705-200","+200-705-380+","Queued","Does the artifact image support a 705/706 allograph or variant-link interpretation?"
"705","402.2","H-2015","Harappa","Inter-Riverine","TAB:B","Y","L/R","5","7","Medial","235","033","817-002-832-235-705-033-520","+520-033-705-235-832-002-817+","Queued","Does the artifact image support a 705/706 allograph or variant-link interpretation?"
"705","512.2","H-1816","Harappa","Inter-Riverine","TAB:B","Y","R/L","2","6","Medial","240","033","240-705-033-550-525-400","+400-525-550-033-705-240+","Queued","Does the artifact image support a 705/706 allograph or variant-link interpretation?"
"705","581.1","H-1990","Harappa","Inter-Riverine","TAB:B","Y","R/L","3","5","Medial","924","740","156-924-705-740-851","+851-740-705-924-156+","Queued","Does the artifact image support a 705/706 allograph or variant-link interpretation?"
"705","593.2","H-1839","Harappa","Inter-Riverine","TAB:B","Y","R/L","1","5","Initial","","630","705-630-175-100-740","+740-100-175-630-705+","Queued","Does the artifact image support a 705/706 allograph or variant-link interpretation?"
"705","635.1","H-1814","Harappa","Inter-Riverine","TAB:B","Y","R/L","2","6","Medial","240","033","240-705-033-550-525-400","+400-525-550-033-705-240+","Queued","Does the artifact image support a 705/706 allograph or variant-link interpretation?"
"705","653.1","H-1813","Harappa","Inter-Riverine","TAB:B","Y","R/L","2","6","Medial","220","033","220-705-033-550-525-400","+400-525-550-033-705-220+","Queued","Does the artifact image support a 705/706 allograph or variant-link interpretation?"
"705","687.1","H-1989","Harappa","Inter-Riverine","TAB:B","Y","R/L","3","5","Medial","924","740","156-924-705-740-851","+851-740-705-924-156+","Queued","Does the artifact image support a 705/706 allograph or variant-link interpretation?"
"705","689.1","H-1988","Harappa","Inter-Riverine","TAB:B","Y","R/L","3","5","Medial","924","740","156-924-705-740-851","+851-740-705-924-156+","Queued","Does the artifact image support a 705/706 allograph or variant-link interpretation?"
"705","788.1","H-1840","Harappa","Inter-Riverine","TAB:B","Y","R/L","3","6","Medial","060","255","550-060-705-255-740-090","+090-740-255-705-060-550+","Queued","Does the artifact image support a 705/706 allograph or variant-link interpretation?"
"705","867.1","H-1812","Harappa","Inter-Riverine","TAB:B","Y","R/L","2","6","Medial","240","033","240-705-033-550-525-400","+400-525-550-033-705-240+","Queued","Does the artifact image support a 705/706 allograph or variant-link interpretation?"
"705","916.1","H-1811","Harappa","Inter-Riverine","TAB:B","Y","R/L","2","6","Medial","240","033","240-705-033-550-525-400","+400-525-550-033-705-240+","Queued","Does the artifact image support a 705/706 allograph or variant-link interpretation?"
"705","923.2","H-1945","Harappa","Inter-Riverine","TAB:B","Y","R/L","1","5","Initial","","717","705-717-388-740-400","+400-740-388-717-705+","Queued","Does the artifact image support a 705/706 allograph or variant-link interpretation?"
"705","1778.1","H-896","Harappa","Inter-Riverine","TAB:I","Y","R/L","2","3","Medial","590","868","590-705-868","+868-705-590+","Queued","Does the artifact image support a 705/706 allograph or variant-link interpretation?"
"705","1781.1","H-899","Harappa","Inter-Riverine","TAB:I","Y","R/L","2","3","Medial","590","868","590-705-868","+868-705-590+","Queued","Does the artifact image support a 705/706 allograph or variant-link interpretation?"
"705","234.1","-","Harappa","Inter-Riverine","TAB:I","Y","L/R","2","3","Medial","590","868","590-705-868","+868-705-590+","Queued","Does the artifact image support a 705/706 allograph or variant-link interpretation?"
"705","250.2","H-1166","Harappa","Inter-Riverine","TAB:I","Y","R/L","1","2","Initial","","167","705-167","+167-705+","Queued","Does the artifact image support a 705/706 allograph or variant-link interpretation?"
"705","389.1","H-2049","Harappa","Inter-Riverine","TAB:I","Y","R/L","1","2","Initial","","167","705-167","+167-705+","Queued","Does the artifact image support a 705/706 allograph or variant-link interpretation?"
"705","532.1","H-2069","Harappa","Inter-Riverine","TAB:I","Y","R/L","2","3","Medial","590","868","590-705-868","+868-705-590+","Queued","Does the artifact image support a 705/706 allograph or variant-link interpretation?"
"705","596.2","H-2139","Harappa","Inter-Riverine","TAB:I","Y","R/L","2","5","Medial","235","033","235-705-033-176-740","+740-176-033-705-235+","Queued","Does the artifact image support a 705/706 allograph or variant-link interpretation?"
"705","647.2","H-2062","Harappa","Inter-Riverine","TAB:I","Y","R/L","2","3","Medial","590","868","590-705-868","+868-705-590+","Queued","Does the artifact image support a 705/706 allograph or variant-link interpretation?"
"705","2039.1","L-85","Lothal","Gujarat/Kutch","SEAL:R","Y","-","1","2","Initial","","285","705-285","+285-705+","Queued","Does the artifact image support a 705/706 allograph or variant-link interpretation?"
"705","2064.1","L-115","Lothal","Gujarat/Kutch","SEAL:R","Y","R/L","3","4","Medial","056","575","031-056-705-575","+575-705-056-031+","Queued","Does the artifact image support a 705/706 allograph or variant-link interpretation?"
"705","1990.1","L-11","Lothal","Gujarat/Kutch","SEAL:S","Y","R/L","6","7","Medial","435","590","817-002-778-255-435-705-590","+590-705-435-255-778-002-817+","Queued","Does the artifact image support a 705/706 allograph or variant-link interpretation?"
"705","2072.1","L-129","Lothal","Gujarat/Kutch","TAG","Y","R/L","1","8","Initial","","500","705-500-741-001-055-220-740-090","+090-740-220-055-001-741-500-705+","Queued","Does the artifact image support a 705/706 allograph or variant-link interpretation?"
"705","2112.1","L-190","Lothal","Gujarat/Kutch","TAG","Y","R/L","1","8","Initial","","500","705-500-741-001-055-220-740-090","+090-740-220-055-001-741-500-705+","Queued","Does the artifact image support a 705/706 allograph or variant-link interpretation?"
"705","2113.1","L-191","Lothal","Gujarat/Kutch","TAG","Y","R/L","1","8","Initial","","500","705-500-741-001-055-220-740-090","+090-740-220-055-001-741-500-705+","Queued","Does the artifact image support a 705/706 allograph or variant-link interpretation?"
"705","2115.1","L-193","Lothal","Gujarat/Kutch","TAG","Y","R/L","1","8","Initial","","500","705-500-741-001-055-220-740-090","+090-740-220-055-001-741-500-705+","Queued","Does the artifact image support a 705/706 allograph or variant-link interpretation?"
"705","2117.1","L-197","Lothal","Gujarat/Kutch","TAG","Y","R/L","1","8","Initial","","500","705-500-741-001-055-220-740-090","+090-740-220-055-001-741-500-705+","Queued","Does the artifact image support a 705/706 allograph or variant-link interpretation?"
"705","2068.1","L-124","Lothal","Gujarat/Kutch","TAG:L","Y","R/L","1","8","Initial","","500","705-500-741-001-055-220-740-090","+090-740-220-055-001-741-500-705+","Queued","Does the artifact image support a 705/706 allograph or variant-link interpretation?"
"705","2069.1","L-125","Lothal","Gujarat/Kutch","TAG:L","Y","R/L","1","8","Initial","","500","705-500-741-001-055-220-740-090","+090-740-220-055-001-741-500-705+","Queued","Does the artifact image support a 705/706 allograph or variant-link interpretation?"
"705","2070.1","L-126","Lothal","Gujarat/Kutch","TAG:L","Y","R/L","1","8","Initial","","500","705-500-741-001-055-220-740-090","+090-740-220-055-001-741-500-705+","Queued","Does the artifact image support a 705/706 allograph or variant-link interpretation?"
"705","2071.1","L-128","Lothal","Gujarat/Kutch","TAG:L","Y","R/L","1","8","Initial","","500","705-500-741-001-055-220-740-090","+090-740-220-055-001-741-500-705+","Queued","Does the artifact image support a 705/706 allograph or variant-link interpretation?"
"705","5388.1","L-127","Lothal","Gujarat/Kutch","TAG:L","Y","R/L","1","8","Initial","","500","705-500-741-001-055-220-740-090","+090-740-220-055-001-741-500-705+","Queued","Does the artifact image support a 705/706 allograph or variant-link interpretation?"
"705","2088.1","L-146","Lothal","Gujarat/Kutch","TAG:O","Y","R/L","1","3","Initial","","033","705-033-520","+520-033-705+","Queued","Does the artifact image support a 705/706 allograph or variant-link interpretation?"
"705","2125.1","L-206","Lothal","Gujarat/Kutch","TAG:W","Y","R/L","1","8","Initial","","500","705-500-741-001-055-220-740-090","+090-740-220-055-001-741-500-705+","Queued","Does the artifact image support a 705/706 allograph or variant-link interpretation?"
"705","3823.1","M-1629","Mohenjo-daro","Lower Indus","BNGL","Y","R/L","5","5","Terminal","032","","175-090-595-032-705","+705-032-595-090-175+","Queued","Does the artifact image support a 705/706 allograph or variant-link interpretation?"
"705","4032.1","M-2080","Mohenjo-daro","Lower Indus","BNGL","Y","R/L","1","2","Initial","","840","705-840","+840-705+","Queued","Does the artifact image support a 705/706 allograph or variant-link interpretation?"
"705","4047.1","M-2128","Mohenjo-daro","Lower Indus","IMPL","Y","R/L","3","4","Medial","002","041","905-002-705-041","+041-705-002-905+","Queued","Does the artifact image support a 705/706 allograph or variant-link interpretation?"
"705","3673.1","M-1375","Mohenjo-daro","Lower Indus","POT:T:s","Y","R/L","1","4","Initial","","033","705-033-032-790","+790-032-033-705+","Queued","Does the artifact image support a 705/706 allograph or variant-link interpretation?"
"705","3658.1","M-1359","Mohenjo-daro","Lower Indus","SEAL","Y","R/L","1","3","Initial","","033","705-033-520","+520-033-705+","Queued","Does the artifact image support a 705/706 allograph or variant-link interpretation?"
"705","2422.1","M-1954","Mohenjo-daro","Lower Indus","SEAL:R","Y","R/L","6","12","Medial","220","033","861-002-798-415-220-705-033-752-031-590-407-740","+740-407-590-031-752-033-705-220-415-798-002-861+","Queued","Does the artifact image support a 705/706 allograph or variant-link interpretation?"
"705","2445.1","M-1978","Mohenjo-daro","Lower Indus","SEAL:R","Y","R/L","2","5","Medial","236","033","236-705-033-061-405","+405-061-033-705-236+","Queued","Does the artifact image support a 705/706 allograph or variant-link interpretation?"
"705","2851.1","M-355","Mohenjo-daro","Lower Indus","SEAL:R","Y","R/L","9","13","Medial","231","033","140-919-520-360-861-002-235-231-705-033-032-877-740","+740-877-032-033-705-231-235-002-861-360-520-919-140+","Queued","Does the artifact image support a 705/706 allograph or variant-link interpretation?"
"705","2855.1","M-359","Mohenjo-daro","Lower Indus","SEAL:R","Y","R/L","2","11","Medial","632","385","632-705-385-388-002-803-235-220-590-405-740","+740-405-590-220-235-803-002-388-385-705-632+","Queued","Does the artifact image support a 705/706 allograph or variant-link interpretation?"
"705","2861.1","M-365","Mohenjo-daro","Lower Indus","SEAL:R","Y","R/L","5","8","Medial","220","033","550-060-415-220-705-033-550-527","+527-550-033-705-220-415-060-550+","Queued","Does the artifact image support a 705/706 allograph or variant-link interpretation?"
"705","3604.1","M-1299","Mohenjo-daro","Lower Indus","SEAL:R","Y","R/L","4","7","Medial","233","033","817-002-233-705-033-550-527","+527-550-033-705-233-002-817+","Queued","Does the artifact image support a 705/706 allograph or variant-link interpretation?"
"705","2178.1","M-1696","Mohenjo-daro","Lower Indus","SEAL:S","Y","R/L","5","7","Medial","220","033","861-002-415-220-705-033-520","+520-033-705-220-415-002-861+","Queued","Does the artifact image support a 705/706 allograph or variant-link interpretation?"
"705","2255.1","M-1765","Mohenjo-daro","Lower Indus","SEAL:S","Y","R/L","4","9","Medial","002","632","033-093-002-705-632-140-480-031-215","+215-031-480-140-632-705-002-093-033+","Queued","Does the artifact image support a 705/706 allograph or variant-link interpretation?"
"705","2270.1","M-1668","Mohenjo-daro","Lower Indus","SEAL:S","Y","R/L","2","8","Medial","125","320","125-705-320-002-803-233-773-740","+740-773-233-803-002-320-705-125+","Queued","Does the artifact image support a 705/706 allograph or variant-link interpretation?"
"705","2297.1","M-1772","Mohenjo-daro","Lower Indus","SEAL:S","Y","R/L","1","9","Initial","","255","705-255-435-798-002-061-142-400-740","+740-400-142-061-002-798-435-255-705+","Queued","Does the artifact image support a 705/706 allograph or variant-link interpretation?"
"705","2385.1","M-1715","Mohenjo-daro","Lower Indus","SEAL:S","Y","R/L","3","6","Medial","060","033","692-060-705-033-923-740","+740-923-033-705-060-692+","Queued","Does the artifact image support a 705/706 allograph or variant-link interpretation?"
"705","2473.1","M-1665","Mohenjo-daro","Lower Indus","SEAL:S","Y","R/L","7","9","Medial","233","033","032-125-610-002-240-233-705-033-520","+520-033-705-233-240-002-610-125-032+","Queued","Does the artifact image support a 705/706 allograph or variant-link interpretation?"
"705","2478.1","M-1906","Mohenjo-daro","Lower Indus","SEAL:S","Y","R/L","5","7","Medial","233","033","820-060-235-233-705-033-520","+520-033-705-233-235-060-820+","Queued","Does the artifact image support a 705/706 allograph or variant-link interpretation?"
"705","2486.1","M-1723","Mohenjo-daro","Lower Indus","SEAL:S","Y","R/L","2","6","Medial","798","033","798-705-033-840-032-740","+740-032-840-033-705-798+","Queued","Does the artifact image support a 705/706 allograph or variant-link interpretation?"
"705","2533.1","M-4","Mohenjo-daro","Lower Indus","SEAL:S","Y","R/L","6","9","Medial","231","033","033-617-564-002-231-705-033-465-298","+298-465-033-705-231-002-564-617-033+","Queued","Does the artifact image support a 705/706 allograph or variant-link interpretation?"
"705","2572.1","M-44","Mohenjo-daro","Lower Indus","SEAL:S","Y","R/L","5","8","Medial","803","033","317-920-002-803-705-033-760-740","+740-760-033-705-803-002-920-317+","Queued","Does the artifact image support a 705/706 allograph or variant-link interpretation?"
"705","2578.1","M-50","Mohenjo-daro","Lower Indus","SEAL:S","Y","R/L","5","9","Medial","240","033","820-002-798-240-705-033-017-585-740","+740-585-017-033-705-240-798-002-820+","Queued","Does the artifact image support a 705/706 allograph or variant-link interpretation?"
"705","2582.1","M-54","Mohenjo-daro","Lower Indus","SEAL:S","Y","R/L","4","7","Medial","798","033","820-002-798-705-033-240-236","+236-240-033-705-798-002-820+","Queued","Does the artifact image support a 705/706 allograph or variant-link interpretation?"
"705","2600.1","M-72","Mohenjo-daro","Lower Indus","SEAL:S","Y","R/L","5","7","Medial","140","255","861-002-003-140-705-255-740","+740-255-705-140-003-002-861+","Queued","Does the artifact image support a 705/706 allograph or variant-link interpretation?"
"705","2613.1","M-86","Mohenjo-daro","Lower Indus","SEAL:S","Y","R/L","5","7","Medial","231","033","700-820-002-231-705-033-520","+520-033-705-231-002-820-700+","Queued","Does the artifact image support a 705/706 allograph or variant-link interpretation?"
"705","2627.1","M-100","Mohenjo-daro","Lower Indus","SEAL:S","Y","R/L","3","6","Medial","002","255","861-002-705-255-740-090","+090-740-255-705-002-861+","Queued","Does the artifact image support a 705/706 allograph or variant-link interpretation?"
"705","2644.1","M-117","Mohenjo-daro","Lower Indus","SEAL:S","Y","R/L","6","8","Medial","220","033","820-002-055-803-220-705-033-520","+520-033-705-220-803-055-002-820+","Queued","Does the artifact image support a 705/706 allograph or variant-link interpretation?"
"705","2645.1","M-118","Mohenjo-daro","Lower Indus","SEAL:S","Y","R/L","5","8","Medial","233","033","861-002-803-233-705-033-772-740","+740-772-033-705-233-803-002-861+","Queued","Does the artifact image support a 705/706 allograph or variant-link interpretation?"
"705","2649.1","M-122","Mohenjo-daro","Lower Indus","SEAL:S","Y","R/L","1","3","Initial","","033","705-033-520","+520-033-705+","Queued","Does the artifact image support a 705/706 allograph or variant-link interpretation?"
"705","2655.1","M-128","Mohenjo-daro","Lower Indus","SEAL:S","Y","R/L","1","6","Initial","","500","705-500-741-803-923-740","+740-923-803-741-500-705+","Queued","Does the artifact image support a 705/706 allograph or variant-link interpretation?"
"705","2662.1","M-135","Mohenjo-daro","Lower Indus","SEAL:S","Y","R/L","2","4","Medial","031","033","031-705-033-520","+520-033-705-031+","Queued","Does the artifact image support a 705/706 allograph or variant-link interpretation?"
"705","2747.1","M-223","Mohenjo-daro","Lower Indus","SEAL:S","Y","L/R","1","2","Initial","","740","705-740","+740-705+","Queued","Does the artifact image support a 705/706 allograph or variant-link interpretation?"
"705","2771.1","M-248","Mohenjo-daro","Lower Indus","SEAL:S","Y","R/L","2","6","Medial","590","002","590-705-002-415-100-740","+740-100-415-002-705-590+","Queued","Does the artifact image support a 705/706 allograph or variant-link interpretation?"
"705","2797.1","M-276","Mohenjo-daro","Lower Indus","SEAL:S","Y","R/L","2","4","Medial","176","033","176-705-033-520","+520-033-705-176+","Queued","Does the artifact image support a 705/706 allograph or variant-link interpretation?"
"705","2807.1","M-286","Mohenjo-daro","Lower Indus","SEAL:S","Y","R/L","1","3","Initial","","255","705-255-740","+740-255-705+","Queued","Does the artifact image support a 705/706 allograph or variant-link interpretation?"
"705","2822.1","M-303","Mohenjo-daro","Lower Indus","SEAL:S","Y","R/L","3","5","Medial","060","033","820-060-705-033-520","+520-033-705-060-820+","Queued","Does the artifact image support a 705/706 allograph or variant-link interpretation?"
"705","3109.1","M-670","Mohenjo-daro","Lower Indus","SEAL:S","Y","R/L","1","6","Initial","","033","705-033-520-001-031-154","+154-031-001-520-033-705+","Queued","Does the artifact image support a 705/706 allograph or variant-link interpretation?"
"705","3139.1","M-714","Mohenjo-daro","Lower Indus","SEAL:S","Y","R/L","7","11","Medial","233","033","603-861-002-803-798-233-705-033-017-585-740","+740-585-017-033-705-233-798-803-002-861-603+","Queued","Does the artifact image support a 705/706 allograph or variant-link interpretation?"
"705","3164.1","M-740","Mohenjo-daro","Lower Indus","SEAL:S","Y","R/L","2","5","Medial","575","742","575-705-742-491-226","+226-491-742-705-575+","Queued","Does the artifact image support a 705/706 allograph or variant-link interpretation?"
"705","3177.1","M-754","Mohenjo-daro","Lower Indus","SEAL:S","Y","R/L","4","6","Medial","742","760","920-060-742-705-760-740","+740-760-705-742-060-920+","Queued","Does the artifact image support a 705/706 allograph or variant-link interpretation?"
"705","3180.1","M-757","Mohenjo-daro","Lower Indus","SEAL:S","Y","R/L","4","6","Medial","233","033","808-235-233-705-033-520","+520-033-705-233-235-808+","Queued","Does the artifact image support a 705/706 allograph or variant-link interpretation?"
"705","3199.1","M-785","Mohenjo-daro","Lower Indus","SEAL:S","Y","R/L","3","5","Medial","002","255","861-002-705-255-740","+740-255-705-002-861+","Queued","Does the artifact image support a 705/706 allograph or variant-link interpretation?"
"705","3227.1","M-814","Mohenjo-daro","Lower Indus","SEAL:S","Y","R/L","4","7","Medial","240","033","803-235-240-705-033-176-740","+740-176-033-705-240-235-803+","Queued","Does the artifact image support a 705/706 allograph or variant-link interpretation?"
"705","3252.1","M-840","Mohenjo-daro","Lower Indus","SEAL:S","Y","R/L","5","8","Medial","233","033","374-920-001-233-705-033-031-046","+046-031-033-705-233-001-920-374+","Queued","Does the artifact image support a 705/706 allograph or variant-link interpretation?"
"705","3271.1","M-860","Mohenjo-daro","Lower Indus","SEAL:S","Y","R/L","2","4","Medial","240","033","240-705-033-520","+520-033-705-240+","Queued","Does the artifact image support a 705/706 allograph or variant-link interpretation?"
"705","3274.1","M-863","Mohenjo-daro","Lower Indus","SEAL:S","Y","R/L","3","5","Medial","741","255","412-741-705-255-740","+740-255-705-741-412+","Queued","Does the artifact image support a 705/706 allograph or variant-link interpretation?"
"705","3278.1","M-868","Mohenjo-daro","Lower Indus","SEAL:S","Y","R/L","5","7","Medial","231","033","817-002-220-231-705-033-520","+520-033-705-231-220-002-817+","Queued","Does the artifact image support a 705/706 allograph or variant-link interpretation?"
"705","3282.1","M-873","Mohenjo-daro","Lower Indus","SEAL:S","Y","R/L","4","6","Medial","231","033","550-060-231-705-033-520","+520-033-705-231-060-550+","Queued","Does the artifact image support a 705/706 allograph or variant-link interpretation?"
"705","3288.1","M-880","Mohenjo-daro","Lower Indus","SEAL:S","Y","R/L","2","6","Medial","319","741","319-705-741-877-861-740","+740-861-877-741-705-319+","Queued","Does the artifact image support a 705/706 allograph or variant-link interpretation?"
"705","3324.1","M-928","Mohenjo-daro","Lower Indus","SEAL:S","Y","R/L","2","3","Medial","031","243","031-705-243","+243-705-031+","Queued","Does the artifact image support a 705/706 allograph or variant-link interpretation?"
"705","3327.1","M-932","Mohenjo-daro","Lower Indus","SEAL:S","Y","R/L","4","5","Medial","171","740","064-360-171-705-740","+740-705-171-360-064+","Queued","Does the artifact image support a 705/706 allograph or variant-link interpretation?"
"705","3351.1","M-956","Mohenjo-daro","Lower Indus","SEAL:S","Y","R/L","2","5","Medial","233","033","233-705-033-520-400","+400-520-033-705-233+","Queued","Does the artifact image support a 705/706 allograph or variant-link interpretation?"
"705","3352.1","M-957","Mohenjo-daro","Lower Indus","SEAL:S","Y","R/L","3","5","Medial","002","760","577-002-705-760-740","+740-760-705-002-577+","Queued","Does the artifact image support a 705/706 allograph or variant-link interpretation?"
"705","3354.1","M-959","Mohenjo-daro","Lower Indus","SEAL:S","Y","R/L","3","5","Medial","236","033","803-236-705-033-520","+520-033-705-236-803+","Queued","Does the artifact image support a 705/706 allograph or variant-link interpretation?"
"705","3378.1","M-985","Mohenjo-daro","Lower Indus","SEAL:S","Y","R/L","4","7","Medial","233","033","803-235-233-705-033-070-520","+520-070-033-705-233-235-803+","Queued","Does the artifact image support a 705/706 allograph or variant-link interpretation?"
"705","3389.1","M-997","Mohenjo-daro","Lower Indus","SEAL:S","Y","R/L","4","5","Medial","575","590","140-920-575-705-590","+590-705-575-920-140+","Queued","Does the artifact image support a 705/706 allograph or variant-link interpretation?"
"705","3516.1","M-1155","Mohenjo-daro","Lower Indus","SEAL:S","Y","R/L","1","6","Initial","","033","705-033-002-335-760-740","+740-760-335-002-033-705+","Queued","Does the artifact image support a 705/706 allograph or variant-link interpretation?"
"705","3529.1","M-1169","Mohenjo-daro","Lower Indus","SEAL:S","Y","R/L","9","11","Medial","220","033","032-633-270-002-072-231-032-220-705-033-520","+520-033-705-220-032/231-072-002-270-633-032+","Queued","Does the artifact image support a 705/706 allograph or variant-link interpretation?"
"705","3561.1","M-1226","Mohenjo-daro","Lower Indus","SEAL:S","Y","R/L","5","7","Medial","235","033","817-002-233-235-705-033-520","+520-033-705-235-233-002-817+","Queued","Does the artifact image support a 705/706 allograph or variant-link interpretation?"
"705","3909.1","M-1698","Mohenjo-daro","Lower Indus","SEAL:S","Y","R/L","4","7","Medial","002","033","803-861-002-705-033-482-740","+740-482-033-705-002-861-803+","Queued","Does the artifact image support a 705/706 allograph or variant-link interpretation?"
"705","3985.1","M-1736","Mohenjo-daro","Lower Indus","SEAL:S","Y","R/L","6","8","Medial","235","033","903-903-741-240-235-705-033-520","+520-033-705-235-240-741-903-903+","Queued","Does the artifact image support a 705/706 allograph or variant-link interpretation?"
"705","3992.1","M-1825","Mohenjo-daro","Lower Indus","SEAL:S","Y","R/L","1","5","Initial","","390","705-390-002-031-157","+157-031-002-390-705+","Queued","Does the artifact image support a 705/706 allograph or variant-link interpretation?"
"705","2367.1","M-2020","Mohenjo-daro","Lower Indus","TAB:B","Y","R/L","1","2","Initial","","167","705-167","+167-705+","Queued","Does the artifact image support a 705/706 allograph or variant-link interpretation?"
"705","2367.2","M-2020","Mohenjo-daro","Lower Indus","TAB:B","Y","R/L","1","2","Initial","","167","705-167","+167-705+","Queued","Does the artifact image support a 705/706 allograph or variant-link interpretation?"
"705","2925.1","M-431","Mohenjo-daro","Lower Indus","TAB:B","Y","R/L","1","5","Initial","","033","705-033-590-390-740","+740-390-590-033-705+","Queued","Does the artifact image support a 705/706 allograph or variant-link interpretation?"
"705","2926.1","M-432","Mohenjo-daro","Lower Indus","TAB:B","Y","R/L","1","5","Initial","","033","705-033-590-390-740","+740-390-590-033-705+","Queued","Does the artifact image support a 705/706 allograph or variant-link interpretation?"
"705","3688.1","M-1396","Mohenjo-daro","Lower Indus","TAB:B","Y","R/L","3","5","Medial","803","033","853-803-705-033-520","+520-033-705-803-853+","Queued","Does the artifact image support a 705/706 allograph or variant-link interpretation?"
"705","3689.1","M-1397","Mohenjo-daro","Lower Indus","TAB:B","Y","R/L","1","2","Initial","","167","705-167","+167-705+","Queued","Does the artifact image support a 705/706 allograph or variant-link interpretation?"
"705","2488.2","-","Mohenjo-daro","Lower Indus","TAB:C","Y","R/L","1","5","Initial","","033","705-033-923-740-001","+001-740-923-033-705+","Queued","Does the artifact image support a 705/706 allograph or variant-link interpretation?"
"705","2523.1","-","Mohenjo-daro","Lower Indus","TAB:C","Y","R/L","4","7","Medial","233","033","806-235-233-705-033-585-407","+407-585-033-705-233-235-806+","Queued","Does the artifact image support a 705/706 allograph or variant-link interpretation?"
"705","3006.1","M-534","Mohenjo-daro","Lower Indus","TAB:C","Y","R/L","2","7","Medial","235","033","235-705-033-845-407-321-407","+407-321-407-845-033-705-235+","Queued","Does the artifact image support a 705/706 allograph or variant-link interpretation?"
"705","3007.1","M-535","Mohenjo-daro","Lower Indus","TAB:C","Y","R/L","2","7","Medial","235","033","235-705-033-845-407-321-407","+407-321-407-845-033-705-235+","Queued","Does the artifact image support a 705/706 allograph or variant-link interpretation?"
"705","3008.1","M-536","Mohenjo-daro","Lower Indus","TAB:C","Y","R/L","2","7","Medial","235","033","235-705-033-845-407-321-407","+407-321-407-845-033-705-235+","Queued","Does the artifact image support a 705/706 allograph or variant-link interpretation?"
"705","3009.1","M-537","Mohenjo-daro","Lower Indus","TAB:C","Y","R/L","2","7","Medial","235","033","235-705-033-845-407-321-407","+407-321-407-845-033-705-235+","Queued","Does the artifact image support a 705/706 allograph or variant-link interpretation?"
"705","3010.1","M-538","Mohenjo-daro","Lower Indus","TAB:C","Y","R/L","2","7","Medial","235","033","235-705-033-845-407-321-407","+407-321-407-845-033-705-235+","Queued","Does the artifact image support a 705/706 allograph or variant-link interpretation?"
"705","3011.1","M-539","Mohenjo-daro","Lower Indus","TAB:C","Y","R/L","2","7","Medial","235","033","235-705-033-845-407-321-407","+407-321-407-845-033-705-235+","Queued","Does the artifact image support a 705/706 allograph or variant-link interpretation?"
"705","3013.1","M-541","Mohenjo-daro","Lower Indus","TAB:C","Y","R/L","2","7","Medial","235","033","235-705-033-845-407-321-407","+407-321-407-845-033-705-235+","Queued","Does the artifact image support a 705/706 allograph or variant-link interpretation?"
"705","3014.1","M-542","Mohenjo-daro","Lower Indus","TAB:C","Y","R/L","2","7","Medial","235","033","235-705-033-845-407-321-407","+407-321-407-845-033-705-235+","Queued","Does the artifact image support a 705/706 allograph or variant-link interpretation?"
"705","3058.1","M-593","Mohenjo-daro","Lower Indus","TAB:C","Y","R/L","2","7","Medial","235","033","235-705-033-845-407-321-407","+407-321-407-845-033-705-235+","Queued","Does the artifact image support a 705/706 allograph or variant-link interpretation?"
"705","3067.2","M-606","Mohenjo-daro","Lower Indus","TAB:C","Y","R/L","3","7","Medial","231","033","798-231-705-033-904-100-740","+740-100-904-033-705-231-798+","Queued","Does the artifact image support a 705/706 allograph or variant-link interpretation?"
"705","3753.1","M-1491","Mohenjo-daro","Lower Indus","TAB:C","Y","R/L","2","7","Medial","235","033","235-705-033-845-407-321-407","+407-321-407-845-033-705-235+","Queued","Does the artifact image support a 705/706 allograph or variant-link interpretation?"
"705","3754.1","M-1492","Mohenjo-daro","Lower Indus","TAB:C","Y","R/L","2","7","Medial","235","033","235-705-033-845-407-321-407","+407-321-407-845-033-705-235+","Queued","Does the artifact image support a 705/706 allograph or variant-link interpretation?"
"705","3755.1","M-1493","Mohenjo-daro","Lower Indus","TAB:C","Y","R/L","2","7","Medial","235","033","235-705-033-845-407-321-407","+407-321-407-845-033-705-235+","Queued","Does the artifact image support a 705/706 allograph or variant-link interpretation?"
"705","3756.1","M-1494","Mohenjo-daro","Lower Indus","TAB:C","Y","R/L","2","7","Medial","235","033","235-705-033-845-407-321-407","+407-321-407-845-033-705-235+","Queued","Does the artifact image support a 705/706 allograph or variant-link interpretation?"
"705","3776.1","M-1523","Mohenjo-daro","Lower Indus","TAB:C","Y","R/L","4","7","Medial","233","033","806-235-233-705-033-585-407","+407-585-033-705-233-235-806+","Queued","Does the artifact image support a 705/706 allograph or variant-link interpretation?"
"705","3777.1","M-1524","Mohenjo-daro","Lower Indus","TAB:C","Y","R/L","4","7","Medial","233","033","806-235-233-705-033-585-407","+407-585-033-705-233-235-806+","Queued","Does the artifact image support a 705/706 allograph or variant-link interpretation?"
"705","3787.1","M-1547","Mohenjo-daro","Lower Indus","TAB:C","Y","R/L","2","7","Medial","235","033","235-705-033-845-407-321-407","+407-321-407-845-033-705-235+","Queued","Does the artifact image support a 705/706 allograph or variant-link interpretation?"
"705","3797.2","M-1568","Mohenjo-daro","Lower Indus","TAB:C","Y","R/L","3","7","Medial","231","033","798-231-705-033-904-100-740","+740-100-904-033-705-231-798+","Queued","Does the artifact image support a 705/706 allograph or variant-link interpretation?"
"705","590.1","Rhd-269","Rahman-deri","Upper Indus","MISC","Y","NR","1","1","Initial","","","705","+705+","Queued","Does the artifact image support a 705/706 allograph or variant-link interpretation?"
"705","3884.1","-","Tell Umma","Mesopotamia","TAG:L","Y","R/L","2","5","Medial","127","002","127-705-002-004-390","+390-004-002-705-127+","Queued","Does the artifact image support a 705/706 allograph or variant-link interpretation?"
"706","4303.1","-","Dholavira","Gujarat/Kutch","TAG","?","R/L","3","3","Terminal","002","","850-002-706","]706-002-850+","Queued","Does the artifact image support a 705/706 allograph or variant-link interpretation?"
"706","1562.1","H-647","Harappa","Inter-Riverine","SEAL:R","?","R/L","2","4","Medial","140","632","140-706-632-368","]368-632-706-140+","Queued","Does the artifact image support a 705/706 allograph or variant-link interpretation?"
"706","1589.1","H-682","Harappa","Inter-Riverine","SEAL:R","?","R/L","5","5","Terminal","590","","625-317-892-590-706","]706-590-892-317-625+","Queued","Does the artifact image support a 705/706 allograph or variant-link interpretation?"
"706","804.1","H-2064","Harappa","Inter-Riverine","TAB:I","?","R/L","1","2","Initial","","868","706-868","+868-706[","Queued","Does the artifact image support a 705/706 allograph or variant-link interpretation?"
"706","872.2","H-2067","Harappa","Inter-Riverine","TAB:I","?","R/L","2","2","Terminal","590","","590-706","]706-590+","Queued","Does the artifact image support a 705/706 allograph or variant-link interpretation?"
"706","591.1","M-1659","Mohenjo-daro","Lower Indus","BNGL","?","R/L","1","2","Initial","","140","706-140","+140-706[","Queued","Does the artifact image support a 705/706 allograph or variant-link interpretation?"
"706","3073.1","M-621","Mohenjo-daro","Lower Indus","SEAL:S","?","R/L","5","6","Medial","233","033","820-001-220-233-706-033","]033-706-233-220-001-820+","Queued","Does the artifact image support a 705/706 allograph or variant-link interpretation?"
"706","3170.1","M-747","Mohenjo-daro","Lower Indus","SEAL:S","?","-","2","4","Medial","928","798","928-706-798-622","+622/798-706-928[","Queued","Does the artifact image support a 705/706 allograph or variant-link interpretation?"
"706","3477.1","M-1106","Mohenjo-daro","Lower Indus","SEAL:S","?","-","1","3","Initial","","593","706-593-717","]717-593-706+","Queued","Does the artifact image support a 705/706 allograph or variant-link interpretation?"
"706","5559.1","-","Rakhigarhi","Eastern Headwaters","Unknown","?","-","2","2","Terminal","220","","220-706","]706-220+","Queued","Does the artifact image support a 705/706 allograph or variant-link interpretation?"
"706","119.1","C-38","Chanhu-daro","Lower Indus","MISC","N","T/B","1","3","Initial","","063","706-063-220","+220-063-706-000+","Queued","Does the artifact image support a 705/706 allograph or variant-link interpretation?"
"706","1172.1","H-131","Harappa","Inter-Riverine","SEAL:R","N","R/L","6","12","Medial","055","033","794-575-595-002-055-706-033-240-233-840-032-740","+740-032-840-233-240-033-706-055-002-595-575-794-000+","Queued","Does the artifact image support a 705/706 allograph or variant-link interpretation?"
"706","1090.1","H-30","Harappa","Inter-Riverine","SEAL:S","N","R/L","1","4","Initial","","033","706-033-760-740","+740-760-033-706-000-000[","Queued","Does the artifact image support a 705/706 allograph or variant-link interpretation?"
"706","1420.1","H-417","Harappa","Inter-Riverine","SEAL:S","N","R/L","2","4","Medial","002","255","002-706-255-740","+740-255-706-002-000[","Queued","Does the artifact image support a 705/706 allograph or variant-link interpretation?"
"706","5246.1","-","Lakhanjo-daro","Lower Indus","TAG","N","R/L","2","3","Medial","365","740","365-706-740","+740-706-365-000[","Queued","Does the artifact image support a 705/706 allograph or variant-link interpretation?"
"706","5247.1","-","Lakhanjo-daro","Lower Indus","TAG","N","R/L","2","3","Medial","365","740","365-706-740","+740-706-365-000[","Queued","Does the artifact image support a 705/706 allograph or variant-link interpretation?"
"706","2086.1","L-144","Lothal","Gujarat/Kutch","TAG","N","R/L","2","3","Medial","220","320","220-706-320","+320-706-000-220[","Queued","Does the artifact image support a 705/706 allograph or variant-link interpretation?"
"706","2217.1","-","Mohenjo-daro","Lower Indus","SEAL:R","N","R/L","2","3","Medial","806","033","806-706-033","]000-033-706-806[","Queued","Does the artifact image support a 705/706 allograph or variant-link interpretation?"
"706","2360.1","M-1971","Mohenjo-daro","Lower Indus","SEAL:R","N","R/L","4","6","Medial","220","033","798-415-220-706-033-550","+000-550-033-706-220-415-798+","Queued","Does the artifact image support a 705/706 allograph or variant-link interpretation?"
"706","2526.1","M-1662","Mohenjo-daro","Lower Indus","SEAL:S","N","R/L","5","7","Medial","233","033","192-817-002-233-706-033-520","+520-033-706-233-002-817-192-000+","Queued","Does the artifact image support a 705/706 allograph or variant-link interpretation?"
"706","3161.1","M-737","Mohenjo-daro","Lower Indus","SEAL:S","N","R/L","4","4","Terminal","090","","220-740-090-706","+706-000/090-740-220-000[","Queued","Does the artifact image support a 705/706 allograph or variant-link interpretation?"
"706","2961.1","M-477","Mohenjo-daro","Lower Indus","TAB:B","N","R/L","1","2","Initial","","400","706-400","+400-000-706+","Queued","Does the artifact image support a 705/706 allograph or variant-link interpretation?"
"706","138.1","-","Dholavira","Gujarat/Kutch","SEAL:R","Y","R/L","2","4","Medial","233","033","233-706-033-520","+520-033-706-233+","Queued","Does the artifact image support a 705/706 allograph or variant-link interpretation?"
"706","4167.1","-","Dholavira","Gujarat/Kutch","SEAL:R","Y","R/L","1","3","Initial","","033","706-033-520","+520-033-706+","Queued","Does the artifact image support a 705/706 allograph or variant-link interpretation?"
"706","4287.1","-","Dholavira","Gujarat/Kutch","SEAL:S","Y","R/L","4","6","Medial","061","798","550-060-061-706-798-740","+740-798-706-061-060-550+","Queued","Does the artifact image support a 705/706 allograph or variant-link interpretation?"
"706","1152.1","H-97","Harappa","Inter-Riverine","SEAL","Y","-","2","5","Medial","928","798","928-706-798-599-065","+065-599/798-706-928+","Queued","Does the artifact image support a 705/706 allograph or variant-link interpretation?"
"706","1190.1","H-149","Harappa","Inter-Riverine","SEAL:R","Y","R/L","6","9","Medial","794","033","820-002-220-630-794-706-033-061-405","+405-061-033-706-794-630-220-002-820+","Queued","Does the artifact image support a 705/706 allograph or variant-link interpretation?"
"706","1194.1","H-153","Harappa","Inter-Riverine","SEAL:R","Y","R/L","2","3","Medial","140","064","140-706-064","+064-706-140+","Queued","Does the artifact image support a 705/706 allograph or variant-link interpretation?"
"706","1575.1","H-660","Harappa","Inter-Riverine","SEAL:R","Y","R/L","3","6","Medial","240","033","798-240-706-033-095-520","+520-095-033-706-240-798+","Queued","Does the artifact image support a 705/706 allograph or variant-link interpretation?"
"706","3930.1","H-1076","Harappa","Inter-Riverine","SEAL:R","Y","R/L","3","5","Medial","002","611","820-002-706-611-740","+740-611-706-002-820+","Queued","Does the artifact image support a 705/706 allograph or variant-link interpretation?"
"706","1066.1","H-5","Harappa","Inter-Riverine","SEAL:S","Y","R/L","7","8","Medial","193","920","902-140-920-032-384-193-706-920","+920-706-193-384-032-920-140-902+","Queued","Does the artifact image support a 705/706 allograph or variant-link interpretation?"
"706","1069.1","H-8","Harappa","Inter-Riverine","SEAL:S","Y","R/L","4","10","Medial","002","033","921-690-002-706-033-590-405-740-001-354","+354-001-740-405-590-033-706-002-690-921+","Queued","Does the artifact image support a 705/706 allograph or variant-link interpretation?"
"706","1103.1","H-44","Harappa","Inter-Riverine","SEAL:S","Y","R/L","7","9","Medial","235","033","892-031-002-803-798-235-706-033-520","+520-033-706-235-798-803-002-031-892+","Queued","Does the artifact image support a 705/706 allograph or variant-link interpretation?"
"706","1112.1","H-53","Harappa","Inter-Riverine","SEAL:S","Y","R/L","1","3","Initial","","033","706-033-520","+520-033-706+","Queued","Does the artifact image support a 705/706 allograph or variant-link interpretation?"
"706","1293.1","H-268","Harappa","Inter-Riverine","SEAL:S","Y","R/L","6","10","Medial","803","033","920-455-220-002-803-706-033-017-585-740","+740-585-017-033-706-803-002-220-455-920+","Queued","Does the artifact image support a 705/706 allograph or variant-link interpretation?"
"706","1401.1","H-388","Harappa","Inter-Riverine","SEAL:S","Y","R/L","5","7","Medial","231","033","817-002-806-231-706-033-520","+520-033-706-231-806-002-817+","Queued","Does the artifact image support a 705/706 allograph or variant-link interpretation?"
"706","1446.1","H-456","Harappa","Inter-Riverine","SEAL:S","Y","R/L","4","6","Medial","002","033","808-817-002-706-033-520","+520-033-706-002-817-808+","Queued","Does the artifact image support a 705/706 allograph or variant-link interpretation?"
"706","1510.1","H-550","Harappa","Inter-Riverine","SEAL:S","Y","R/L","2","4","Medial","031","033","031-706-033-520","+520-033-706-031+","Queued","Does the artifact image support a 705/706 allograph or variant-link interpretation?"
"706","322.1","H-1027","Harappa","Inter-Riverine","SEAL:S","Y","R/L","4","6","Medial","231","033","803-415-231-706-033-520","+520-033-706-231-415-803+","Queued","Does the artifact image support a 705/706 allograph or variant-link interpretation?"
"706","1211.1","H-177","Harappa","Inter-Riverine","TAB:B","Y","R/L","4","7","Medial","031","151","817-002-031-706-151-033-700","+700-033-151-706-031-002-817+","Queued","Does the artifact image support a 705/706 allograph or variant-link interpretation?"
"706","1227.2","H-196","Harappa","Inter-Riverine","TAB:B","Y","R/L","1","2","Initial","","167","706-167","+167-706+","Queued","Does the artifact image support a 705/706 allograph or variant-link interpretation?"
"706","1010.1","H-2051","Harappa","Inter-Riverine","TAB:I","Y","-","1","2","Initial","","167","706-167","+167-706+","Queued","Does the artifact image support a 705/706 allograph or variant-link interpretation?"
"706","1035.1","H-2052","Harappa","Inter-Riverine","TAB:I","Y","-","1","2","Initial","","167","706-167","+167-706+","Queued","Does the artifact image support a 705/706 allograph or variant-link interpretation?"
"706","1319.1","H-297","Harappa","Inter-Riverine","TAB:I","Y","R/L","1","5","Initial","","630","706-630-336-151-400","+400-151-336-630-706+","Queued","Does the artifact image support a 705/706 allograph or variant-link interpretation?"
"706","1321.1","H-299","Harappa","Inter-Riverine","TAB:I","Y","R/L","2","3","Medial","590","868","590-706-868","+868-706-590+","Queued","Does the artifact image support a 705/706 allograph or variant-link interpretation?"
"706","1779.1","H-1181","Harappa","Inter-Riverine","TAB:I","Y","R/L","2","3","Medial","590","868","590-706-868","+868-706-590+","Queued","Does the artifact image support a 705/706 allograph or variant-link interpretation?"
"706","390.1","H-2063","Harappa","Inter-Riverine","TAB:I","Y","R/L","2","3","Medial","590","868","590-706-868","+868-706-590+","Queued","Does the artifact image support a 705/706 allograph or variant-link interpretation?"
"706","4052.2","H-897","Harappa","Inter-Riverine","TAB:I","Y","R/L","2","3","Medial","590","868","590-706-868","+868-706-590+","Queued","Does the artifact image support a 705/706 allograph or variant-link interpretation?"
"706","671.1","H-2066","Harappa","Inter-Riverine","TAB:I","Y","L/R","2","3","Medial","590","868","590-706-868","+868-706-590+","Queued","Does the artifact image support a 705/706 allograph or variant-link interpretation?"
"706","808.1","H-2050","Harappa","Inter-Riverine","TAB:I","Y","-","2","2","Terminal","167","","167-706","+706-167+","Queued","Does the artifact image support a 705/706 allograph or variant-link interpretation?"
"706","1968.1","Krs-1","Khirsara","Gujarat/Kutch","SEAL:R","Y","R/L","1","10","Initial","","346","706-346-413-060-033-813-306-480-001-215","+215-001-480-306-813-033-060-413-346-706+","Queued","Does the artifact image support a 705/706 allograph or variant-link interpretation?"
"706","5244.1","-","Lakhanjo-daro","Lower Indus","TAG","Y","R/L","1","2","Initial","","740","706-740","+740-706+","Queued","Does the artifact image support a 705/706 allograph or variant-link interpretation?"
"706","5245.1","-","Lakhanjo-daro","Lower Indus","TAG","Y","R/L","1","2","Initial","","740","706-740","+740-706+","Queued","Does the artifact image support a 705/706 allograph or variant-link interpretation?"
"706","3827.1","M-1633","Mohenjo-daro","Lower Indus","BNGL","Y","-","2","3","Medial","500","064","500-706-064","+064-706-500+","Queued","Does the artifact image support a 705/706 allograph or variant-link interpretation?"
"706","2163.1","-","Mohenjo-daro","Lower Indus","SEAL","Y","NR","1","1","Initial","","","706","+706+","Queued","Does the artifact image support a 705/706 allograph or variant-link interpretation?"
"706","2890.1","M-394","Mohenjo-daro","Lower Indus","SEAL:R","Y","R/L","1","5","Initial","","033","706-033-001-752-740","+740-752-001-033-706+","Queued","Does the artifact image support a 705/706 allograph or variant-link interpretation?"
"706","2895.1","M-399","Mohenjo-daro","Lower Indus","SEAL:R","Y","R/L","2","5","Medial","235","033","235-706-033-055-740","+740-055-033-706-235+","Queued","Does the artifact image support a 705/706 allograph or variant-link interpretation?"
"706","3576.1","M-1269","Mohenjo-daro","Lower Indus","SEAL:R","Y","R/L","3","5","Medial","240","033","235-240-706-033-520","+520-033-706-240-235+","Queued","Does the artifact image support a 705/706 allograph or variant-link interpretation?"
"706","3577.1","M-1270","Mohenjo-daro","Lower Indus","SEAL:R","Y","R/L","1","4","Initial","","717","706-717-388-154","+154-388-717-706+","Queued","Does the artifact image support a 705/706 allograph or variant-link interpretation?"
"706","3595.1","M-1290","Mohenjo-daro","Lower Indus","SEAL:R","Y","R/L","1","3","Initial","","820","706-820-595","+595-820-706+","Queued","Does the artifact image support a 705/706 allograph or variant-link interpretation?"
"706","3628.1","M-1323","Mohenjo-daro","Lower Indus","SEAL:R","Y","R/L","2","7","Medial","806","033","806-706-033-590-405-798-740","+740-798-405-590-033-706-806+","Queued","Does the artifact image support a 705/706 allograph or variant-link interpretation?"
"706","4005.1","M-1958","Mohenjo-daro","Lower Indus","SEAL:R","Y","R/L","2","6","Medial","235","033","235-706-033-850-903-740","+740-903-850-033-706-235+","Queued","Does the artifact image support a 705/706 allograph or variant-link interpretation?"
"706","2221.1","M-1892","Mohenjo-daro","Lower Indus","SEAL:S","Y","R/L","7","9","Medial","821","501","391-595-850-480-001-821-706-501-368","+368-501-706/821-001-480-850-595-391+","Queued","Does the artifact image support a 705/706 allograph or variant-link interpretation?"
"706","2359.1","M-1693","Mohenjo-daro","Lower Indus","SEAL:S","Y","R/L","4","7","Medial","235","033","817-002-235-706-033-555-527","+527-555-033-706-235-002-817+","Queued","Does the artifact image support a 705/706 allograph or variant-link interpretation?"
"706","2537.1","M-8","Mohenjo-daro","Lower Indus","SEAL:S","Y","R/L","3","3","Terminal","140","","632-140-706","+706-140-632+","Queued","Does the artifact image support a 705/706 allograph or variant-link interpretation?"
"706","2539.1","M-10","Mohenjo-daro","Lower Indus","SEAL:S","Y","R/L","6","11","Medial","235","033","455-267-002-806-235-706-033-032-070-061-405","+405-061-070-032-033-706-235-806-002-267-455+","Queued","Does the artifact image support a 705/706 allograph or variant-link interpretation?"
"706","2553.1","M-25","Mohenjo-daro","Lower Indus","SEAL:S","Y","R/L","2","4","Medial","595","243","595-706-243-617","+617-243-706-595+","Queued","Does the artifact image support a 705/706 allograph or variant-link interpretation?"
"706","2592.1","M-64","Mohenjo-daro","Lower Indus","SEAL:S","Y","R/L","4","6","Medial","060","033","004-220-060-706-033-520","+520-033-706-060-220-004+","Queued","Does the artifact image support a 705/706 allograph or variant-link interpretation?"
"706","2593.1","M-65","Mohenjo-daro","Lower Indus","SEAL:S","Y","R/L","2","6","Medial","575","001","575-706-001-031-220-520","+520-220-031-001-706-575+","Queued","Does the artifact image support a 705/706 allograph or variant-link interpretation?"
"706","2759.1","M-236","Mohenjo-daro","Lower Indus","SEAL:S","Y","R/L","4","6","Medial","240","033","803-233-240-706-033-520","+520-033-706-240-233-803+","Queued","Does the artifact image support a 705/706 allograph or variant-link interpretation?"
"706","2781.1","M-258","Mohenjo-daro","Lower Indus","SEAL:S","Y","R/L","4","7","Medial","717","892","861-002-717-706-892-575-384","+384-575/892-706-717-002-861+","Queued","Does the artifact image support a 705/706 allograph or variant-link interpretation?"
"706","2832.1","M-314","Mohenjo-daro","Lower Indus","SEAL:S","Y","R/L","8","17","Medial","466","760","820-002-235-240-231-520-466-706-760-740-033-809-308-125-390-817-953","+953-817-390-125-308-809-033/740-760-706-466/520-231-240-235-002-820+","Queued","Does the artifact image support a 705/706 allograph or variant-link interpretation?"
"706","3081.1","M-631","Mohenjo-daro","Lower Indus","SEAL:S","Y","R/L","6","8","Medial","240","033","263-368-032-220-240-706-033-520","+520-033-706-240-220-032-368-263+","Queued","Does the artifact image support a 705/706 allograph or variant-link interpretation?"
"706","3103.1","M-664","Mohenjo-daro","Lower Indus","SEAL:S","Y","R/L","1","5","Initial","","500","706-500-820-062-151","+151-062-820-500-706+","Queued","Does the artifact image support a 705/706 allograph or variant-link interpretation?"
"706","3113.1","M-674","Mohenjo-daro","Lower Indus","SEAL:S","Y","R/L","3","5","Medial","220","033","415-220-706-033-520","+520-033-706-220-415+","Queued","Does the artifact image support a 705/706 allograph or variant-link interpretation?"
"706","3114.1","M-675","Mohenjo-daro","Lower Indus","SEAL:S","Y","R/L","5","9","Medial","233","033","032-168-235-233-706-033-807-388-740","+740-388-807-033-706-233-235-168-032+","Queued","Does the artifact image support a 705/706 allograph or variant-link interpretation?"
"706","3115.1","M-677","Mohenjo-daro","Lower Indus","SEAL:S","Y","R/L","6","11","Medial","231","033","901-861-002-242-231-706-033-032-070-923-740","+740-923-070-032-033-706-231-242-002-861-901+","Queued","Does the artifact image support a 705/706 allograph or variant-link interpretation?"
"706","3176.1","M-753","Mohenjo-daro","Lower Indus","SEAL:S","Y","R/L","2","4","Medial","806","033","806-706-033-520","+520-033-706-806+","Queued","Does the artifact image support a 705/706 allograph or variant-link interpretation?"
"706","3195.1","M-781","Mohenjo-daro","Lower Indus","SEAL:S","Y","R/L","3","5","Medial","002","033","861-002-706-033-520","+520-033-706-002-861+","Queued","Does the artifact image support a 705/706 allograph or variant-link interpretation?"
"706","3210.1","M-796","Mohenjo-daro","Lower Indus","SEAL:S","Y","R/L","1","3","Initial","","140","706-140-368","+368-140-706+","Queued","Does the artifact image support a 705/706 allograph or variant-link interpretation?"
"706","3297.1","M-892","Mohenjo-daro","Lower Indus","SEAL:S","Y","BUS","2","7","Medial","032","742","032-706-742-350-463-798-740","+740-798-463-350-742-706-032+","Queued","Does the artifact image support a 705/706 allograph or variant-link interpretation?"
"706","3453.1","M-1079","Mohenjo-daro","Lower Indus","SEAL:S","Y","R/L","3","6","Medial","233","033","803-233-706-033-760-740","+740-760-033-706-233-803+","Queued","Does the artifact image support a 705/706 allograph or variant-link interpretation?"
"706","3465.1","M-1091","Mohenjo-daro","Lower Indus","SEAL:S","Y","R/L","3","6","Medial","794","590","732-794-706-590-156-241","+241-156-590-706-794-732+","Queued","Does the artifact image support a 705/706 allograph or variant-link interpretation?"
"706","3474.1","M-1103","Mohenjo-daro","Lower Indus","SEAL:S","Y","R/L","2","6","Medial","635","760","635-706-760-595-820-001","+001-820-595-760-706-635+","Queued","Does the artifact image support a 705/706 allograph or variant-link interpretation?"
"706","3553.1","M-1203","Mohenjo-daro","Lower Indus","SEAL:S","Y","NR","1","1","Initial","","","706","+706+","Queued","Does the artifact image support a 705/706 allograph or variant-link interpretation?"
"706","3553.2","M-1203","Mohenjo-daro","Lower Indus","SEAL:S","Y","R/L","2","4","Medial","140","420","140-706-420-595","+595-420-706-140+","Queued","Does the artifact image support a 705/706 allograph or variant-link interpretation?"
"706","2934.1","M-449","Mohenjo-daro","Lower Indus","TAB:B","Y","R/L","1","2","Initial","","167","706-167","+167-706+","Queued","Does the artifact image support a 705/706 allograph or variant-link interpretation?"
"706","2934.2","M-449","Mohenjo-daro","Lower Indus","TAB:B","Y","R/L","1","2","Initial","","167","706-167","+167-706+","Queued","Does the artifact image support a 705/706 allograph or variant-link interpretation?"
"706","2989.1","M-513","Mohenjo-daro","Lower Indus","TAB:C","Y","R/L","2","2","Terminal","005","","005-706","+706-005+","Queued","Does the artifact image support a 705/706 allograph or variant-link interpretation?"
"706","2990.1","M-514","Mohenjo-daro","Lower Indus","TAB:C","Y","R/L","2","2","Terminal","005","","005-706","+706-005+","Queued","Does the artifact image support a 705/706 allograph or variant-link interpretation?"
"706","2991.1","M-515","Mohenjo-daro","Lower Indus","TAB:C","Y","R/L","2","2","Terminal","005","","005-706","+706-005+","Queued","Does the artifact image support a 705/706 allograph or variant-link interpretation?"
"706","3001.1","M-527","Mohenjo-daro","Lower Indus","TAB:C","Y","R/L","1","5","Initial","","033","706-033-923-740-001","+001-740-923-033-706+","Queued","Does the artifact image support a 705/706 allograph or variant-link interpretation?"
"706","3002.1","M-528","Mohenjo-daro","Lower Indus","TAB:C","Y","R/L","1","5","Initial","","033","706-033-923-740-001","+001-740-923-033-706+","Queued","Does the artifact image support a 705/706 allograph or variant-link interpretation?"
"706","3003.1","M-529","Mohenjo-daro","Lower Indus","TAB:C","Y","R/L","1","5","Initial","","033","706-033-923-740-001","+001-740-923-033-706+","Queued","Does the artifact image support a 705/706 allograph or variant-link interpretation?"
"706","3004.1","M-530","Mohenjo-daro","Lower Indus","TAB:C","Y","R/L","1","5","Initial","","033","706-033-923-740-001","+001-740-923-033-706+","Queued","Does the artifact image support a 705/706 allograph or variant-link interpretation?"
"706","3747.1","M-1482","Mohenjo-daro","Lower Indus","TAB:C","Y","R/L","1","4","Initial","","033","706-033-923-740","+740-923-033-706+","Queued","Does the artifact image support a 705/706 allograph or variant-link interpretation?"
"706","3748.1","M-1483","Mohenjo-daro","Lower Indus","TAB:C","Y","R/L","1","4","Initial","","033","706-033-923-740","+740-923-033-706+","Queued","Does the artifact image support a 705/706 allograph or variant-link interpretation?"
"706","3749.1","M-1484","Mohenjo-daro","Lower Indus","TAB:C","Y","R/L","1","4","Initial","","033","706-033-923-740","+740-923-033-706+","Queued","Does the artifact image support a 705/706 allograph or variant-link interpretation?"
"706","3750.1","M-1485","Mohenjo-daro","Lower Indus","TAB:C","Y","R/L","1","4","Initial","","033","706-033-923-740","+740-923-033-706+","Queued","Does the artifact image support a 705/706 allograph or variant-link interpretation?"
"706","3751.1","M-1486","Mohenjo-daro","Lower Indus","TAB:C","Y","R/L","1","4","Initial","","033","706-033-923-740","+740-923-033-706+","Queued","Does the artifact image support a 705/706 allograph or variant-link interpretation?"
"706","3752.1","M-1488","Mohenjo-daro","Lower Indus","TAB:C","Y","R/L","1","4","Initial","","033","706-033-923-740","+740-923-033-706+","Queued","Does the artifact image support a 705/706 allograph or variant-link interpretation?"
"706","4023.1","M-2042","Mohenjo-daro","Lower Indus","TAB:C","Y","R/L","1","4","Initial","","033","706-033-923-740","+740-923-033-706+","Queued","Does the artifact image support a 705/706 allograph or variant-link interpretation?"
